0.537506
-0.40925598
0.5987745
-0.407119
-0.12904954
0.90075034
-0.49894294
0.3591471
-0.1950166
0.8329477
-0.3745309
0.10563057
-0.50222445
0.23910564
-0.29757902
-0.31341127
-0.1870312
-0.025046077
0.6901366
0.5317978
-0.5895309
0.32369664
-0.3590187
0.16379546
0.5978841
-0.14863415
0.7346028
-0.9807552
-0.46804953
0.08890995
0.24495584
0.839998
0.6010337
-0.18466203
0.1739858
-0.6711809
-0.5526534
-0.7006099
0.63445
-0.13863912
-0.32296032
-0.83491915
-0.37013933
0.6234829
-0.4828783
0.07818117
0.71797216
0.47811392
-0.6674802
0.2312703
0.53982395
-0.7380068
-0.7142398
-0.5826661
-0.2323035
-0.10700621
0.6772609
-0.75934446
-0.27677333
-0.8625508
-0.6367266
-0.26028836
0.6489915
0.37203452
0.37522712
0.111906804
-0.6689957
-0.35705274
-0.035842795
0.7069017
-0.13557169
0.08369904
-0.5923923
-0.66839474
0.8988878
1.1091477
0.9093183
-0.79427105
0.9013363
-0.5491708
-1.212008
0.30309662
-0.31255612
0.2468337
0.18685399
0.5217366
0.74602765
0.5404915
-0.1364106
0.8741975
0.45215052
0.379557
0.7135603
-0.82843184
-0.060263384
-0.9083159
0.3769153
0.37553772
0.6752198
-0.984683
-0.5725471
0.10683683
0.526729
1.0287153
-0.51048696
-0.48114344
-0.6470053
0.5151454
-0.039429057
0.06807715
0.6522666
-0.17108689
-0.21118112
-0.5961075
-0.020598821
0.21869303
-0.4721239
0.6388996
0.46348032
-0.31533432
0.033455946
0.07633572
0.062565714
-0.3481004
-0.5510638
-0.20186858
-0.2765715
0.64592844
0.0076343655
0.42560247
0.099269986
-0.59963685
0.36849704
0.2815591
-0.21388598
0.2586452
0.6022825
0.8941262
-0.7268259
0.38881987
0.37797138
0.6263403
-0.25418568
0.010884546
-0.17370789
-0.04129379
0.7811028
-0.12611316
0.4930461
1.1336833
-0.0509342
-0.2705696
-0.20324025
0.25893286
-0.20391047
-0.05481029
0.6719157
0.4203942
-0.75961256
0.2814608
-0.53420436
0.58487284
0.69875604
0.8985821
-0.03531091
0.29648042
-0.85775775
0.46439487
-0.37051344
0.378
0.475547
-0.12902008
-0.34509984
-0.17664582
-0.39642614
0.9290125
-0.5022222
-0.30080965
-0.37800184
0.86102426
-0.272605
0.66890246
-0.50156045
0.5884816
-0.7354879
-0.5562803
-0.40855524
0.4355976
0.29902261
0.6508942
-0.12043748
-0.17231785
0.46350724
1.0308404
-0.77395964
0.35890353
-0.5252247
-0.30461058
1.1204314
-0.5410416
-0.6779632
-0.7614689
-0.8085951
0.35709748
-0.42058152
0.8160187
0.68201864
0.4999661
0.0017006261
0.39056197
-0.39291304
-0.6393544
0.49808678
0.178678
0.83523613
-0.13703467
0.5314529
0.79856926
0.18251297
-0.34953335
-0.8037219
-0.39278916
-0.29084083
0.59490246
-0.244637
0.7680402
0.1446837
-0.09736851
-0.6524833
0.37055892
-0.28217897
-0.39198163
0.034902472
0.15834236
0.5833811
0.3463427
-0.73113847
0.60713804
0.09095433
0.051346816
0.009454122
0.65026164
-0.7460628
1.0698253
-0.09410295
0.11380908
0.92328745
0.13862799
-0.31412235
0.08018155
0.45098653
0.005664656
0.76171863
0.114977516
-1.0006928
0.20533201
0.35787067
0.09926009
0.20268583
0.093014486
-1.0342078
0.19959582
0.45652395
0.9328853
-0.23602253
-0.14201705
0.80895627
-0.20047434
-0.598394
0.2451502
-0.8370355
0.74221915
0.68373305
0.0931836
0.75605845
-0.77518445
-0.4873955
-0.4264751
-0.50029814
-0.683779
0.15739559
0.16973485
0.7633876
0.6269594
0.23893301
0.429266
0.4937266
0.011249198
0.10989318
-0.015442456
0.021103693
-0.965583
0.76678526
-0.18396369
0.3349157
-0.6186892
-0.2515234
-0.34166202
0.5387653
-0.92105085
0.5751984
-0.27746397
0.9023682
-0.20089732
-0.1133269
0.39228857
-0.069278136
-0.36546454
0.5185601
-0.5054783
-0.09191068
-0.482751
0.10221473
-0.020060854
-0.1782656
0.2776944
-0.30303103
0.41785675
-0.62162346
0.19681518
-0.02757498
0.4593728
0.78659457
-0.032445904
0.612161
0.004601748
-0.42101946
-0.049606975
-0.6751122
0.2785582
-0.70952356
-0.4764637
1.1648247
-1.3090562
0.57663804
-0.47757164
0.7778036
-0.56008005
0.7916001
0.481321
-0.31519026
-0.6280437
-0.14924335
0.2020371
0.5995214
-0.3295586
-0.100877605
0.58058065
-0.6193988
-1.0760262
-0.18875438
0.4987278
0.34280977
0.45299873
0.20701131
0.4510306
0.009370513
-0.99012077
-0.09985479
-0.8286059
-0.4877529
0.45451558
-0.7777256
0.2680516
0.55086046
0.73498845
0.59362125
0.34598553
1.1302941
-0.212592
-0.059490394
0.3574473
-0.18373603
-0.94706166
-0.017770011
-0.9740642
0.9160799
-0.46874005
-0.21134311
0.82512707
-0.30025327
0.117766224
-0.4093439
-0.8634087
-0.50918555
0.20710823
0.48598692
0.21690838
-0.7635959
-0.5473062
-0.42541674
0.0763929
-1.0492364
-0.5923818
-0.7794197
0.18696815
1.1094229
0.07141122
0.7481158
-0.77282125
0.87186813
0.22576407
-0.22613962
0.022438152
0.41179377
0.6295263
-0.3862212
-0.22413334
-0.62208897
-0.43996236
-0.457361
-0.16781858
0.039613158
0.07609626
-0.49920666
-0.21688999
0.68318224
-0.5939654
-0.16008681
-0.11034857
0.6478433
0.40429172
0.34898478
-0.20021436
-1.2258189
0.11566163
-0.22772539
-0.30829018
0.06830576
0.13433273
0.31347737
0.6582888
0.34395343
-0.5139105
-0.112697154
6.365382E-4
0.017074404
0.80654997
-0.30953693
1.0046821
-0.17791952
0.30204254
-0.18806987
0.59417295
0.8811406
0.10332726
-0.019693883
0.29727662
0.613437
0.089713246
-0.009403357
0.08689697
-0.6585026
-0.38035163
-0.45960632
0.57430184
-1.5040632
0.46528256
-0.0811083
0.48751512
-0.021741249
0.3053536
-0.13129528
-0.022358932
-0.18085223
-0.35074875
-0.7086127
0.26534623
-0.93484575
0.5249181
0.20016523
-0.10273732
0.78972286
0.5354359
-0.3010728
-0.91229326
0.8035291
-0.30602986
0.49312276
0.0887161
0.6922633
0.3362845
-0.6767837
0.6993656
-0.5451645
-0.32222536
0.601203
-0.45954782
0.4799254
-1.1056645
-0.46811038
-1.0238737
0.75096375
-0.31218246
-0.37215444
0.20291905
0.18403395
-0.56678796
-0.1985163
-0.13158348
-0.53873056
0.8320795
0.24617417
-0.49589977
0.68287927
-0.18629776
-0.78682756
-0.8732655
0.4096365
0.16921829
-0.020864325
-0.37263718
-0.44767317
-0.67794734
-0.20946087
0.17046134
-0.4353724
0.82729787
0.5964841
-0.14198393
-0.22730316
0.029481197
-0.14231054
-0.44894314
-0.6285644
0.21161309
0.32065445
-0.04893469
0.077443704
0.6228659
0.365084
-0.34845468
-0.19676177
-0.34151256
0.061046083
0.4947134
-0.5012467
-0.016206997
0.08480788
0.32165137
-0.76648706
0.109921046
-0.010317362
-0.7311336
0.122479506
0.16943772
-0.21774551
-0.7077277
-0.7379995
-0.21654977
0.44476786
0.4807645
-0.4938192
-0.5222097
0.39756244
0.34504914
-0.25877553
0.9200599
1.117692
0.53352135
-0.1880416
-0.25851548
-0.5099243
0.4649135
-0.7765221
-0.99954665
-0.67580885
0.08433775
0.538914
0.37403056
0.43455324
-0.3962939
-0.011765555
-0.16289152
-0.47164944
0.3808852
0.12226483
0.93395334
-0.37667373
0.5079576
-0.2865389
0.82199746
0.3937252
0.4664632
0.0014470936
-0.95400524
-0.06676294
-0.39299047
0.43507802
0.019027794
0.700728
0.652773
0.941639
-0.04061156
0.10622829
0.041312728
-0.8692646
-0.46893126
-0.29612467
-0.2258988
-0.7057909
0.8432477
0.42121655
-0.3049921
-0.17096274
0.2487915
-0.13521339
-0.6424184
0.10722209
0.060536087
0.18440609
-0.7359129
0.75975174
0.4680071
-0.13133238
0.37004834
0.56642854
0.3491412
-0.27913472
-0.1948175
-0.34739205
-0.32203087
-0.6663577
0.6465016
0.74654907
-0.035131566
0.118050985
0.17282316
-0.21202181
-0.38794127
-0.2946913
-0.26585278
0.6895926
0.39491498
-0.687863
-0.48292696
-0.93908036
0.7694616
-0.30481663
-0.5108379
-0.2892836
-0.055369906
-0.15302953
-0.49896264
-0.5074841
-0.9633946
0.07099619
0.8286524
0.4607497
-0.3869971
-0.14209722
-0.2793569
-0.5802488
-0.3505229
-0.53152317
-0.89388144
-0.1619736
0.7310465
0.4745401
-0.20003279
0.8082119
-0.26552117
-0.39488363
0.16254453
0.8477472
0.34915718
-0.58906287
-0.55714667
-0.93996316
-0.9248514
0.521903
-0.07984453
0.42743438
-0.9881974
-0.503558
-1.0624555
0.4277142
0.5999571
0.34531447
0.48182142
0.5830126
-0.17467341
-0.35008955
-0.13343497
0.6798209
0.29143748
0.028032355
0.22896023
0.52208334
0.8192613
-0.14819072
-0.6187202
0.8120806
0.22717443
-0.24708614
-0.3250653
0.65576726
0.033003688
-0.30704862
0.019436052
-0.77547866
0.5100961
-0.199918
0.75718755
-0.14921527
-0.111716986
0.3219564
-0.8410968
-0.77397436
-0.5599121
-0.089757495
1.0044752
-0.18961376
0.22369453
0.877166
-0.6152206
-0.23161888
0.3671585
-0.38388175
-0.44940114
-0.06624388
-0.50511223
0.109898135
-0.22276445
1.1168802
-0.8067151
-0.14513727
-0.35049516
-0.8809237
-0.4301811
0.46639735
-0.8454062
0.5727597
-0.2873182
0.090936944
0.5877832
0.46618265
0.8674544
0.07032255
-0.9023954
-1.0043892
0.5469728
-0.27858177
0.6444676
-0.26983154
-0.3652363
0.0048229513
0.10811239
0.24047221
0.08079846
0.69557637
-0.85437894
-0.4752615
0.6620002
0.22886923
-0.32479176
-0.47551757
-0.020877643
-0.45560172
0.33447617
-0.33713177
0.118212074
-0.92678165
-0.016842226
0.13601284
0.26400143
-0.24714026
-0.16979545
0.2185201
-0.058409072
-0.13487557
0.62772125
-0.27078813
0.72216535
0.06628077
-0.567991
0.16587463
0.29863465
-0.40622938
0.028662806
0.580299
-0.4847993
0.7985621
-0.49210683
-0.87123996
-0.5490247
-0.57087535
0.19058211
-0.41099793
0.5754268
-0.41611078
0.5096092
-0.20187716
-0.39790824
-0.4835929
0.37940574
0.23378623
0.03074145
-0.20291154
0.69622946
0.42992744
-0.7121531
-0.049285155
-0.64520526
0.046882726
-0.6785831
0.4757271
0.121887356
-0.9375401
-0.46201414
-0.54646987
0.61767256
0.195227
0.17126098
0.32898983
0.32219413
0.26237473
0.5866621
-0.21890078
-0.29264444
0.030404711
-1.0106103
0.18109974
0.8091725
0.015167184
-0.5621868
-0.37662157
0.082267426
0.19999428
-0.123875014
-0.41466197
0.67922115
-1.3140309
-0.036103737
-0.068409875
0.7040272
0.24969731
0.2173961
0.5440107
-0.45286942
0.981078
-0.26901183
-0.6192302
1.0579768
0.189041
0.9132798
-0.42366213
0.1171377
0.39023778
-0.6560991
-0.4323752
8.6303294E-4
0.087279156
-0.23149392
0.9093583
0.72740775
-0.009479826
-0.5473312
0.08483312
-0.86143035
-0.4827204
0.23750366
-0.3784508
-0.31978333
-0.05936378
0.50132143
-0.13631977
-0.64610535
0.13541843
0.83419204
0.4775559
0.12231799
0.39208105
-0.6340104
-0.49046066
-0.1479952
-0.25045744
0.15597144
0.36354482
-0.013326449
0.38307175
0.62775415
-0.5358798
-0.55491066
0.37649724
0.93956447
-0.69894475
0.81836635
0.49349207
0.5617243
-1.042876
-0.13628063
-1.0687331
-0.040690593
-1.1703094
-0.060378846
0.049653225
0.011267604
-0.0867245
0.31099063
0.18865922
-0.123540774
-0.005728732
0.46864274
0.5835941
-0.5309356
-0.6490065
0.8558969
-0.21925107
0.5599493
-0.13525721
0.115962155
0.21278906
-0.5332292
-0.014194808
0.21803041
-0.60620326
0.037249215
-0.37122953
0.30341375
-0.5572292
-0.43491307
-0.6385557
1.021435
0.546562
1.0923281
-0.5960697
-0.9016179
-0.44981834
0.41246894
0.81216174
-0.046956558
0.93842715
0.4311535
0.02713635
-0.7738178
-0.1338467
0.21803951
-0.08550621
0.100401334
0.42041337
-0.31142688
-0.21524318
-0.97572964
-0.2582589
-0.18146043
-0.7088109
0.457134
-0.4037067
0.3708768
-0.51956856
-0.039382968
0.5635396
-0.853243
-0.19538654
-0.5750609
0.27271923
1.2231629
0.2884874
0.25455773
-0.301648
1.2237554
0.66897357
-0.4750001
-0.14031221
-0.20805073
-0.65344304
0.24050814
-0.3286794
0.5053281
-0.45050198
-1.1829082
0.17237897
0.70649695
-0.53281325
0.24358562
-0.8988156
-0.28083235
-0.5664799
-0.6038095
-0.6812543
-0.80762607
-0.17197338
-0.48537976
0.8510603
0.13010077
0.8783959
-0.0039379434
-0.7505968
-0.4569173
0.10140963
0.15164867
0.57357866
0.45075142
0.45132524
-0.27162343
-0.5102396
-0.34907767
0.6287815
-0.14317606
0.7052753
0.7281576
-0.13236788
-0.9343403
-0.98248255
-0.01400111
-0.13815121
0.77653223
-0.6306019
0.5546753
0.55999905
-0.049733635
0.21706654
-0.63990945
-0.58376956
-0.52218664
0.64038414
0.2599148
-0.6039518
-0.7870662
0.3587558
0.56819284
0.93710715
-0.0482383
0.31315672
0.77593714
0.67961323
0.11354148
-0.18599495
-1.1929251
0.82769203
-0.2707783
-0.2130115
0.1672734
0.26030582
-0.2490299
-0.6130821
0.30216867
0.4364121
0.30200255
0.7161637
-0.29291287
1.039352
-0.4290641
0.9259426
0.5395248
0.027762163
0.44171342
-0.2076732
0.96850055
-0.19516106
0.25839174
0.5092058
-0.24884276
-0.5703975
-0.59920806
0.6366949
-0.32415137
-0.3193462
-0.046232928
0.8201727
0.38367158
0.47504538
-0.54236513
-1.0161318
0.7304995
-0.48078743
-0.038964424
0.24598572
-0.084868476
0.3508989
0.24047646
0.30568337
-1.0921811
-0.36571974
-0.33757707
-0.32115895
0.45084053
0.3678049
0.41108248
0.0013192624
-0.85646623
-0.5340627
-0.028101962
-0.20161402
-0.6404938
0.53712434
-0.058574364
0.91738373
-0.38185528
0.94893223
0.7452248
-0.46482384
0.28291777
0.14448905
-0.6197537
0.98378205
0.3906873
-0.14031011
-0.85276484
0.14642797
-0.28932738
-0.6631551
-0.5868874
0.65204304
0.8404246
0.19367744
0.38560292
0.76444
-0.089777954
-0.33509693
-0.16641708
-0.53673136
-1.4990641
-0.15127988
-0.298211
0.4821032
0.7983414
-0.034272216
0.20339184
0.6331561
0.22240654
0.36023158
0.18239407
0.2170225
-0.02466152
0.23589306
-0.30343893
0.014639766
8.90907E-4
0.578842
0.4689167
0.22295602
0.2371288
0.4009557
-0.36881456
-1.0216188
-0.60313654
-0.3650333
-0.12839144
0.393365
0.4047487
-0.65822417
-0.82740325
-0.27407464
0.7183108
-0.6131914
-0.6678299
0.7783988
0.20310849
-0.10264748
-0.2803047
0.39397427
0.350086
-0.49684134
-0.61988837
-0.60721946
-1.084919
0.47911936
0.047836386
0.48668173
-0.42266658
-0.30461228
-0.5995337
-0.8680812
0.4138878
0.42351452
-0.118121676
0.4043791
-0.24236622
-0.9182317
-0.16327083
0.10879553
0.40115067
0.15370882
0.12412854
-0.053456396
0.091550544
-0.4162245
0.41113302
0.4490283
-0.8345356
0.35876757
-0.36098087
-0.49825275
0.46794698
0.029966146
-0.5280137
-0.47722575
-1.1985166
-0.22225666
-0.14493869
-0.8305468
-0.0025243387
1.0953673
0.8905641
0.69126844
0.09349383
-0.18572964
-0.59718215
-0.48398784
-0.3970956
-0.63465244
-0.39044064
0.19584613
0.01789828
-0.09545957
-0.74136955
-0.11974266
0.47618365
-0.6559348
0.43768463
-0.5217302
-0.24871698
-0.5812343
0.46166936
0.24713542
-0.27146447
0.1970485
-0.55870926
-0.78029066
-0.76782376
0.007157053
-0.74101186
-0.15586329
-0.5884617
1.0265355
-0.34314454
-0.7132604
-0.8257678
0.6847297
0.3337368
-0.7151758
0.70304805
-0.07647004
0.038590863
0.1836369
0.5603761
0.007277804
-0.085346
0.37348512
-0.49463814
0.4175918
0.85034263
-0.85996723
-0.5521458
-0.821497
0.3411667
-0.21146902
-0.1967862
-0.47493452
-0.05262099
0.70931745
0.4294325
-0.5149555
-0.026772814
-0.14188638
0.0060105235
-0.6681804
-0.053961273
-0.60213196
-0.45476413
0.34191665
-0.60285556
0.6522625
-0.41160387
-0.22528094
0.32436514
0.4783915
0.95496815
0.6895109
-0.41088212
-0.018397823
-0.857893
0.45570147
0.17160334
-0.52594614
-0.3210617
0.826011
-0.2479588
-1.2850775
0.38678145
-0.16455907
0.3488078
0.7252045
-0.7656976
-0.2023638
-0.7437946
0.75868785
-0.023887305
-0.055013485
0.018030694
-0.97494906
0.3837623
-0.2598926
0.37965795
0.3360818
-0.39600626
0.6649808
-0.79893845
-0.10394138
0.13660125
0.34452876
-0.070712715
0.7466945
0.25319108
-0.15131973
-0.8243047
-0.07674925
-0.27001023
0.0066462797
0.57884854
-0.70024294
-0.8222089
-0.22773336
0.06679295
0.09556519
-0.3643812
0.4423576
-0.16732109
-0.5685834
-0.27133912
-0.1311188
0.40278003
-0.3244401
0.08302979
-0.40355527
0.22907455
0.5200249
0.6919551
0.28171858
0.6650486
-0.20877203
-0.5398921
0.48061365
-0.7790822
-0.71567243
0.61550444
1.1142834
0.7051724
-0.45343107
0.52178705
1.0185654
0.36428517
-0.26768476
-0.2450211
-0.5398089
0.2003603
0.7677513
0.36732924
-0.35895273
0.47846934
0.81187326
-0.03320368
0.028009044
0.19652832
0.7040184
0.5968365
0.80501467
0.519117
-0.8216731
-0.12086612
0.67636144
0.4463021
-0.36649942
-0.44035807
-0.83035195
0.27695873
0.26527178
-0.54919636
-1.1804876
-0.47544214
0.6143207
0.59834325
0.20793071
0.93366134
0.2039057
-0.8106977
0.6454903
0.51687676
-0.022236554
-0.25687218
1.079582
-1.0895344
0.04139274
-0.3603206
0.54002506
-0.51083845
0.39868686
0.19586211
0.71937895
0.29276082
0.50574625
-0.88267666
0.51676357
-0.4168474
0.827989
-0.5386309
-0.3174405
-0.003725427
0.31007704
0.0033148706
0.22205041
-0.4025219
0.67897886
0.7454924
0.68187946
0.24330163
-0.1692126
-0.0708697
0.61292815
-0.7437603
0.9235937
-0.21350387
-0.3469445
0.09630465
-0.44249275
0.36982656
-0.2103182
-0.21150912
1.0952151
-0.62678975
0.07733573
-0.83946913
-0.5745299
-0.57756835
-0.36802524
0.23009972
-0.06861078
-0.23284705
0.8247207
0.27214763
0.16443016
-1.172033
-0.3215016
0.24640125
0.028197614
0.5686299
0.35068947
0.41131967
0.26639298
0.7483825
0.4763073
-0.054900266
0.7897918
-0.17770179
0.41109374
0.14380276
-0.047917936
0.57010067
-0.27787426
-0.7795541
0.41060382
-0.54221296
0.4456648
0.48539996
0.38918605
-1.2073675
0.43195206
0.9749294
-0.10471146
-0.23259515
0.010978818
0.051709462
-0.69057184
0.33884227
0.6827954
0.27950865
0.2931504
-0.22301452
-0.6737609
-0.0012704604
0.762717
-0.45467034
0.5380522
0.7256518
-0.6476897
-0.39215422
0.38190114
-0.08774771
0.22792724
0.9327522
-0.8761801
0.78020924
0.12111493
-0.12109009
0.15247376
0.34982508
-0.39557222
0.7249411
-0.29216513
-0.17890882
-0.04847616
0.15960239
0.15342069
-0.029797275
-0.5141824
0.041591663
0.19788761
0.5221198
-0.2578066
0.0940658
0.09072222
0.19733378
-0.7798846
-0.39970502
-0.34739667
-0.7882526
0.5731351
1.0191923
0.2659359
-0.5093611
0.101344734
-0.6074403
-0.7242065
0.4193764
0.12531492
0.24660146
0.31109726
0.9346558
0.39139786
-0.7614021
-0.5407367
-0.22376792
0.8033013
0.25470656
-0.29381076
-0.10697025
-0.41682786
-0.14640105
-0.33353472
-0.42705724
0.64369535
-0.26018623
0.6433387
-0.10892507
0.53488994
-0.0093847625
0.07836292
-0.87997395
0.7962702
0.8865872
-0.04162825
0.29664555
-0.705883
-1.5396687
-0.45862037
0.47341406
0.6165789
0.025249047
-0.741326
0.090407014
-0.31696084
0.7654514
0.86455077
-0.47402006
0.696003
-0.045915253
0.40474558
0.42588767
-0.70623773
0.23734862
0.48969242
-0.3282801
-0.14146614
0.24888462
-0.026766209
-0.2095638
0.5551594
-0.9939948
-0.43736774
0.36561057
0.6018108
-0.34784397
-0.7034751
-0.39531398
-0.3913004
0.1921085
-0.39990187
0.6119796
-0.99050796
0.34376982
-0.86210763
-0.3734478
0.88138497
-0.51389766
0.186454
0.6965971
-0.9298224
0.8982528
0.36237952
0.41496894
0.11679627
-0.6869714
-0.16611633
-0.4523509
0.081805475
0.20805377
0.13826203
-0.6680617
0.20794505
0.52097034
0.57773155
0.69197
0.2273976
-1.0459712
0.92968726
-0.026843581
-0.8901934
-0.37147295
0.73034936
-0.14455113
0.36459872
0.20683159
0.51081973
0.8380181
0.30795857
0.21244772
-0.18680508
-0.3384527
-0.8874103
0.22388208
-0.6281519
-0.69154954
-0.24072489
0.34039792
0.28118864
-6.9841655E-4
-0.9460189
-0.473542
0.96442044
0.69444644
0.07389169
-0.004150619
0.29649714
-0.18256307
-0.099044256
0.08791551
0.18179874
-1.0922798
-0.26319382
-0.3429042
0.59573513
-0.8847623
-0.5047502
0.6486589
0.69655263
-0.19207652
-0.5920743
0.09887835
0.21334858
0.09331483
0.21382858
-0.9894668
-0.7174927
0.5117424
0.11833335
-0.4165002
-0.8144682
0.87815183
-0.22113988
-0.36694142
-0.34542522
0.04489831
-0.10642809
-0.15420705
-0.24064344
-0.48842108
0.8652223
0.43818107
-0.49798366
0.13505542
-0.48771104
-0.07267519
-0.08227923
-0.36355716
0.103004865
0.06094841
-0.0929198
0.50384206
-0.10565847
0.07947492
0.35809118
0.23377898
-0.14272752
0.51988465
0.5303807
-0.16968969
-1.122475
-0.5549709
-0.20833045
-1.0099566
-0.8903025
-0.2288477
-0.35229954
-0.4470969
1.0953262
0.16754498
-0.8973658
-0.37754425
0.7753909
-0.35150418
0.30394605
-0.24602088
-0.23910819
-0.7445099
-0.1876035
-0.00509899
-0.55558544
0.13158628
0.52297324
-0.55552036
0.8712005
0.12740302
0.44220397
-0.39899942
0.53720367
0.86046445
-0.104988866
-0.38213944
0.3023298
-0.19986999
-0.26063567
-0.34818473
0.76460665
-0.136186
-0.25852808
-0.024831794
-0.47409678
-0.016268775
-0.019013157
0.7816247
-0.8907361
-0.6057281
0.18450233
-0.50397384
0.5889923
0.0049745925
0.48446345
-0.06751788
-0.47874984
-0.78282624
0.54434484
-0.5074909
0.78903425
0.19598013
-0.012632642
-0.7977636
-0.3593436
0.101114504
-0.061401624
0.45608315
-0.13573085
-0.29474622
-0.7911443
0.20087832
-0.6831612
-0.6535334
-0.32543737
0.67078525
-0.5040555
0.27495113
0.78827256
-0.5034839
0.69678146
-0.13091433
-0.38891903
-0.072554976
0.29647106
0.22724053
-0.10803673
0.12618119
0.4041294
0.0999966
1.1187171
0.25336942
0.21643561
0.20052978
-0.58375
0.15783046
0.33474857
0.49007022
0.08817542
-0.31984907
-0.46476147
-0.6764859
-0.54241574
-0.39091232
-0.3763006
0.7177813
0.52808607
0.21500435
-0.05491012
0.7849249
-0.07804473
-0.55926293
-0.367447
0.028635643
0.15929845
-0.2805754
0.8518977
-0.23986928
-0.11649935
0.4209216
-0.8846414
0.70986736
0.34698668
0.0034806617
0.16475376
0.41847327
-0.005729242
0.46996793
-0.13893983
0.20218705
0.25237113
0.37163213
-0.28843552
0.51572573
-0.47224036
-0.78232914
0.8631485
-0.37491602
0.8180192
0.3803163
0.6733126
0.12534523
-0.52874315
0.2937197
-0.14027724
0.17248476
0.59556377
0.35263103
-0.45427823
0.07872122
-0.6834441
-0.30265978
0.29477504
-0.2399525
-0.28188953
-0.9198431
0.1366943
-0.2559613
0.33066794
1.048063
1.0043795
-0.32544908
-0.025591454
-0.637875
-0.80523884
-0.29015616
-0.3298267
0.9985103
0.40444383
1.324525
0.26162362
-0.03254367
-0.44995672
0.65086186
-0.1120084
-0.35342357
0.61503977
0.22887796
0.34050503
-0.574856
0.10022596
-0.41452518
0.6147368
-0.9120431
0.3112396
0.5555746
-0.23868242
0.7994198
-0.84243727
0.47448003
-0.70173883
0.35573417
0.7351738
0.645385
0.20974843
0.30522028
-0.6248407
-0.19010782
0.81586593
-0.2849759
-0.085144594
0.8276741
0.1622223
0.97203815
-0.34863272
0.580982
-0.35100144
1.0643305
-0.25171226
0.7415601
-0.2883626
0.60265625
-0.19667976
0.5576503
0.47401178
-0.6408046
-0.14638622
-0.14465217
-0.24545105
0.9092534
-0.36935234
-0.71535397
-0.44752327
0.14758238
0.19479917
0.21906313
-0.40228626
-0.089204885
-0.16391575
-0.96840423
-0.058499295
-0.3770116
0.6933676
-0.5317297
0.1585176
-0.7020993
0.7902547
-0.14124192
-0.7871832
0.093566604
0.74346167
0.2813592
0.9146354
-0.29161546
0.8695139
-1.0014974
-0.027903637
-0.17487046
-0.45408022
-0.02328333
0.51402557
-0.14550406
0.36666885
-0.63027793
0.98141724
-0.07262597
-0.084648535
-0.056907218
0.05664283
0.57390594
-0.4977116
0.65179217
-0.21627405
-0.25170168
0.5949372
0.06204955
-0.23233528
-0.20632881
-0.16477501
0.39531437
0.0040441058
0.51564556
-0.14226913
0.08027865
-0.16321076
0.29884106
0.33525792
-0.55779934
0.017344741
0.06055656
0.37847444
-0.47731093
-0.25948557
0.7421808
-0.5824359
-0.35256
-0.4973416
-0.7077362
-0.72694325
-0.761259
0.23595943
0.6736604
0.54368657
-0.52923256
0.3279517
-0.13603683
0.49653295
0.84674835
0.068925515
-0.3139026
0.36277786
0.44414064
-0.5672952
-0.1029611
-0.14875263
0.5401454
0.08263431
-0.43021575
0.24722724
-0.64429396
0.61296237
0.115544826
0.838093
-0.11582469
-0.12537122
-0.19944629
0.59008807
0.24161842
-0.020003943
-0.88775724
0.28593
0.794349
-0.018343989
0.6919068
0.79339385
-0.056143615
0.30285242
0.20290597
-0.92497313
0.6140354
0.65721184
0.676428
-0.66949874
-0.42889002
-0.59694207
-0.047954045
0.042626563
-0.5526125
-0.37079993
0.70570374
-0.5255686
-0.207897
-0.34780413
0.2360959
0.34506
0.7863085
-0.25114873
0.27685338
0.5602934
-0.21474922
0.21489857
0.60243374
-0.41007048
0.22714683
0.17968947
-0.15039599
0.012035768
0.004841315
1.1744229
-0.15478653
0.17760146
-0.36163887
0.1874109
-0.16012439
0.6960127
-0.803785
-0.6200483
0.11879062
-0.07199923
-0.09792971
-0.47474426
0.95281595
0.637914
-0.12105156
-0.9229339
-0.18103118
-0.44880453
-0.3300097
-0.58037704
-0.8431347
0.05561422
0.46766666
-0.031445123
-0.48417217
-0.010770991
-0.48621306
-0.009801282
-0.46572646
0.72648543
0.47587645
0.48214176
0.96425575
0.21637553
-0.040185586
0.06462087
-0.4518854
0.5848999
-0.1340344
-0.050012726
-0.29751784
0.32279027
1.1072198
-0.53700423
-0.93541116
-0.43010592
-0.4908508
-0.25606236
-1.0292512
0.62804484
-0.774687
0.45388594
0.055345967
0.059949692
0.49014252
-0.4014035
0.45854867
0.6622998
0.2032541
0.71507597
-0.665618
-0.5677948
0.065476306
-0.42967135
0.10874984
-0.8476346
-0.013565068
0.731164
-0.704209
0.47375262
0.40217397
-0.60073423
0.34504223
-0.48925936
0.36728087
-0.30794466
-0.86445254
-1.352535
0.64932084
0.37640068
-0.08454664
0.53523797
-0.38321117
-0.31120497
-1.127637
0.31355354
-0.39008293
0.19615972
-0.46586883
-0.2312152
0.71758556
-0.45453873
0.08673716
0.9287553
0.37715757
0.6390102
-0.8623164
-0.19720288
0.93239677
0.95316416
0.55728316
0.79380953
0.3893165
-0.46079582
-0.020997982
-0.1785312
0.814451
0.12988693
-0.049367603
-0.70243216
0.25731874
0.3336346
0.058977228
-0.32271844
0.19162433
0.7118978
0.33425382
-0.37823913
-0.61478937
0.29718134
0.3016944
-0.94201684
-0.6503945
0.3856302
0.106289215
0.14402042
0.40255958
-0.5156188
0.35963458
0.30079964
-0.24280012
0.1407237
-0.78898376
-0.9170177
-1.109536
0.2873279
0.632291
0.5195288
-0.24397801
0.088112116
-0.3719789
-0.64653337
0.07569386
0.48895553
-0.3810507
0.6630799
0.6382839
0.3800506
-0.5991076
-0.4717242
-0.1031265
0.29020974
-0.45042405
0.81407374
-0.45346645
0.3181841
-0.2272001
-0.14791825
-0.45153135
0.1725256
-0.9324688
-0.49839476
-1.113195
0.13480753
0.20270808
1.243602
-0.3511418
-0.45276898
-0.35672307
0.95882654
-0.11282264
0.21668011
-0.8634277
0.4249187
0.21410155
-0.038552664
0.823463
-0.6817256
-0.788758
-0.83926386
-0.06673896
0.575125
0.18804733
0.8238032
-0.5238499
0.44605473
-0.18328235
-0.16431597
0.2603262
0.147245
-0.10263093
0.45795265
0.6462976
0.15441509
-0.05470103
-0.49530265
-0.17392217
-0.29330716
-0.17970444
-0.5286985
-1.1586462
-1.1706147
-0.21393219
0.2918083
-0.19308592
0.43871665
-0.20795417
0.106975324
-0.6126573
0.6644111
-0.5654613
-0.84381896
0.9617298
-0.1739038
-0.38737398
0.23122758
-0.055005144
0.8311052
-0.046758804
-0.80889016
-0.74580735
-0.3502386
0.035621073
-0.63826144
-0.34354293
0.095481075
0.1591496
0.070402384
0.81543654
-0.20276381
0.78137356
0.16950786
0.5084025
-0.73808926
-0.45181546
0.46143577
0.2000551
0.5411184
0.19281006
-0.3258202
-0.47426495
-0.520128
0.544565
-1.050587
-0.15294458
-0.5243996
0.33324948
-0.007897998
0.6255741
0.029575596
-0.7959229
0.2500665
0.030844752
0.26798558
0.46258697
0.04600031
0.27891585
-0.68358314
0.36018488
-0.33582225
0.77894783
-0.038486283
-0.07486836
0.26753977
-0.3062968
-0.16771215
0.74253577
0.464978
0.330971
-0.6242518
0.63222665
0.32188424
-0.096817955
0.90400875
-0.8599712
0.45971644
-0.43908992
0.6432878
-0.11570037
0.24984998
0.71914244
0.27786332
-0.90239775
-0.3484396
-0.91080487
-0.21400213
-0.38544017
-0.7552893
0.526864
0.23608798
-0.16331123
-0.3149666
-0.4815223
-0.57442355
-0.39302918
-0.1757491
-0.38898683
-0.11070717
0.4398879
-0.15096137
0.2530578
0.08436037
0.048850328
1.0646157
-0.15766175
0.102261506
0.26926553
0.37917516
-0.38112628
0.015074061
0.97178364
0.20108007
-0.22598305
0.58331496
-0.7277115
0.93255323
0.004056762
0.6447819
-0.38157848
0.4187918
0.5559481
-0.1623159
-0.7145977
-0.9990198
-0.41445234
-0.20708407
-0.54828125
0.9070052
0.15540676
-0.20267372
-0.054723896
-0.24339692
-0.21660137
-0.0072032185
-0.8361915
-0.914253
0.12600528
0.029891204
0.77513903
-0.15471537
0.16833068
0.046902347
0.08167669
-0.8726365
-0.393402
-0.47700274
-0.28055146
0.21055758
0.26490238
0.22717
-0.70575887
-0.617197
-0.9694763
0.6341695
0.33086872
-0.1601636
-0.26103422
0.45577124
0.12808587
-0.5040595
0.59716666
-0.4430736
1.0602524
-0.16554478
0.04396775
-0.68157226
-0.02278437
-0.2519859
0.8839869
-0.38905722
-0.85709035
-0.6791842
0.5523264
0.4242755
-0.5094968
0.07856249
-0.7165109
0.3785436
-0.13503361
0.48702702
0.24104413
-0.34476498
1.0033419
0.01995156
-0.20603514
0.3008204
0.12679915
-0.7784891
0.48063645
0.13058545
0.4120464
-0.017264904
0.24184309
0.054810688
-0.39783856
-0.55840725
0.34454694
0.56483346
-0.38048506
-0.5918026
-0.6835046
0.22477016
0.39341226
0.6709357
0.6271881
0.7221929
0.34414494
0.29532894
0.85369486
0.08021253
-0.8778227
-0.0034745955
0.77584374
-0.6735354
0.21276441
0.13335277
0.8287489
0.7192841
0.3363452
-0.66268784
0.11402791
-0.4540618
-0.9384187
0.040342633
0.65758276
0.7977728
-0.3128551
-0.7809226
-0.1576199
-0.23393197
-0.13155487
0.77369606
0.055003695
0.4796334
-0.5652287
0.12761949
-0.17275618
-0.203922
0.16569008
-0.67093897
0.49557722
-0.92137474
0.22518134
0.15967025
-0.3342336
0.34561607
-0.14569677
-0.84978914
0.43072057
-0.3743639
1.0988685
-0.6962703
-0.18398024
-0.109285146
0.8025302
-0.29003978
-0.034249675
0.8688616
1.2914089
-0.14946584
0.5794924
-0.53615564
-0.62788844
0.5690559
0.40046737
-0.29344591
0.13178557
0.79065233
0.01095395
-0.27808234
-0.42912665
0.5043054
0.7097267
0.4569052
-0.3199213
-0.28316924
-0.5092282
0.17748807
0.8106949
0.731697
0.49290448
0.54089826
-0.6173298
0.46606374
-0.64470905
0.03949709
0.7912774
0.51999557
0.89692277
0.21692167
0.4602489
-0.3336777
0.12264972
-0.5950588
0.64255655
0.2005992
0.5512071
0.69526124
-0.2719863
-0.70076233
-0.43900257
-0.09592362
-0.46312094
0.1914425
-0.71333545
-1.083787
-0.79422677
0.10154037
0.88556814
0.81625307
-0.13290462
0.6563737
0.42209017
-0.44904518
-0.42209166
-0.25333896
0.22069141
0.12827122
0.3560612
-0.5043214
0.62285906
-0.46424133
-0.23444669
0.2686044
0.57189846
0.2465076
-0.33155796
0.36010507
-0.19614339
-0.33027315
0.5491146
0.17664099
0.76732177
-0.54271495
0.6032497
-0.31431988
-0.3224232
-0.2549303
0.24143405
0.62852603
0.8495827
-0.4222014
0.27381
-0.44917935
0.87216187
0.525772
-0.23478773
-0.3053657
-0.47328812
0.5599187
-0.70817393
0.78590983
-0.95924026
0.26287976
-0.11798134
-0.5705564
-0.067104355
-0.6343471
0.813603
0.7794011
0.3028799
0.33378214
-0.5393657
0.60978186
-0.58172673
-0.07932243
-0.38384548
0.47167274
0.26264864
-0.19830713
0.35893127
0.29421672
-0.3744686
-0.45212132
-0.25435662
0.6254742
1.3088353
-0.13556792
0.49904534
0.088778354
-0.07000011
-0.032622457
0.31289226
0.5345115
0.12237179
0.12775576
0.41544583
-0.45174527
0.881093
0.239858
0.5081487
0.42157182
0.15374233
0.8657766
-0.4171471
0.24046448
0.34115577
0.9191218
0.06584794
-0.27970928
0.48206186
-0.75394696
0.40112188
0.2807307
0.66456866
0.4313342
-0.55952
0.16050075
-0.5377635
0.8386562
-0.4485058
0.17970248
-0.36631185
-0.62898344
0.11102567
0.5998755
-0.6146053
0.38035092
0.37937054
-0.09970371
0.81875706
0.4657272
0.0065118354
-0.8242888
-0.58244747
0.5075149
0.43796933
-0.11235231
0.4488338
-0.20817323
-0.42696735
0.84982306
-0.5668885
0.51469016
-0.9759925
-0.8986433
0.9473532
-0.35194978
0.52730155
0.25094765
-0.12815636
-0.16510466
0.07738734
0.060675174
0.11910844
0.351205
-0.01588646
-0.39649343
-0.58842826
-0.22754015
-0.66146857
0.2028194
-1.1707828
-0.23085865
0.25270423
-0.58618945
0.7787779
-0.62542194
0.3284146
-0.8624331
0.40316123
-0.7683966
-0.2079626
0.6341536
0.7616692
-0.23226474
0.3446481
-0.1765811
-0.9010461
-0.1662227
-0.3511981
-0.7748128
0.15866292
-0.017287444
0.0037969872
-0.6608467
-0.22741081
-0.5981528
-0.597265
-0.60928184
0.09795813
0.71526766
-0.51699036
0.6669621
-2.209477E-4
0.19180524
-0.96732754
-1.1013825
-0.07712158
0.6599285
-0.41011557
0.5255483
0.19079815
0.7101017
0.09064236
0.21192564
-0.64541346
-0.22403957
0.053151738
-0.3055184
-0.25159043
-0.30589512
-0.57009554
-0.468677
0.57181996
0.63514286
0.28906852
0.6052307
-0.16033754
-1.1422161
-0.8874081
0.6007555
-0.52526236
-0.049881045
0.36169603
-0.19113903
-0.5217851
-0.08970383
0.41138136
0.57692075
0.031534262
-0.27299222
0.53729755
0.7874905
0.2626654
0.30776557
-0.40099552
0.18175402
0.5411169
0.41376296
-0.33225518
-0.47413236
0.5947484
-0.094547674
0.60143405
0.4630871
-0.004978732
0.4338188
-0.31663975
0.14977805
-0.83476907
-0.58774966
0.18652289
-0.12506738
0.68108815
-0.44519967
-0.2684378
-0.08381607
0.25667825
0.836077
-0.17430921
0.021429842
-0.8261115
-0.1957946
-0.012929829
0.21803686
0.597652
-0.21967296
0.19991146
-0.023949761
0.31028247
-1.0441344
-0.39985994
-0.31855175
0.3180406
-0.662872
0.25058973
-0.19817546
0.78040904
0.57410425
-0.5056874
-0.011580694
-0.094178975
-1.2217435
-0.6327197
0.23759513
-0.0699035
0.31705847
0.20530477
-0.6950047
-0.06992912
0.8213627
0.02957731
0.6753542
0.3062061
-0.23976581
-0.9219629
0.066532314
-0.024151148
-0.8528981
0.15352087
-0.5455159
0.13891347
-0.9754543
-0.39703456
0.15764421
0.81730884
-0.74682176
0.025866829
0.11611432
-0.1433036
-0.03701279
-0.42839515
0.49391964
-1.0665948
0.3949507
0.7283762
-0.9924988
-0.3371088
-0.98215866
-0.14877835
0.86847854
0.012344422
0.55067897
0.061566316
0.11205064
0.40215734
-0.17742243
-0.44008645
-0.2533907
0.060926966
0.53249073
-0.16065854
-0.5110343
-0.35254323
-0.15268525
-0.018300518
-0.10938137
-0.36743632
0.50327575
0.95174855
0.3467013
-0.35418323
-0.1860143
-0.6941043
1.2826204
0.34134677
-0.14734833
-0.74317473
0.48755646
0.9039467
1.2347497
-0.38397112
-0.8565811
0.048685256
0.2497803
-0.518455
0.21056919
-0.2389278
-0.7346573
0.41958755
0.94505996
0.7890462
-0.9532718
-0.14330697
-0.18122831
0.2660964
-0.03705592
0.044871278
0.034600973
-0.63988394
-0.5414846
0.21355681
0.022302395
-0.1285189
0.21615954
0.97494596
0.39911118
-0.38026175
-0.3069548
-0.34138578
0.36920387
0.53335696
-0.37019566
0.33503103
0.25756007
-0.4491864
-0.09640716
-0.076254345
0.57295185
-0.53181815
0.8100222
-0.7045824
-0.34592482
-0.412032
0.3738452
0.17094624
-0.17261487
0.2313239
0.2677617
0.9107765
-0.19358361
0.31222454
-0.4259294
0.2920821
0.7819962
-0.21990927
1.2279658
0.044315483
-0.21175021
-0.11918283
-0.714698
-0.4781654
-0.77713275
0.46646956
-0.01639667
0.59722346
0.050936993
-0.7614904
0.5160017
0.22447905
0.7057806
-0.9358257
-0.32679415
-0.12302869
-0.31592974
0.4872579
-0.0055081057
-0.66465664
-0.15971799
-0.6006935
-0.8377961
0.16910484
0.8329941
0.3385288
-0.10714646
0.057008892
0.6919333
-0.27609313
0.102668874
-0.36987898
-0.62791157
0.8365801
0.1932632
0.02487221
-0.97022766
1.2127745
-0.3063783
0.47635052
-0.30257803
-0.31781647
0.91432786
-0.5844075
0.9508847
-0.6651137
0.19974437
-0.81212795
0.5523927
0.01260061
0.39299294
0.17258662
0.027920622
0.19534189
-0.4281949
-0.86702365
0.47254938
0.41639242
-0.07083624
-0.25221604
0.21384631
-0.59439576
-0.6658372
0.38438937
0.14292006
-0.92889136
0.14033492
0.60854596
0.08258411
0.20092858
0.0019395795
-0.12201152
-0.5378593
-0.37526023
-0.00625903
-0.0072640143
-0.40721846
-0.8791091
0.45592442
-1.0091136
-1.155392
0.011568482
0.78356004
0.058423482
0.69003314
-0.26250044
0.1766156
-0.14345054
0.5216355
-0.41855502
-0.78531057
-0.51145005
-0.5543813
0.37403068
-0.24116378
-0.85930216
-0.055883683
-0.3968787
0.2527717
0.28378704
-0.50732297
-0.60946274
0.03228912
-0.4427241
0.028892746
-0.8712898
1.0231881
-0.15255056
-0.37644035
0.42329934
0.407985
0.6772371
0.42485142
0.2035401
0.044221077
-0.15708348
-0.6498128
-0.7762367
0.37192237
-0.2010447
-0.3536372
0.6086078
0.64191246
0.03829561
-0.5776047
-0.7390231
-0.06349358
0.35697776
0.4822559
-0.78446096
0.37869772
-0.6355467
-0.11813235
0.06448696
0.16237694
0.8685367
0.18067613
-0.09317026
0.57650876
-1.1050113
-1.0789355
-0.8673539
0.12508
0.53626233
0.64904183
0.34192848
-0.7123905
0.3212379
-0.47841102
0.35641673
-0.53634197
0.114126205
-0.24610958
-0.026900765
0.1677036
-0.6384899
0.50236994
0.04191272
-0.18269354
1.1659613
-0.30132332
0.5900573
0.124943264
0.30556735
-0.68740785
-0.34011796
0.5357052
0.024765434
0.41086364
0.06445399
-0.21830606
-0.35709313
-0.99929404
-1.0276413
-0.5281799
-0.30419362
0.4735366
0.050728265
-0.22841074
-0.37934628
0.21055189
0.083943576
0.26847684
0.88097495
-0.43161872
-0.22446498
-0.86011755
-0.04702834
-0.3877917
-0.6351465
-0.25118315
0.21465579
-0.22899547
-0.52165043
1.2001097
0.14149863
-0.51559883
0.4138916
0.4011583
0.19773357
-0.5502226
0.2169282
-0.29344445
0.20841883
0.6388223
0.28120553
-0.41799238
-1.3003713
-0.028728595
-0.76363105
0.46623266
-0.18121977
0.2227293
0.32483324
0.8428254
0.77418536
0.10922131
-0.0671297
0.7207685
0.13751076
0.19555414
0.4110476
-0.039482754
0.36874914
0.8564012
-0.15780833
-0.13751785
0.35999185
-0.32047296
0.27513734
0.8678948
0.41963485
0.39511597
-0.68354887
-0.122683585
-1.2436438
0.62516606
0.40963706
0.36736235
0.04780149
-0.83511287
0.15073076
0.795695
0.45255563
0.30967945
-0.013094847
-0.40807
-0.27667615
-0.11530479
-0.764385
-0.87894166
0.12951064
0.20223294
0.5449482
-1.0058844
-0.1646807
-0.10769921
-0.5930532
0.32146016
0.4280035
0.45010325
-1.0470761
-0.2734373
0.20524782
-0.17485937
0.6367436
0.31393567
0.26139805
-0.6393142
-0.67934775
-0.6089347
0.18361163
-0.3476884
-0.20929614
-0.6268999
-0.45289427
0.9445202
0.81429785
-0.31379247
0.6134973
0.17973466
0.11554477
-0.7445226
-1.1006128
-0.4952208
0.09824491
-0.47522664
-0.13420229
0.84391433
-0.61698383
0.23801738
-0.34195164
-0.08907786
-0.13101308
-0.22761774
-0.1887005
0.088594474
-0.032828193
-0.5531831
0.3547464
-0.9797605
0.29155585
0.04393066
-0.67759544
0.18531153
-0.29754058
-0.072278954
-0.7139184
0.6996407
0.091771014
0.22827874
0.6098751
-0.33722845
-0.27582404
0.7917255
0.29484326
-0.078173004
0.54841053
1.153349
0.58228266
0.30960256
-0.67458177
-0.3517353
-0.24303277
0.43258116
-0.96716464
-0.008218127
-0.13159773
0.1489775
-0.46412545
0.3305301
0.01497272
0.60660046
-0.31118765
0.72744066
1.0095313
0.90414184
-0.2670571
-0.46880674
0.8807059
0.36467
0.5262854
1.0510325
0.40963078
0.12547061
-0.6035413
0.5926998
0.27295843
0.1368622
-0.33370093
0.19701251
-0.39349174
-0.24568455
-0.26680234
-0.43024835
-0.819148
0.59350306
-0.6077902
0.1366107
-0.2501421
0.6713386
0.4810269
0.6217308
0.6425872
0.09885949
0.3646591
-0.16030836
0.1838221
0.6435884
-1.2064416
-0.31091866
-1.2609639
-0.15358493
0.17412888
-0.2577553
-0.49542975
0.1122163
0.32499203
-0.9247974
0.5007023
-0.6624809
-0.07111581
0.2940725
0.015953477
-0.4950565
0.3605514
-0.32013407
0.22680032
-0.27201557
-0.4178757
0.15196428
-0.1310539
0.50177467
0.040102974
0.9822721
-0.057143584
-0.6815568
0.6226924
-0.4607146
-1.050986
-0.22034527
-0.08116615
-0.4645064
-0.43700457
-0.802279
-0.87470984
0.07150108
0.3262712
1.1935927
-0.09817845
-0.78815985
-0.34314293
-0.62227046
-0.0056625986
0.87328315
0.55207086
-0.39239776
-0.5797362
0.39983985
-0.9604785
-0.058510434
0.38120925
-0.3394733
0.28328595
-0.8925766
0.6703449
0.5447779
0.57911366
0.29018596
0.6910537
0.41715714
-0.22512166
0.025177702
0.09114227
0.7130788
0.51263475
0.21665524
-0.17129679
-0.24554661
-0.23905943
1.0676342
0.8609794
1.0771399
0.19817162
-0.24749091
-0.10746919
0.3544182
-1.043378
0.10489585
0.438601
-0.19393413
0.49773714
-0.52948326
-0.25321612
-0.14418654
0.0017803817
-0.11293207
-1.0431955
-0.11150674
-0.7776819
0.32178208
-1.3070967
-0.22623903
0.038956452
0.22652785
-0.2479923
1.2653369
0.18531317
0.72099876
-1.0203245
0.21326746
-0.88627994
-0.44900912
0.07541483
0.7532364
0.21332443
-0.45414627
0.6779865
1.041193
0.5102645
-0.0070498004
0.6211139
-0.88288885
-0.11165142
-0.19080636
1.1009603
0.4389673
0.068773896
0.33159974
0.55226094
-0.29292515
-0.65074
0.5160802
-0.024498146
-1.1591403
-0.054336518
0.7781142
-0.05755542
0.038605202
0.24373545
-0.33102652
0.5649269
0.027189784
0.42027268
0.78562564
0.5277615
-0.66218007
1.1728601
0.12129569
0.01995828
-0.35369867
0.06655746
-0.45953092
-0.5608414
0.9291163
0.0049911235
-1.0563328
0.8718345
-0.28512043
-0.14936374
-0.5295512
0.69557476
-0.16009134
-0.27010855
-0.4105476
1.1555514
-0.80519545
-0.14906505
-0.0846372
-0.57056296
0.23630999
-0.3108999
0.08503354
0.05866884
0.95800304
0.31982723
-0.21563675
0.27551556
-0.3943909
-0.7287081
-1.0173
-0.07290634
-0.5045552
-0.94237494
-0.0308601
-0.52245975
0.64385253
0.93043375
-0.23320124
-0.29253206
-0.9268971
-0.15931608
-0.33322075
-0.11976884
0.049982082
0.12968099
-0.062437415
-0.298647
-0.13954875
0.15685226
-0.3482326
0.8229856
-0.36312392
0.03306879
-0.13246103
0.34285638
0.28412163
0.6325904
0.34727815
-0.25463155
0.5268316
0.13978146
-0.1358043
-0.3924965
0.26261076
-0.03932378
-0.9233991
0.124740005
0.4545922
-0.9389293
-0.9749998
-0.4249058
0.09211213
-0.037356123
0.12528452
0.1817396
0.29906398
0.29451957
0.633162
-0.5655428
0.4343505
0.10840288
-0.921198
-0.0342674
0.3893869
0.49779084
0.78371006
-0.97317
-0.51289046
0.51061267
0.52063817
-0.47682074
-0.062017065
-0.15221211
0.36524853
-1.4232087
0.909631
-0.26406968
-0.119969256
-0.41696206
-0.2614478
0.8475902
0.13239636
0.9651915
-0.6953358
0.42943
0.28969768
0.37072822
-0.48709762
0.48539057
-0.27007866
0.18780325
0.078276165
0.57029605
-1.1756685
-0.10912133
-0.4792185
-0.85781205
-0.84111184
-0.2236158
-0.95032436
-0.8385642
-0.22261253
-0.38128453
0.20407875
0.101965845
-0.9328398
-0.39659536
0.57266873
-0.29357538
-0.4580597
-0.5337086
0.2664175
-0.61594206
0.6555188
-0.065142184
0.5285793
-0.25999364
0.13491307
0.5376688
0.36941165
0.5611388
0.37349194
-0.71928656
-0.49504375
0.4632163
-1.051153
-0.042370345
0.60201025
0.98365796
0.042699244
-0.2778816
0.40306702
-1.0999147
0.3958738
-0.12948638
0.27654436
-0.1983428
0.29620054
-0.5340063
0.69153196
0.24399059
0.01862237
0.19672436
-0.5772028
0.29236904
-0.1572379
0.6521262
-0.82489604
0.31117794
-0.08716927
-0.3183256
-0.20552586
-0.07467048
0.5499751
-0.029943839
-0.020900598
-0.4165256
0.101451
0.7898363
-0.5992456
-0.1417027
0.4338455
0.0985208
0.18029308
-1.1258196
-0.49054816
-0.009920818
-0.83433396
-0.35512972
0.2907306
-0.39354846
-0.812758
-0.34911415
-0.07397548
0.28172037
-0.4145649
-0.45387506
-0.34683433
-0.92803997
-0.18937798
-0.4771229
0.42948538
-0.60412157
0.1755933
0.9318263
0.5380126
-0.6197402
-0.55378383
0.88101363
0.64661264
-0.25885364
0.18616293
-0.52204716
0.4045719
-0.3488533
-0.2229735
-0.46600232
-0.118273176
-0.7456419
0.89863896
0.78022325
0.8383378
-0.03752979
-0.83009255
-0.87476027
0.8251301
0.6479394
0.033308364
-0.09558049
-0.33753783
-0.51797235
0.068176195
-0.52657324
-0.0062856656
0.3555472
-0.17527199
0.7174717
0.30626807
0.6009326
0.6818403
-0.1618993
-0.5632514
0.8647385
-0.111323886
-0.41787186
-0.98600155
0.767709
-0.8061979
0.84579825
-0.40319964
-0.6489805
-0.5092355
-0.1540719
0.33001196
0.5928075
0.13414124
0.9251066
0.765561
-0.05488464
-0.21704921
-0.52655315
-0.87454474
0.07534499
-0.6201344
0.27617863
0.088727966
-0.9899544
-0.2969658
-0.067057736
-0.17495614
-0.02187121
-0.66176444
-1.1375035
0.66300195
-0.073370285
0.27294806
-0.092934
-0.049587294
-0.5503317
0.2186855
0.20760378
-0.72220355
-0.1845864
-1.1272858
0.23673366
0.82411295
-0.64021766
-0.94706947
0.57427806
0.38603878
-0.26666394
0.012885286
-1.0163056
-0.27965304
0.07933546
-0.7833632
-0.42190784
-1.5122769
-0.20102705
-0.2930628
0.23642041
-0.31374973
-0.028788798
-0.6394418
0.44896942
-0.102307476
-0.87036484
-0.28934547
0.07595534
0.49826294
0.33181292
0.47925514
0.85747224
-0.81230044
0.23577134
-0.5878091
-0.8809817
-0.05328617
-0.6545506
0.8501065
-0.5734635
-0.575297
0.12620898
0.42530572
0.14305593
0.46615347
-1.1409366
-0.5973882
-0.19380642
-0.022607435
-0.62659323
0.7649614
0.42297107
0.28882998
0.4841413
0.210477
-0.7419282
0.258234
0.44695362
-0.7329966
0.6733452
-0.6355141
0.035650313
0.20350377
0.9327966
0.41915518
-0.91930634
0.97710246
0.6924661
-0.11866245
0.59004766
-0.14397651
-0.0019242921
-0.51569515
-0.15094827
0.06147919
0.09401977
-0.90290076
1.3243551
0.01932765
-0.2727229
-0.6556509
0.29187295
0.072305806
-0.36034262
0.3307436
-0.15403357
0.54801667
-0.57894087
-0.19861183
-0.48338905
0.38238338
-0.61726755
-0.381942
-0.24895224
0.30946133
1.0881275
-0.18574439
0.21242961
-0.7234341
-0.64936745
0.4353814
0.30964193
0.10417939
-0.055513978
-0.72544146
0.51088345
0.36382213
0.8330196
0.19785821
0.44592494
0.40520456
-0.18962352
-0.3860945
0.31970212
-0.73477745
0.2598064
0.18897898
-0.21443836
-0.03173866
-0.72808063
-0.46963036
0.5474882
0.43907124
0.275307
0.24076754
0.5398399
0.9604934
-0.28731877
-0.41670176
-0.16995715
-0.427725
0.4378923
0.79827285
-0.036224823
-0.24776821
0.4233477
-0.5631492
-0.4784704
0.07396986
-1.0120283
0.24788392
-0.6292542
0.8778705
-0.1543118
-0.081462026
0.50330913
-0.87949723
0.6537095
-0.5951782
0.12765732
-0.086251505
0.22912106
0.45124376
0.6412909
-0.074756145
0.45070204
0.61213857
0.44051716
-0.39637527
-0.25300482
-0.021343514
0.09313971
-0.16128042
0.28278008
0.5807248
0.034202814
-0.91701025
-0.744093
-0.56620663
-0.31701446
0.4381417
0.6214132
0.19576757
-1.241754
-0.13194486
-0.28214663
-0.20251597
-0.7783182
1.0929232
-0.5457275
-0.8710344
0.29136002
0.22092918
-0.32549492
0.6575512
0.09173443
0.20180751
0.53805447
-0.42952248
-0.21359111
-0.68993765
0.34627852
-1.0414164
0.53308403
-0.2354515
-0.39924857
0.23437929
0.27450702
-0.018279465
-0.55569005
-0.13591923
-0.1642564
0.3306133
0.1913321
0.15384865
-1.1091071
-0.6520719
-0.14923915
0.7539082
-0.33610445
0.5555719
-0.6296796
0.87180316
-0.47024682
0.25154218
-0.27617794
-0.31555647
-0.041255563
0.32075417
-1.0212419
0.5559419
-0.8718753
-0.8490818
1.170468
0.55643547
-1.0078644
0.03507159
0.18330151
-0.015972167
0.5267473
0.42959315
-0.84770525
-0.36647257
0.51499206
-0.13133906
0.45927536
-0.63225543
0.30239826
0.30670106
0.70430416
-0.8650432
0.29954323
-0.40771857
0.92322475
0.62851286
-0.48098293
0.71354485
0.2584477
-0.45124283
-0.09724077
-0.3913143
0.3195428
0.8718222
0.42839724
-0.17360798
-0.531628
-0.118706115
0.4373134
-0.6816195
-0.31771412
0.4321119
0.5625802
-0.17129715
0.44395065
0.41907734
0.49287036
0.45569846
-0.02194949
-0.28774604
0.37019917
0.014169729
-0.28227884
-0.059968367
0.6026307
0.82894105
0.47872326
-0.36714312
-0.77741605
-0.027681336
-0.03620568
0.8538011
-0.066765726
0.73885834
-0.63894117
-0.8728901
0.9714819
0.75585324
0.44741598
0.4093733
0.08213399
-0.68147206
-0.70636016
0.14072903
0.8077353
0.8709032
0.39648274
0.05195699
0.8014915
-0.59423906
-0.18337458
-0.88778996
0.7254876
0.11761034
0.039114818
-0.5403566
-0.5772096
0.32359114
-0.5483149
-0.24538057
-0.051197793
0.37348983
0.6974825
-0.49639907
0.45528528
-0.65245897
-0.6006303
0.3455762
0.3970752
-0.6911416
-0.6450411
-0.47373128
-0.773863
-0.44794866
-0.26050845
-0.085874096
-0.52373964
0.855101
0.36406258
0.8140028
0.40550688
-0.41819257
0.5277172
-0.79438204
0.5330843
-0.014305666
-0.11227884
0.35735053
-0.39122525
0.023787891
-0.91583186
0.102617845
0.029569073
-0.45747727
-0.23103054
0.22834018
-0.25242752
0.11211359
0.14880224
-0.4658768
0.47182998
0.39136463
0.7237619
0.2143393
0.054190233
0.9109588
-0.106907845
0.102085836
0.92873
-0.17634554
-0.19341047
-0.6151496
0.8293956
-0.010954366
-0.14886633
-0.52032995
0.3633699
-0.6176673
-0.09432613
0.3610716
-0.57505935
-0.33322778
-0.43654668
0.09600602
-0.10205204
0.004141113
-1.142429
-0.3415699
0.28457332
0.43857646
0.36430714
0.284277
0.38992748
-0.4679951
0.49907738
-0.97245955
-0.72937566
-0.15052328
-0.15852992
-0.19138771
-1.1224033
0.56737316
0.6241218
0.45679113
-0.10418118
-0.13101082
-0.19786982
-0.2566244
0.116083845
0.47025046
-0.77088463
-0.25636587
-0.61798674
-0.26081997
0.8770247
-0.3734073
-0.6822793
-0.2948031
0.8374094
0.04356636
0.12700035
-0.64613175
-1.3260034
0.048996497
-0.11061168
0.14832017
0.64544255
0.8486778
-1.1618783
-0.2827544
-0.22853719
-0.56309325
0.42365283
0.07046707
0.6539812
0.19974433
-0.2621621
-0.13412365
-0.32519475
-0.75636935
-0.7317852
0.11341358
-1.1074958
0.056074616
-0.054709423
0.59627306
-0.49882963
-0.7336323
-0.6094983
0.6717047
-0.22350897
-0.65797704
0.67128205
0.17784172
-1.04658
-0.5214046
-0.29967925
-1.0001109
0.90790427
0.09328111
-0.9333276
0.31699854
0.25011808
-0.46599668
-0.7307931
-0.11767505
0.83582455
-0.6006706
-0.2765907
-0.30465358
-0.7895881
0.30085245
-0.37085557
0.5049593
0.90291554
-0.23869479
-0.69900566
0.77081305
0.008931509
0.12266096
1.1634712
0.4104415
-0.7145007
0.13790148
0.55442244
-0.4503515
0.106698945
0.7163414
0.5665041
-0.13899013
0.13236153
0.63823456
-0.36310023
-1.2081478
0.5936106
0.62537456
0.3256627
-0.8903445
-0.7225676
0.31540585
-0.45820093
-0.05120393
-0.30569485
0.19536726
0.08316573
-0.37712783
0.8134764
-0.073031455
-0.0026658676
0.78748983
0.2085319
0.48179913
0.5544574
0.48809585
0.048627164
0.52781993
-0.63906425
-0.3339384
0.3466946
-0.35371494
-0.63684905
-0.82315964
-0.40955192
-0.021737201
0.69963366
0.54959106
0.31172195
0.72424215
-0.14272256
0.5000784
1.100662
-0.4646039
0.08155833
-1.1504166
-0.110463165
0.59722507
0.23337612
-0.2916111
0.015605361
-0.5347731
-0.66702497
-0.33953136
0.67087555
0.08407079
-0.1292045
0.469416
-1.1878254
-0.8304485
0.0644209
-0.5307741
0.06309052
-1.0928764
0.7974247
-0.5573802
0.4439947
-0.08367121
0.2198352
-0.2849754
0.8531146
0.008020323
0.53359914
0.50985265
-0.52559155
-0.57343405
-0.31162065
0.2727702
0.278306
0.27492258
-0.20039609
-0.1894797
-0.41654465
-1.0190481
-0.09166021
-0.09900465
0.3063313
-1.0254027
0.15510863
-0.81080943
-0.47460604
0.46588624
-0.20442702
-0.54062563
-0.2296196
-0.3372401
0.04616938
-0.2365705
0.22460616
0.5859584
0.17280114
-0.89457566
0.6682134
-0.38107497
-0.020723578
0.7232351
-0.327359
-0.46327645
0.85702693
0.15942796
0.73367363
0.11142273
0.036607593
-0.51765925
-0.02693125
0.14694946
-0.19369815
0.29968512
0.8267387
0.9477171
0.1971193
-0.4553826
-0.01813265
0.33564377
-0.061171338
-0.12982713
-0.39449963
0.99995434
-0.65733325
-1.427888
-0.1829689
-0.3330392
0.27891162
-0.8205716
0.05300392
0.7633327
0.7589046
-1.0202246
-0.39774886
1.0360204
0.20694771
-0.64214665
0.43150073
0.40135023
0.45718834
-0.31097385
-0.067373976
0.7234025
-0.4511612
0.8005325
-1.0961456
0.4200873
0.8368827
0.7243552
-0.11639804
-0.39647698
-0.3658429
0.15404727
0.31479964
0.39510587
-0.43466917
-0.5310014
-0.6991982
0.31162006
0.6626182
-1.0826337
-0.39636916
0.44763607
-0.6309834
0.40807384
-0.73735267
-0.76993877
0.5529525
-0.25113407
-0.41104716
0.6071975
-0.21098047
0.4769558
0.5456996
0.06987142
-0.572215
-0.7344287
0.6110372
0.5107599
-0.8038446
0.108255506
0.5772605
0.4392056
0.18549414
-0.40091187
0.6651362
0.2592658
0.745654
-0.16790126
-0.47909224
-0.76578426
-0.12779856
0.747558
0.025876826
-0.058106255
-0.56632096
-0.1301625
0.39832214
0.41146734
-0.9080362
0.5511313
0.13692304
0.058497444
-0.18651614
0.913194
-0.83451205
-0.04952438
0.026177365
-0.2181319
-0.47596487
-0.0012537253
0.6764755
-0.41034496
1.0571861
0.3261661
0.8055086
-0.08717286
-0.268133
0.52491164
-0.70908666
1.1642212
-0.7263335
0.6962586
-0.5391414
0.37260905
-0.29636428
-0.46694052
-0.085660875
1.0439647
0.34910598
0.23189387
0.6841706
0.33578762
0.49370533
0.35121644
-0.7366942
-0.10798474
-0.008641289
-0.7930797
-0.07594119
0.3605511
-0.8472573
0.35789225
0.5923732
0.18620808
0.743924
-0.816904
-0.25241718
-0.20011866
-0.38709238
0.82111114
-0.36233547
0.2824844
-0.22179912
-0.13163614
0.50160223
0.2331617
0.005792697
-0.5485034
-0.19927396
-0.40305468
0.117107816
-0.81256366
-0.18081944
0.6926148
0.5091999
-0.59106076
0.5863528
-0.6562413
0.90717286
-0.043391302
0.89424056
-0.35253847
-0.42721814
0.40305403
0.22476861
-0.3433227
-0.72444224
0.20459983
-0.1702176
0.19459574
-0.2566228
-0.14354411
-0.072513714
0.37473935
-0.28128985
-0.668718
-0.18533015
-0.45343286
0.19375235
-0.37784585
-0.8263601
0.12313532
0.25923148
-0.24746862
-0.66177946
-0.6681623
0.56076676
-0.19927654
-0.46791595
-0.25293392
-0.3629742
0.25081226
-0.2623179
-0.6594721
0.27626577
0.13268304
0.20631763
0.40918973
0.8113996
-0.7854025
-0.13301066
-0.36135173
0.12049819
-0.14242284
0.08740072
0.32294732
-0.61240095
0.11117858
-1.0302614
-0.077604935
-0.34971976
0.15786886
-0.10293163
-1.0706673
-0.28556287
-0.21174183
0.20683242
0.6363542
-0.669742
0.44066808
-0.18679336
-0.011630365
0.69358665
-0.7618652
0.49515167
-0.64216524
-0.113634184
-0.6760314
-0.6830482
0.39944094
-0.17347182
0.69809705
0.5130709
1.0128088
0.44523135
0.62015516
-0.23419803
-0.13419406
0.054798957
-0.2552035
-0.8715043
-0.7784245
-0.68259835
0.4821658
0.9209997
0.6364996
0.039114676
0.75152177
-0.83024085
0.6105398
-0.08782883
0.12160648
0.1803062
0.7096984
-0.07732543
0.84171677
0.31266087
0.5905351
0.006719279
-0.02710172
0.14521582
0.5036445
-0.79050195
0.23270068
0.025107965
0.6578677
-0.9461564
0.16736476
-0.58436143
-0.6717253
0.12337377
0.6360497
-0.2999103
0.17142747
0.30272838
-0.10890011
-0.07169533
-0.19632846
-0.57595116
-0.37715608
0.7901541
0.06598855
-0.074276686
-1.1047982
-0.075492844
-0.4023917
-0.60503924
-0.015776098
-0.57329845
-0.28856
-0.23573077
0.2552927
-0.033740394
-0.012700158
0.21786301
-0.573089
1.0561775
0.9344149
-0.73076504
0.48471746
0.7029681
-0.14765358
-0.06968154
-0.13362366
0.294625
0.80163985
0.021619193
-0.06261283
-0.92326456
0.6688436
0.11110209
-0.5698228
-0.58843595
0.9826017
-0.50808775
-1.0615529
0.15624718
-0.3348931
0.6278123
-0.60678065
0.86357087
-0.21669187
0.81259704
-0.5427902
-0.26681456
-0.8676516
0.5876844
0.6706479
-0.020920414
0.63169765
0.3571338
0.7184794
-0.13190311
0.99030936
0.19206592
-0.11165856
0.0023290506
0.5607904
-0.25808296
0.16086736
0.12847361
0.46491674
1.1067469
-0.69339144
-0.25099993
-0.48113856
0.32793754
0.5123293
0.2232564
-0.556529
-0.5827346
0.52906704
0.16566436
0.16501686
-0.8129755
0.05472982
-0.12289584
-1.0732689
0.4072989
-0.44155595
0.78341246
-0.27533618
-0.35610768
0.21051612
-0.27372003
0.007889354
-0.24173577
0.3705557
-0.11281531
-0.38077077
0.8645119
0.9456682
-0.84600735
0.60079306
0.023307154
-0.24462219
0.033731524
0.26067194
0.19905834
-0.5544088
0.23149313
-0.23121484
0.48995623
0.8575363
-0.0879121
-0.17410965
-0.16589114
0.17303218
0.50934136
-0.84553885
-0.09233643
-0.50452536
-0.2119653
0.5747401
0.32637593
-0.578987
-0.10513671
0.5862221
0.09727402
-0.3500974
0.48115253
0.42865732
0.833242
0.6986096
0.11169086
0.28830427
-0.09251633
0.27539897
-0.827838
-0.3060926
-0.4282236
-0.04271327
0.44884658
-0.29658702
0.02672222
1.0897671
-0.8451218
-0.29262128
0.15164885
-1.0453377
0.5244797
-0.89884967
0.30735528
0.25154528
0.35944772
-0.27337372
0.39404097
-0.63528997
-0.3787924
-1.3133514
0.779461
0.21610066
0.0787528
-0.2613582
-0.51596063
0.42200482
1.0851926
-0.34509477
-0.20514236
-0.4320583
-1.1768638
0.108662836
-0.78187156
0.76790977
-0.4028474
-0.061284665
-0.9220343
-0.47941312
0.92061347
-0.59345126
-0.61425257
0.35415652
-0.31274626
-0.3238725
-0.7372811
-0.54983544
-0.7548101
0.7025303
0.09422022
-0.91560334
-0.52079195
0.71070004
0.65697503
-0.8223083
-0.44463506
-0.17444366
-0.4692985
0.1198961
-0.42683685
-0.1830276
0.10586032
0.28706586
0.42789298
-0.24903464
0.16619013
0.16153885
0.45740083
-0.3737072
-0.13882765
-0.8338802
-0.23242854
0.64856714
-0.46783838
-0.42708796
-0.56023854
-0.44178963
-0.6991828
0.8406029
0.013260703
0.31701657
0.0025864462
-0.42900047
0.60449153
-0.5680007
0.4778798
-1.4950528
0.6082615
-0.36388206
-0.75434303
0.8355437
0.19557376
0.29804346
0.024091648
0.65101635
-0.18124925
0.41139093
0.46456867
0.4043512
-0.84265834
-0.771991
0.3806704
-0.49539852
-0.4927432
-0.27534074
0.08822023
0.46268907
-0.5609835
0.64679015
0.24109875
0.59654474
-0.64703035
-0.3750421
-0.7680794
0.18829846
-1.1153792
-0.3197819
0.24576142
0.21462715
-0.34331176
-0.48336458
-0.016171787
-0.3430029
0.800772
0.3631665
-0.2968055
-0.14967865
-0.5856657
0.32400852
0.96884936
0.14056133
-0.17413498
0.73059
-0.45204493
-0.20880437
-0.5825955
0.5736807
-0.0794152
0.8164251
0.823366
-0.072782084
-0.8086075
-0.16494451
0.3029959
-0.039148778
-0.123387896
-0.11374583
-0.056664668
-0.012877002
-0.24657458
-0.7456401
0.39840674
-0.3628755
-0.5307912
0.77954143
0.9515386
-0.6628117
-0.52886534
-0.23919839
-0.3843552
-0.91553015
-0.46245635
0.8661323
0.12949844
-0.14613655
-0.5174512
-0.47599185
0.51840526
0.7259148
0.76582545
-0.42630586
-0.35582492
0.7168928
-1.1997162
0.3851753
1.0376636
-0.016730426
-0.23560311
0.25253135
0.007712652
0.62192
-0.41865838
0.112717666
-0.06751313
-0.094460994
-0.74026877
0.17416738
0.42523327
0.57729673
0.8020289
0.30866247
0.5981988
0.26548773
-0.8023176
-0.8720605
0.44208273
0.6859842
-0.18617108
0.5047666
-0.84763217
0.33485645
0.07721281
0.9251854
0.062429674
0.18696237
0.68276215
0.07777465
-0.079877496
0.27472925
-0.065554805
0.6147632
-0.9449722
-0.37661016
-0.92107683
-0.13779476
-0.6075466
-0.27742893
1.1521267
-0.45052847
-0.91102225
-0.054198414
-0.8472656
-0.37299296
-0.5429244
0.624255
0.92955935
0.101595365
0.96949285
0.69945055
-0.9573063
-0.50017446
0.70488083
-0.101892225
-0.071091875
-0.8366911
0.36932808
0.1994284
0.65547746
0.34617302
0.8995906
0.30346763
-0.72938585
0.7292211
0.19844627
0.23521593
-0.023516314
0.48013717
-0.81401664
-0.59691733
0.12338455
0.3316181
0.5788501
0.2810142
0.5214577
-0.21896012
0.7163574
0.73758066
0.06430704
0.36066774
0.28730333
0.40046486
-0.17409234
-0.1343349
-0.32807806
-0.21563807
0.2997867
-0.0834101
0.07951607
0.588033
0.7328205
0.5870009
-0.6245203
-0.1129471
0.6520979
-0.44723725
0.614413
-0.8603829
0.47514793
0.6662495
-0.55114996
0.11533692
-0.08243845
0.83665353
-0.21782055
0.553138
-0.790921
-0.6763319
-0.10470542
0.67307454
0.5439473
-0.4602746
0.84718734
-0.011225418
0.2443251
0.2536233
0.008064901
-0.38861606
0.30072176
-0.5834047
-0.7426686
-0.018604511
-0.3742165
0.48753968
0.112932876
-0.048941106
-0.21508428
0.2595127
0.20166703
-0.06656965
0.38790298
-0.3277697
0.18389602
0.63412935
-0.34114298
1.0694104
0.39886257
0.3810709
0.5740259
0.7046378
-0.367903
-0.49402624
-0.35507712
-1.084925
-0.6779564
0.20094433
0.09758508
0.48234645
-0.55279773
-0.3890819
-0.19948252
-0.27647012
-0.6087985
-0.12797065
0.099086754
0.24198043
-9.6036436E-4
-0.41758394
-0.2077778
0.015419593
1.07141
-0.19644956
1.1026605
0.049690012
-0.75081486
0.23885012
0.2451349
0.20150492
-0.26217872
-0.16597722
-0.75642115
0.3486582
-0.24211738
0.85287744
0.15879942
0.20366645
0.6620533
-0.3190714
0.18018413
-0.37412342
-1.0095421
0.61995745
0.44819522
-0.22363834
0.5863051
0.5552107
-0.6728485
-0.21564157
-0.5061019
0.41918516
-0.049771
-1.2814163E-4
0.5014623
-0.53251183
-0.055747785
0.804717
-0.4628684
0.019286396
0.017682403
0.9567234
-0.09494652
0.8465363
-0.63739663
0.15102063
-0.23659573
-0.25704667
0.09860656
0.05245741
-0.06324962
0.20054562
0.117101125
0.14340305
-0.0065174564
0.22402297
0.28722945
0.2507185
-0.19516309
0.8161418
-0.35915154
-0.15398827
0.90145016
0.05997139
-0.649691
-0.15097032
0.59522694
-0.7285468
0.7602814
0.47695625
1.0492313
-0.5260302
-0.8545912
-0.13631842
-0.45009333
-0.28218278
0.53864294
-0.62010837
0.12105443
0.20295706
-0.3002053
-0.06251949
0.52728087
-0.09074475
0.19339946
-0.6751032
-1.0726119
0.31198108
-0.998506
-0.3777658
0.29331613
0.25708273
-0.22740927
0.80416584
-0.4948532
0.6404617
-0.60874945
-0.04566579
-0.40197286
0.02482113
0.7946214
0.7544934
-0.49401045
-0.60028625
-0.23824638
0.30957818
0.64759755
0.29713783
-0.099680915
-0.5621212
0.41660565
-0.3284751
0.12477772
0.18667354
-0.7243903
-0.06423217
-0.6835754
-0.59076387
0.99295586
0.5854782
0.17437455
0.6957495
0.4388163
-0.35496372
-0.49055058
-0.054975122
-0.9148975
-0.6491596
-0.76443684
0.54113305
0.5298817
0.66891783
-0.5636438
0.08896968
1.1301935
0.18212824
0.19942518
-0.39639986
0.06923388
0.35602507
-0.11420178
0.025503824
0.62764424
0.6253939
0.33792147
0.23482364
-0.27831593
-0.06212883
0.19011654
-0.66263115
0.795362
0.83412296
0.64981335
-0.8531669
-0.47596067
-0.14590664
-0.2232214
-0.6617428
0.5978049
-0.7013301
0.6497778
0.6890603
0.8607787
0.53183717
0.5623665
0.71154135
0.47334903
-0.30938834
-0.26475775
-0.48102823
1.1210475
-0.38054883
0.15249395
-0.22850041
-0.04993447
-0.2316086
0.14521982
-0.20875268
-0.25294378
-0.29418957
0.08018884
0.7550152
0.12284752
0.59019953
-0.07220377
0.49492887
-0.7314904
0.19105111
-0.65887713
-0.09083936
0.45161226
0.50490725
-0.0094794845
0.9497216
-0.2413402
-0.20474109
-0.8169921
0.99590975
-0.42633295
0.52407616
0.08048801
0.14056088
0.043433838
1.0494483
0.93526644
0.012285005
-0.5274956
-0.86441725
-0.21479276
0.53413635
1.0105102
-0.9378728
0.15062326
0.4271162
-0.45152494
-0.42220002
-0.6401107
-0.0016024562
0.49370688
0.30770677
-0.20699543
1.2629929
0.1299007
0.029313412
-0.23367691
-0.6282552
-0.48153135
0.6441867
0.1694075
-0.5343874
0.501863
-0.6548241
-0.4043985
-0.10796367
-0.18496671
-0.13073967
0.52968895
0.056151748
0.060632534
-0.46009928
-0.30115038
-0.5545887
-0.5502366
-1.2396806
0.6840534
0.6546765
0.06242594
0.35302743
0.17346966
-0.24476126
0.09296907
0.9385245
0.45234418
-0.5227231
-0.62657905
-1.0238731
-0.34943244
0.01101271
-0.0761189
-0.15347826
0.89311045
-0.4092018
-0.1185782
-0.30270576
0.3618491
0.5173256
0.42517182
0.5280379
-0.9905612
0.062791005
-0.12253114
-0.33466956
-0.60878354
1.1942108
-0.13783619
0.69293094
0.17014076
-0.84805506
-0.42035428
-0.67073315
0.11334973
0.009642202
0.9499523
0.24036053
0.91429013
-0.13793804
0.5757827
-0.4082653
0.30427358
-0.5241013
0.49566114
-0.19952191
-0.6711308
-0.6531743
-0.6376327
-0.06882648
-0.25089207
0.08440413
0.7800447
-1.1680009
-0.30384007
-0.1337478
-0.48046452
-0.02089342
0.55979913
0.012212873
0.56360483
-0.13182041
-0.67479366
-0.32921615
-0.7681142
0.45768845
-0.3868465
-0.12246041
-0.7701401
-0.6779854
0.1758597
0.6863929
0.4260397
-0.2542928
0.31072316
0.012510089
-0.3670169
-0.56956923
0.0053509357
-0.9506412
-0.009664803
0.21110411
0.40213698
0.08459731
-0.0494717
-0.06870412
-0.3820484
0.44256532
0.09100673
-0.50848466
0.38892317
-0.42832494
0.20363505
-0.2072241
-0.9568
0.62900525
0.20371768
0.9865619
0.857539
0.88789827
0.83682686
-0.23621702
0.070185445
-0.7840157
0.23967767
0.320081
-0.41932294
-0.086943306
0.3365858
-0.041030288
0.46438605
-0.5080606
0.2509922
0.7982113
-0.5736878
-0.12417394
-0.017738232
-0.45478663
0.8447028
0.076228276
0.1556042
-0.67306685
0.20660128
-1.1612732
-0.18403156
0.25639918
-0.08798572
1.1285632
0.78372383
0.5349076
-0.15902661
0.5115834
0.7120677
0.70601475
1.1136485
0.34968743
-0.07307691
-0.5187241
0.75909543
-0.10812854
1.0297141
-0.029794257
-0.35092354
0.17187506
0.40370384
-0.19888607
-0.5144072
0.31533724
-0.027796304
0.6417462
-0.26855958
-0.8843428
-0.4256695
0.04360259
0.33849064
-0.5149259
0.29127014
0.7670406
0.29544458
-0.50481534
-0.49765262
-0.25171405
-0.8445249
0.59103817
-0.60974056
-0.03449316
-0.29480475
-0.16657992
-1.0583869
0.35099936
-0.51418436
0.7828066
0.75911397
-0.5385011
0.32310182
0.381413
0.7912876
0.5188431
0.028440215
0.41154915
-0.080901146
0.5013694
0.5565507
0.19561481
-0.2899621
0.39557436
0.24485888
0.52314353
0.043072373
-0.07711094
-0.5940461
0.40295938
-0.53601336
0.4127354
0.67094916
-0.49377537
-0.1660687
0.13299663
0.5398736
-0.014798676
0.16053104
0.19595066
-0.6326053
0.83498925
-0.83186835
0.32171902
-0.38380086
0.13843705
-0.18828878
0.49086338
0.24378939
-0.59370184
-0.05571934
1.0883989
-0.7478468
0.95239437
-0.07735974
0.7607686
-0.40715224
0.8747485
0.47016943
0.8446433
-0.4687409
-0.6962732
-0.56422627
-0.23926002
-0.20006654
0.033636183
-0.5067783
-0.7731846
0.91941684
0.28014147
0.13403921
-0.38788953
0.2783333
0.807861
-0.55268365
-0.6584202
0.34926832
-0.07419017
0.3323186
-0.25548318
0.28253135
1.1037842
0.5477484
0.1550131
1.5404395
0.5524556
-0.6903423
0.60793793
0.24736902
-0.5430976
0.6125475
-0.81717193
0.24549907
1.0821015
-0.30979624
0.30569056
0.29235348
0.0904472
-0.31609014
-0.30588865
-1.2565207
-0.198771
-0.2456641
0.46398255
-0.32844427
9.573881E-4
0.50844586
-0.52101177
-0.346999
0.1721099
-0.0097100325
0.27411082
0.7060858
-0.2850856
-0.7884242
0.031323783
-0.5269259
0.8729815
-0.77860075
-0.6024562
-0.81692964
-0.09370837
0.48325807
0.16687897
-0.33514768
0.6094857
-0.4484351
-0.23155688
0.35580552
0.16707842
0.090744115
0.029054567
-0.12152214
0.3279861
0.7161774
0.058342356
-0.31220907
0.26574248
-0.43588626
-0.59921837
0.7868165
-0.5734832
0.6188437
0.36731336
-0.059171654
0.23706707
0.712249
0.3605933
-0.24578387
-0.6618959
0.9918471
0.2069417
1.1546679
0.036300626
0.09926015
-0.48409042
0.6832718
0.79521006
-0.5462904
-0.96427304
-0.5370789
0.35315424
-0.552421
0.05262517
-0.47977766
-0.45990914
0.15900251
-0.34562036
0.22821853
0.06142366
0.6263334
0.80091625
0.4498677
-0.10358923
0.2963555
-0.69886404
-0.12110926
-0.22971149
0.31300557
-0.33245715
0.5458421
-0.81607074
0.060862962
0.38242292
-0.29529986
0.118197165
-0.038842812
-0.25625077
-0.0421129
0.8352704
-0.7005515
0.54688376
-0.6787563
-0.2263916
-0.19529033
-0.47794425
0.050588872
1.1204393
0.17489919
-0.030120261
-0.65071315
-0.94325185
0.13650693
0.9751279
-0.89168763
0.46498647
-0.21389389
-0.46531054
0.17552085
0.1497089
0.13505654
0.46206456
0.49676237
-0.56275177
0.03269316
-0.6666838
0.10659917
1.0428714
-0.3589504
0.84021187
0.8563438
0.19591759
-0.78868586
0.42279133
-0.3502595
-0.41446075
0.015880648
0.35766897
0.17150405
-0.20918478
-0.7241477
-0.18232097
1.0198905
0.10925313
0.521817
0.07048975
-0.090920046
0.3903947
0.46347243
-0.4145103
-0.18353704
-0.2457353
-0.2875437
0.0126784565
0.42832208
-0.27998427
-0.30166265
-0.014890038
0.82736194
-0.60339147
0.42014623
0.19596459
0.224432
-0.10467938
0.0721015
-0.28445733
-0.3239954
-0.4475201
0.4328902
-0.04360642
-0.19430485
0.5979038
-0.062514596
0.2437804
-0.55094707
-0.415316
0.01801994
0.07321253
-0.05026081
0.29379576
-0.55252224
-0.061122905
-0.49712628
-0.70339465
0.7468809
-0.3138487
-0.034162566
0.39764214
0.4867477
-0.72794807
0.053338572
0.7301311
0.12198149
0.26658437
-0.3512395
0.3128588
-0.019497395
1.0691102
0.032194864
-0.07836477
0.61573106
0.6736708
-0.084701404
-0.32162407
-0.9217161
0.45227933
0.59518296
0.15438005
-0.5961873
0.39704797
0.7967809
-0.26162398
0.62672544
-0.12330805
-0.66607916
-0.25735173
-0.46624953
-0.28717005
-0.41782662
-0.6062733
0.006915049
-0.22548483
-0.14676507
0.69756997
0.67065215
-0.78459626
0.7136444
-0.85460925
0.2405096
0.48712286
-0.86369103
0.6454498
-0.11467801
0.41427618
-0.7959673
-0.5689298
-0.19306064
0.21603113
0.22771183
-0.47898695
0.43217835
-0.36170483
0.5528029
-0.3014417
-0.73351884
-0.3450739
-0.07990759
0.16245963
-0.4832578
0.10820107
-0.39004013
0.42129633
-0.067773454
0.7311308
0.41774845
-0.97093266
0.07406982
-0.73346126
-0.23014624
-0.22195244
-0.74981683
0.43613955
-0.4862799
-0.7079267
0.9487512
-0.6173278
0.18808495
0.68113554
0.4553479
0.7501071
-0.91056097
0.7509912
-0.15816246
-0.45473573
-0.49659806
0.16629168
0.39443713
-0.33531564
-0.796488
-0.3229467
-0.16327362
0.27958262
-0.26656416
0.05839055
-0.10356378
-0.35423294
-0.061406065
-0.011812254
0.29083192
0.33502275
-0.17799135
0.07790544
0.09909642
0.1800333
1.072259
-0.05545952
0.74186003
-0.42804813
0.37190282
0.67544264
0.4609903
-0.38643637
-0.46595147
0.81005603
-0.89242554
-0.18394811
-0.14116377
-0.10887741
0.44027728
0.0073195044
0.2813192
-0.44543332
-0.19271104
-0.4273884
-0.4974307
0.6599718
0.2818881
0.19524041
-0.70567787
-0.20896833
-0.30416337
-0.40997306
-0.4175779
-0.005881496
0.1744258
0.74992645
-0.030553527
-0.96478826
0.028580436
-0.3130535
0.20233905
-0.15335399
0.3899403
-0.15222135
-0.45425317
0.21706672
-0.2414696
-0.54508483
0.47922778
-0.25993812
0.13498388
0.51006126
0.68488795
0.22791235
0.9723982
-0.59705037
0.7602308
1.0222033
0.69649476
-0.5952549
0.7566149
0.051367857
-0.024950553
-0.7284818
0.16074076
-0.432459
0.68134546
0.27257666
-0.3961862
0.7328032
0.13784659
-0.08742627
0.4524006
0.57870173
0.26342192
0.34042066
-0.3835334
0.1409166
0.84314775
-0.4825635
0.06839523
-1.0696216
-0.21301064
0.37906873
0.35309073
0.79929245
-0.42985898
-0.4646788
0.08150971
-0.32949957
0.8323741
0.5827388
0.063702516
0.8264915
0.26846334
0.2599096
0.2687831
-0.6102499
-0.3618851
-0.6659515
0.53913885
-0.34334216
-0.6463974
0.28708094
0.26551044
0.47623646
0.47441053
0.27216008
-0.8271687
0.4813367
0.19661498
-0.5677878
-0.7972072
0.7022507
0.9749179
-0.19273332
-0.6440166
-0.36642823
-0.21797234
-0.5633015
-0.28096762
0.3910044
0.5433164
0.16528505
0.22890316
0.055052068
-0.22526887
0.19727843
0.27602926
0.6189361
-0.47718135
-0.38299796
-0.3928846
-0.13079943
0.6443145
-0.66530067
0.110975996
0.16901681
0.40630767
-0.7797421
-0.2415463
0.05662235
0.5589029
-1.0497135
-0.41233674
0.30428147
0.7203053
-1.1146092
-0.2083347
-0.6288766
0.13501818
-0.10957136
-0.47190863
-0.75258994
0.6484671
0.33319834
-0.18969028
0.41089368
-0.5208442
0.05462312
-0.5002639
-0.26004866
-0.6035412
-0.41284412
-0.2759998
-0.15807952
0.49696842
0.20303248
-0.30503717
-0.8947977
-0.42201257
-0.002516966
0.15290357
-0.367916
-0.19625087
-0.26658747
-0.72544396
0.18819502
-0.65939814
0.6077649
0.26115677
-0.616886
-0.6758718
1.060719
1.0023581
0.8754989
-0.096912466
-0.34802002
-0.16224103
-0.71178675
-0.49891338
-0.35845095
-0.026586602
0.065897465
-0.78993475
0.25421545
-0.21591492
0.07226794
0.034597594
0.194617
0.29384688
1.2205265
-0.5387725
-0.23314524
0.4567623
-0.665003
0.18870474
-0.35334706
0.058967803
-0.101264894
-0.5533594
0.62035704
0.95303684
0.30098933
0.15160234
-0.23107919
-0.12657712
-0.074315526
-0.21713777
-0.08702598
0.4048227
0.15351301
-0.02040415
0.33535606
-0.4579377
-0.58590525
1.1521778
0.5919684
0.09961443
0.44321004
0.5600016
1.3862662
-0.5446273
0.28595877
-0.8286898
-0.5540767
0.1703384
0.33594528
0.5550209
0.2926015
0.63081026
0.1247882
-0.39664263
-0.48680964
0.174275
0.6204608
0.3528855
-0.7353276
-0.76066446
0.94161165
-0.4445055
0.111931905
-0.5942625
0.17038943
-0.34138873
0.04089871
0.37928456
0.3515689
-0.7108267
-0.08314374
0.44470873
0.8306954
-0.5683917
-0.16592121
-0.7060531
-0.10201561
0.63633436
-0.39473337
0.5155944
-0.31418097
-0.23308924
0.103385076
-0.6978632
0.2593235
-0.28327227
-1.2322371
-0.05620927
0.6087194
0.43841454
-0.6349124
0.03695609
0.3246014
-0.5619014
-0.08008524
-0.50001526
-0.28761044
0.22728972
-0.04498689
0.48170573
-0.96270704
0.079886034
0.9056475
0.29741544
-0.07826525
0.7161347
-0.088535145
-0.06504269
0.38933522
0.83784753
0.3772391
-0.08935161
-0.18855835
-0.68297887
-0.76059467
-0.057857998
-0.30856165
-0.58602995
-0.25418273
0.7667737
-0.09493691
0.37213215
-0.31808722
0.5402578
0.92489135
-0.4904465
-1.0426342
-0.15146193
-0.70214266
0.6471617
0.62016463
-0.5622532
-0.27756605
0.13204318
-0.2511357
-0.93262684
-0.83640575
-0.5275398
-0.75406754
0.05112742
-0.32099643
0.6920862
-0.0060288007
0.7087847
0.66786695
0.08332189
0.85531825
-0.12545575
0.121785365
-0.05986902
0.5340434
-0.9614085
0.5551487
0.09103784
0.33991146
0.54987293
0.7946907
0.34974834
0.653043
0.1481844
-0.8385552
0.99322146
-0.13079643
0.77166367
0.2642448
0.1812154
-0.08308246
-0.47573024
0.69003916
-1.0522537
-0.42496273
-0.94760954
-1.0395895
-0.2034603
-0.053255275
0.056141168
0.4557733
-0.02036863
0.21475452
0.5455624
-0.5842862
0.6753906
-1.0859021
0.38255304
-0.36293092
0.5470991
0.66507924
0.72602135
-0.40290383
0.008589895
-0.3953953
0.45938775
-0.66490936
0.5873739
0.0192309
-0.28223237
-0.5649697
-0.08852181
-0.36614147
-0.58647877
-0.3325855
0.6888162
-0.10904111
0.07886691
-0.32177442
0.47586662
0.36936888
-0.77140254
-0.1072069
0.3803641
0.19238408
-0.6499814
-0.031209737
0.7549853
0.27281433
-0.77694684
-0.1296426
0.7578164
-0.39692548
0.47128686
0.010386234
0.2752463
0.16194665
-0.99851996
0.2501404
0.016281694
-0.70612603
-0.5086421
-0.3561287
0.15940751
0.019537866
-0.27333373
0.007870574
-0.65130055
-0.21676993
0.76026124
-0.36889237
0.6447291
0.18073846
0.52265966
-0.51294094
0.7243263
-0.23555006
-0.44704375
0.4385537
-0.07527275
0.36743847
0.09731731
-0.5886026
-0.016592853
-0.07451062
-0.059908755
-0.80207485
-0.6512252
-0.85078514
0.23350765
-0.11545136
0.054507125
0.012769237
0.22216561
-0.52116257
-0.6794388
-0.6704965
0.530992
0.11141187
-0.9068347
0.28528228
0.3676234
-0.657758
0.64980674
0.4714647
-0.081571385
0.23859614
0.9601231
0.06733821
-0.09158398
-0.73013055
-0.38632044
0.20990509
-0.22367054
-0.7338982
0.16932078
0.45224103
1.2818902
0.12023662
0.5292136
-0.2639318
0.8948425
-0.2254539
1.0362583
0.9063569
0.4679708
0.51402277
-0.37582698
-0.08733641
-0.936558
-0.43785653
0.87573165
0.25435996
0.09957354
0.55631286
0.29592234
0.181202
0.29877532
0.3272145
-0.23935531
-0.15545422
0.19277512
0.3458038
-0.90907997
0.13384692
0.45673358
0.33420265
0.18029031
0.31402978
0.09158408
-0.31198922
0.83698136
0.30926612
0.0537173
-0.24643037
-0.3267329
-0.61128557
0.07296125
-0.1794246
-0.34323868
-0.38847357
-0.16474299
0.66483986
-0.26856652
-0.16436395
-0.18707205
0.62761986
0.7228407
-0.1483658
0.06981815
-0.1371981
0.610476
0.31846157
-0.2931351
-0.13540782
0.48864007
0.42592916
0.6265638
0.9753223
0.6559472
0.76957035
0.32047084
-0.9746337
0.3169919
-0.19215594
0.05239224
-0.053630475
0.2914372
0.07162916
0.41964534
-0.042737328
0.31437194
0.40039814
0.5281864
-0.9526055
0.4609017
1.0339843
0.020436063
0.42646092
0.043339394
-1.1342621
-0.41805562
0.53865063
1.0275133
-0.26919335
-0.3908584
1.1506512
-0.035137907
0.67998946
-0.06856604
-0.060340013
0.4922724
0.24204089
1.0167885
-0.65343463
0.39617407
0.16573043
0.3442564
0.47600967
0.16860707
-0.32042566
-0.10363357
-0.36546126
-0.38672802
0.13200644
0.36508372
0.20700821
0.26269528
0.08630601
-0.013058007
-0.28368202
-0.357846
0.008545942
-0.9941666
0.14806563
0.22060859
0.09292
-0.36822674
0.65872675
0.4573155
-0.25329244
0.53231466
-0.51026356
0.80672705
-0.4580234
0.54144365
-0.47556874
-0.5388215
-0.648562
-0.31628934
-0.5745229
-0.15486526
0.5976115
-0.2592527
0.07551527
-0.5465669
-0.4519144
-0.41501576
-0.86713153
0.9519391
0.48997846
-0.31980145
1.0764583
0.71717685
0.26399487
-0.60753644
-0.6920613
0.43997043
-0.03262673
-0.17624883
-0.8301437
0.38922003
0.3045242
0.39315566
-0.56150794
-0.08304813
0.25202307
0.48884708
0.07492012
0.58593535
-0.1507842
0.32311088
-0.94896585
0.45878953
0.40838373
-0.16682823
0.33035496
-0.776692
0.36320952
-0.8223162
-0.17575704
-0.6688999
0.3091194
-0.1697626
-1.190452
-0.61255825
-0.25460663
-0.26998407
-0.07468928
0.12912692
0.8910283
0.72361857
-0.18824947
0.28947508
-0.15856093
0.72006476
0.6101583
-0.6070174
0.40560105
-0.33098742
-1.2261477
-0.25556403
1.2504717
-0.2767784
-0.27479166
0.49623892
-0.31244776
0.5597677
-0.3333848
0.3974733
-0.26368293
-0.52492756
0.43404868
0.139017
-0.57699025
-0.7831865
1.0556839
0.6780664
-0.79799193
0.56571895
-0.08575896
0.30139473
-0.502758
-0.6977924
-0.5832468
-0.1398091
0.41702735
0.52420723
0.20658769
0.16720293
-0.24029219
0.60522306
-0.6069315
-0.41415584
0.07502772
0.3233659
0.764808
0.43022695
0.75747633
0.56038135
0.41687524
0.30650476
-0.27898136
0.022228405
0.14545372
0.36266342
0.4082116
-0.10554476
-0.011912008
-0.65694064
-0.12736501
-0.22727725
0.10753285
0.7532832
-0.14405066
0.17322925
0.010934956
-0.17284386
-0.7094585
0.010092709
-0.20910864
-0.94348526
-0.15483275
0.1412083
0.34781656
-0.5898715
0.6523491
0.50676614
0.0607716
-0.42500868
0.04552225
-0.03922007
-0.076105125
0.28497976
-0.5234686
0.5270231
0.93706447
0.3746901
-0.58399045
-1.340923
0.37907723
0.071405225
-0.111386314
-0.49045953
1.0990692
0.61387575
0.030226279
-0.53331965
1.0111495
-0.3758294
0.52651316
0.10275716
-0.19935194
-0.11737423
-0.56499106
0.61532557
0.04562276
-1.0097008
0.22495349
-0.5772774
0.49580514
-0.0065363958
-0.44657046
0.2650483
0.027815169
-0.38959047
0.69521695
-0.1104617
0.21562965
-0.72708327
0.01955806
0.21606801
0.42314968
0.110091686
-0.2943276
-1.559679
-0.38459045
-0.017629035
-0.19015938
0.05219283
-0.19223644
-0.014083766
-0.053443134
-0.07364635
0.21413383
-0.35006404
0.94013923
0.09837354
0.06638546
-0.37752834
0.24997276
0.6065047
0.6761774
0.8070371
0.19381097
1.0105422
0.64582944
-0.24668394
-0.58043426
0.60803145
0.5126042
-0.44417822
-0.68871546
0.5396816
0.30290285
0.48097718
0.17370355
-0.4613874
-0.13377735
0.07131276
0.20622635
-0.61184317
-0.07499545
0.18158522
-0.7305423
1.1215022
0.34423473
-0.36209762
0.56533325
0.47123265
-0.5076539
0.20541999
0.5000636
-0.12148656
0.33640787
0.6150421
-0.67078954
-0.05250895
-0.12507479
-0.21372321
0.4869968
0.92364883
0.5149395
0.8071306
-0.5602435
-0.50359184
-0.66735065
-0.3633492
0.70948553
0.9795823
0.023406707
-0.5862419
-0.48776105
-0.54330486
-0.023652064
-0.78508174
-0.028363878
0.75073767
0.38227758
-0.7086821
-0.7586123
-0.82600504
0.5151511
1.0289388
-0.6433902
0.6149962
-0.4288158
0.10724841
0.6055736
0.8294045
0.045133714
-0.45934582
-0.35874283
-0.8873819
-0.5610923
-0.652997
-0.2651358
-0.3660888
-0.39418778
-0.5659599
0.21665217
-0.037471745
-0.54624444
0.9020957
0.27584708
-0.07760514
-1.1021711
-0.0149789965
-1.2775997
-0.108963564
-0.30772525
-0.09484763
0.87138283
0.21628197
-0.5766953
-0.25329745
-0.006438377
0.4425841
0.55889684
-0.22214805
0.11916935
-0.8234561
-0.11717022
0.08384329
0.790496
0.8446367
0.4433181
0.048088197
-0.5705474
0.93715924
-0.13186423
0.4726934
-0.90590274
1.1904976
-0.18464692
0.030550923
0.124617696
-0.028570222
0.757476
-1.0946231
0.7181239
-0.30428207
-0.20585519
-0.3443223
-1.4887986
0.5303792
-0.54002994
-0.37262076
1.0737838
0.41967124
-0.3716671
0.2413736
0.011432632
-0.037292212
-1.064718
0.53058314
-0.38605928
0.64862853
-0.31747186
0.78198135
-0.13156834
-0.8453419
-0.10828226
-0.2483402
-0.85612476
-0.17184971
0.6995022
-0.3639132
0.3674515
-0.5491107
0.6279915
-0.61322093
-0.19272742
0.014623606
-0.5787948
0.9815101
0.99048555
0.5891336
-0.3702916
-0.8779342
-0.48098588
-0.3846849
0.18783054
-0.19812931
0.7357859
0.27776918
-0.019565914
0.8475544
-0.6534822
-0.24994363
-0.50538415
0.11737703
-0.38506526
-0.01197373
-0.07421687
0.24647793
-0.32389963
-1.510883
-0.2807933
-0.21214397
-0.9013873
0.07622771
-0.18970445
-0.49033472
-0.38794693
-0.3015981
-0.37106138
0.1754057
0.31681487
-0.6459024
0.55412084
0.66797924
0.22655198
-0.5943527
-0.5947896
0.77916366
-0.23668699
0.84087616
0.5077023
1.0794039
-0.38277197
-0.9615073
-0.34045175
-0.3017752
0.18054791
0.5238189
0.09772777
-0.43984178
-0.32756943
0.564678
0.09051592
-0.059142638
-0.6503055
-0.16417144
-0.22013274
-0.007661692
-0.040707372
0.28275296
0.5099322
0.54324615
-0.47342414
-0.5632728
0.13570353
0.07238775
1.1410352
-0.016843643
0.63151
0.34585884
0.9211859
-0.2815295
0.7844427
-0.25665882
-0.8372542
-0.77280515
0.37939152
0.47045246
0.39543173
0.46423405
0.2193424
-0.34325674
-0.88381976
0.98128295
0.52454394
-0.082285844
-0.3845208
1.0276027
0.6409991
0.58517414
0.0010870665
-0.9028157
-0.63584197
0.6217877
0.76253754
0.4321098
0.6188028
-0.4950024
-1.0726635
-1.0314333
-1.0178089
-0.047812097
-1.0738547
-0.30137378
0.2413988
0.40561047
0.791439
0.84948623
-0.4597973
-0.8854053
0.4196075
0.6439199
0.3742371
-0.6574962
-0.29095304
0.42067835
-0.030446347
0.26123843
-0.32029957
-0.74162656
-0.8304739
0.39181867
0.3486557
0.6314587
-0.6653999
0.19949724
-0.61352366
-0.8750474
-0.27616265
-0.10433038
-0.6570586
0.25656882
0.5012397
-0.15660584
0.22816524
-0.81519663
0.74662423
-0.5856875
0.44199362
-0.4177692
0.02385281
-0.38148007
0.52586365
-0.2591504
-0.21751757
-0.0044445763
0.20458099
-0.27054822
-0.5824999
0.5673481
-0.34641883
-0.6286023
0.31572542
0.107506156
-0.17437409
0.62278867
0.26201805
-0.4670782
0.17908956
-0.6483846
-0.43040007
-0.689956
-0.098626204
-0.16130885
0.34927863
-0.06881047
0.7443992
-0.23604915
-0.24350196
-0.19525713
0.4471511
-0.6917232
-0.57635176
-0.6968868
0.61166954
-0.938716
0.14309861
-0.52481747
-0.10150379
0.057277564
-0.033463627
-0.7104944
0.19468008
0.7216103
0.383793
0.06404958
-0.19506264
-0.8852093
0.19513054
0.10295558
-0.3924935
0.42613333
-0.47003716
-0.0017548962
-0.7197141
-0.80015707
0.19164549
-0.24363932
0.16111565
0.40379363
-0.016155047
-0.39569575
0.54172707
0.5530863
0.68311936
0.17356972
0.3916005
0.4631217
0.5298208
-0.84560573
-0.03660236
-1.0170413
0.73434037
-0.38077968
-1.1709231
-0.28455094
0.21534994
0.13383897
0.5152218
0.18952261
0.41251758
-0.6573864
-0.23429537
0.26455638
0.086713806
0.99181676
0.2473821
0.06497574
0.013177166
-1.0848341
-0.39833573
-1.1020449
-0.61873317
0.43415248
-0.17787832
0.22338955
0.25801587
0.34125218
0.029732315
-0.9328256
0.27128264
1.1465491
-0.51557016
0.68963337
-0.23400211
0.015295248
-0.6173115
1.0657024
0.4918004
-0.32011834
0.0072462894
0.12881826
0.08087933
-0.49436784
-0.75736237
-0.24757814
-1.2590641
-0.4607188
0.29839
0.33970636
-0.13019776
-0.7564974
0.59429926
-0.46192768
-0.0048045963
-0.01796951
0.22417967
1.1150267
0.58818406
-0.2319052
0.011078942
0.028079096
0.10134976
-0.63642246
-0.07155571
-0.69530255
0.17792258
-0.63198125
-0.12101252
0.1165728
0.5755734
0.19381991
0.031110106
-0.275031
-1.0513018
-0.6298027
-0.37376562
0.22983244
-0.20445381
-0.75697476
-0.18920481
1.1070333
0.012501525
-0.2072809
0.51525134
-0.823304
-0.20651618
-0.64395297
0.7243131
0.012359161
0.12435402
-0.35518098
0.8461039
-0.48435837
-0.47778857
-0.14736548
0.036485508
0.36535376
0.82919466
0.8456579
-0.018623177
-0.16609088
-0.08973781
0.15525672
-0.46517655
0.0882912
-0.41824904
-0.5798797
-0.05171969
0.59765875
1.1207976
0.19805478
0.3364678
0.8800092
-1.0971367
-0.18550217
-0.22520491
0.586209
-0.38565445
0.04236016
-0.37080586
-0.13645497
-0.7653838
-0.6127249
-0.63244903
-0.012532365
0.62859285
-0.46139124
0.44116545
-0.1683695
-0.5079997
-0.27038026
0.7817987
-0.58196867
0.18444026
0.1210954
0.015870962
0.20568165
-0.34755608
1.052497
0.52205986
-0.1635195
-0.2821973
0.3643951
0.8727453
-0.45569608
-0.65333354
0.030889137
0.30296656
-0.44364792
-0.45612195
-0.62366205
0.8143955
0.28733286
0.06967839
-0.064718716
-0.72060555
-0.5423805
-0.48094648
0.32537374
-0.4813031
-0.48862034
-0.26887408
-0.5022798
0.6141601
0.07308584
-0.84905285
-0.3428555
0.920381
-0.034455866
-0.435121
0.20990317
-0.24119326
-0.21841986
0.223973
0.16852309
-0.6249734
-0.9082577
-0.33814996
0.10260987
-0.2657722
0.06844894
0.40293348
-0.20308931
0.44300368
0.027359925
0.16626263
-0.062025987
-0.4204223
0.41185993
0.30190364
-0.6336838
0.27163625
0.47700357
0.8537831
0.18935248
0.16595489
0.13489334
-0.020486051
-0.23554578
-0.41750216
0.07111978
-0.22950134
-0.41001114
-0.11790137
0.54234517
-0.36420876
-0.07646896
0.6648555
-0.42116204
-0.4874098
-0.9053456
0.33612418
0.3061062
0.25285038
-0.8396819
0.07998903
-0.3493296
-0.92059636
0.13239299
-0.018737067
0.7795874
-1.0668198
0.09956151
0.3958183
1.0340782
-0.43259868
0.32519966
-0.41188222
0.36761972
-0.5133916
-0.10248038
0.57577795
-0.24371426
0.82784146
0.1171628
-0.43002063
0.049003024
-0.17500891
-0.65071255
-0.6538351
0.0756322
0.088090084
0.095613636
0.05820168
0.9929687
0.5887045
0.007718573
-0.6341535
0.18499248
0.58844364
0.3079256
0.3069627
0.19372997
0.17091933
0.325535
-0.73757124
0.69401115
-0.5576593
0.13421553
-0.58967227
0.7288202
0.021790689
-0.28819674
-0.61486465
-0.30291724
-0.85462373
0.13743013
1.1006281
0.65715003
0.08348321
-0.39456066
-0.20557667
-0.32245848
1.1100523
-0.4866501
-0.77489763
-0.014463785
-0.9179864
0.16197419
-0.6768396
-0.3685442
0.1849482
-0.6400108
0.5115782
-0.52211845
0.45406926
0.0871151
0.73247737
0.2869335
0.72511476
-0.23584525
-0.8059001
-0.15827717
-0.8292868
0.70057243
-0.35469955
0.65409297
0.24813081
0.16629437
0.06336524
-0.98178923
0.30395314
-0.4613129
-0.17722844
0.5282171
1.106906
0.41517028
-0.5162801
0.54052716
-0.7005664
-0.52048784
0.053960934
0.039467916
-0.40775633
-0.36978808
-0.28771293
-0.6784669
-0.87494445
0.34746218
-0.05454011
0.31516632
-0.42062843
0.38507715
-0.30468965
-0.022989104
-0.28417698
0.35673234
0.28196433
0.68108463
-0.044017207
0.35007095
-0.23448928
-0.6612056
-0.73106825
0.5699241
-0.39174688
-0.7244237
-0.51725394
0.8309813
0.09103393
0.7400308
0.19163638
0.43802628
0.2071103
-0.26557985
1.2642262
-0.15271276
0.15110214
0.73676217
0.7687774
-0.7937142
-0.5669081
-0.40305477
0.7803995
0.13307536
-0.62022316
0.6272602
0.51139206
-0.18037435
-0.0771217
0.13897063
0.09473709
1.0732177
0.57736516
-0.08333374
0.94970316
0.8450464
1.2366853
0.08737504
0.3512005
0.69591457
0.7067664
0.38875568
0.09905012
-0.35833073
-0.7915849
-0.29554737
-0.14903878
-0.12553017
-0.30230963
0.034418054
0.31015655
-0.70840675
0.61789197
-1.1025187
-0.3849721
0.52877414
0.40711564
0.4292859
-0.24610217
-0.2276302
0.5374296
-0.35571477
0.8408187
-0.17793557
-0.1740343
-0.67313415
-0.107678585
0.7317849
-0.5210711
-0.41859472
-0.39956704
-0.2489622
0.3134417
0.5056814
0.16342044
0.8291318
-0.644042
-0.9430421
-0.49628168
0.6826852
0.32880536
-0.43878946
-0.0881639
0.40294233
-0.5242063
0.83562773
-0.18961936
0.31697562
0.2711183
-0.3677577
-0.6874763
0.84540266
-0.30856237
-0.23090485
-0.66812205
0.14121625
-0.06940641
-0.47525337
-0.17375532
0.30695114
-0.6794045
0.40441713
0.20223561
0.42927337
-0.35931498
-0.2626114
-0.14333117
0.1922176
0.5322205
0.15558843
-0.68730336
-0.46989435
-0.26026237
-0.41778803
0.13306493
0.20359571
0.1270346
0.9951381
0.11249246
-0.8964629
-0.3517879
-0.36850116
-0.45781893
0.56799936
0.31971154
0.22801048
0.40747157
-0.7276356
-0.11371974
-0.11012241
0.27379262
-0.021857353
0.7791953
-0.16892843
-0.5616288
0.16196889
-0.38764158
-0.6541072
0.87544185
0.4417636
0.019682221
-0.13695736
0.3966026
0.9293129
-0.4318503
0.19118173
-0.74747187
0.6296901
-0.37779975
-0.2627735
0.040904045
-0.120963894
-0.5027591
-0.615707
1.0080262
0.7334657
0.34597614
-0.4085405
0.40300474
-0.40352905
-0.80008155
-0.8389009
-0.8083633
0.4229241
0.055950843
-0.2149959
-0.19440009
0.7052312
0.8653379
-0.37620226
0.7279289
0.16960953
0.37442884
-0.099494755
-0.18542655
-0.6174294
-0.67020667
0.026337072
-0.5908894
0.5198886
0.91143054
0.6345477
0.22131285
-0.18501145
0.5399589
0.33187592
0.005991563
-0.44245827
0.114559256
-0.044683885
-0.27928922
-0.60206664
0.09698477
0.35128134
1.0590867
-0.6566072
0.2813579
-0.5652838
0.23328245
0.554734
-0.6480385
-0.66833097
-0.35922533
-0.56174016
0.26947677
0.18164106
-0.3474053
-0.9916569
0.5384171
0.6311901
1.1667835
-0.08779019
-0.3549301
0.48762953
0.76639193
0.3134273
0.16855252
-0.61703575
-0.8890687
0.24344935
0.14839922
-0.14917226
-0.29203102
-0.049008917
0.16953105
0.99023795
0.011668727
-0.55595034
0.78051156
0.2845486
0.9804058
0.004804257
-0.08716556
-0.37449095
0.5093114
1.0728317
-0.24229418
0.3685964
-0.37352568
-0.3156827
0.054033983
-0.21806185
-0.6489932
0.35221967
0.95439845
-1.3518412
0.12662695
0.031761914
0.22240919
-0.92119944
0.14176509
0.16005382
0.41877946
-0.09461905
0.16663992
0.58947426
-0.368172
-0.66658646
-0.009924541
0.40988234
-0.47479483
0.65915906
0.032319862
0.37835905
0.6899074
-1.0003314
-0.44742355
0.33717275
-0.75337845
-0.7553929
-0.1291234
-0.9414802
-0.5619471
0.16408177
-0.14331488
0.65135455
-0.21257125
-0.13107195
-0.7554577
0.5689848
-0.77023846
-0.40790924
-0.3057758
0.661133
-1.0298904
0.24200523
-0.014512841
-0.8900708
0.6731119
0.6634228
0.5667662
0.031095492
0.11506795
-1.1844321
0.10139921
0.29908264
-0.2530326
-0.13222973
-0.4129374
0.023200916
0.5490223
0.24361868
0.61469173
0.6592437
-0.70961094
0.74018234
-0.641939
-0.82924247
0.8609163
-0.86411047
-0.68637276
-0.38994193
0.47669783
-0.41115215
0.61646247
0.64381653
0.48246735
0.43202803
0.107707046
-0.17528784
0.8157567
0.11237768
-0.44519365
0.30519688
-0.028585939
0.59437335
-0.3476578
0.7701201
-0.472205
-0.7289431
-0.09889016
0.735543
0.98366606
-0.67412233
-0.91575813
-0.36323246
0.46018222
0.14654513
0.32863015
0.2410349
-0.33471447
-0.41602337
0.5436197
0.50125253
-0.16679546
-0.3862832
0.112335145
0.08120231
0.039806563
0.20013517
0.61517704
-0.6643998
0.1760706
0.52129173
-0.5791223
0.11804418
-0.48775333
0.55336475
0.057057038
-0.15435298
0.7982904
0.4812719
-0.43193665
-0.74552786
-0.16842058
-0.81887317
0.02321913
0.0026885704
-0.50681996
0.65136975
0.81508476
0.46335596
-0.12012631
0.059376415
0.024087762
-0.2555737
-1.1490926
-0.3701295
-0.7850356
-0.2209185
0.005783535
0.2169788
-0.86063164
-0.138236
0.55480766
0.7783765
-0.349408
-0.6492227
-0.2579633
0.20104699
0.62392765
0.1902701
0.64810795
1.0628263
0.33903658
-0.14283969
-0.73303896
-0.5426771
-0.8075613
-0.21680866
0.39745829
-0.006775557
0.7434871
0.2692841
0.15723804
-0.2500303
-0.06965812
-0.660153
-0.1825205
0.64596117
0.80322975
0.22277544
-0.3968574
0.34068805
-0.1256612
-0.014507593
0.29498228
-0.16378805
0.43031245
-0.09801441
0.09879611
-0.37538785
0.49860904
-1.2540714
-0.5466819
0.17837575
-0.23218189
-0.053896505
0.5998676
-0.4171614
-0.2867479
-0.66404366
0.63382965
0.55465126
-0.3644069
-0.2973954
0.59808874
0.4148922
0.13002771
-1.0249469
0.39779833
0.26084772
-0.3165839
-0.12563334
1.2700562
0.3665456
0.16280329
-0.70876247
0.1510767
0.18134819
1.063869
-0.126165
0.13469471
0.59895235
0.21544966
0.34165254
-0.15371382
-0.32728028
-0.3291156
0.4419469
0.33771533
0.2558203
-0.11724928
-0.0777995
-0.18913226
0.20503192
0.31816423
0.688999
0.97471577
0.040856604
-0.24772555
0.006501185
0.85006386
0.80480427
-0.42590702
0.20009518
0.52010995
-0.67460126
-0.49568903
0.86711335
-0.14996995
-0.23411456
-0.6797853
-0.5998752
-0.6153203
0.26713383
-0.78725535
-0.9534806
-0.6154706
0.4977401
-0.0927159
-0.03575355
0.31743774
0.5125492
-0.6355427
-0.27195925
-0.3395283
-1.19251
-0.20968628
-0.38343617
-0.2370932
-0.06265521
-0.1756881
-0.36099145
0.65379643
-0.38885543
-0.5283804
-0.6185064
0.738056
0.9277533
0.09950197
-0.25835308
-0.59655744
-0.8069975
0.54446536
0.032913025
-0.55993706
-0.6734103
0.95002043
-0.6572437
-0.19398898
-0.65024364
-0.6045691
0.637983
1.3327026
-0.03307344
1.0584592
0.025280762
0.04705345
0.025685964
0.08623451
-0.6609663
-0.0714784
0.43532997
-0.71886325
-0.77844214
-0.420794
-0.8689097
-0.059948668
-1.0504342
-0.14747211
0.59153384
-0.19077179
0.58791566
-0.72906506
-0.9236971
0.42256734
-0.38881
0.4310924
-0.0033487638
-0.0078019304
0.39278114
-0.2722376
-0.016374333
0.6176439
-1.2505336
0.40246832
0.16547363
0.35017368
-0.19010073
0.2537755
0.25424162
0.5309072
-0.86330885
0.40495038
0.29043096
0.19917277
-0.05022432
0.621013
-1.3002452
0.96712106
0.3229102
0.21579215
-0.33375952
0.47227368
-0.11615318
0.026539484
-0.5496693
0.029627979
-0.015590803
-0.015936758
-0.046259552
0.4148698
0.60027117
0.64800256
-0.18241014
-0.35012653
0.37730396
-1.0383823
0.087027796
0.67697626
0.568651
0.4480308
0.30086765
-0.058888093
0.20895903
0.20871924
-0.85405385
0.50742066
-0.30561006
-0.3744251
-0.5394293
0.16100776
0.7571501
-0.46792912
-0.8558405
0.12899806
0.18008083
-0.8539981
-0.08071764
0.28013486
0.5225308
0.53934
0.42165053
-0.55892354
0.015347613
0.16637765
0.22218074
-0.7197396
0.83561224
-0.25953662
0.18038604
0.8944212
-0.179706
-0.97481674
-0.4209029
0.63267165
0.67196745
0.6167783
0.11993835
-0.32212532
0.32899085
-0.62192756
-0.6283007
0.49641055
-0.075820535
-0.48989552
-0.80092156
0.79013485
-0.7897405
0.29107034
-0.83342063
0.14452742
-0.9573341
0.058209457
-0.91219485
0.3991657
-0.05377953
-0.68189806
-0.94886523
-0.5175984
0.2966389
-0.27117753
-0.2618675
0.14422357
-0.5601845
-0.6584232
0.54929864
-0.33064166
0.2859499
0.20102236
-0.0859933
-0.8179303
-0.6228395
-0.6207798
-0.6975649
0.496321
-0.6604037
-0.13634029
-0.026538774
0.5383427
0.08625893
0.020049887
0.2787209
0.05318041
-0.33255953
-0.40225482
0.1296332
0.029793436
-0.4112638
-0.27194923
0.60044867
-0.24101691
-0.43657053
0.17910306
0.84262913
0.50426036
-1.0517038
-0.1568428
-0.2684121
-0.0048384066
-0.33405295
0.3411094
0.5654968
0.7155872
-0.30502048
0.8732451
-0.6439601
0.05325501
0.20958552
0.6596324
-0.2728617
-0.20436688
0.056749895
0.73169774
-0.07137351
-0.3830369
-1.1907805
0.30417112
0.40558594
-0.04500474
-0.32690805
0.34960592
0.37668768
0.17041649
-0.55872995
-0.06936904
0.7430164
0.59803885
-0.57167643
0.19094071
-0.4897264
-0.2677344
0.1882853
-0.03107052
0.34912178
0.30132157
-0.6160939
0.29575074
-0.38649127
-0.97238946
0.8131488
0.96997094
0.8622489
-0.23241651
0.70460296
0.0886349
-0.45600873
0.6648311
-0.68789876
0.2976001
-0.008574876
0.24480018
-0.70074534
0.760689
0.39966527
0.49779207
0.45265827
-0.44762623
0.5693001
-0.90708107
-0.35725912
-0.8090426
-0.42491975
0.5469222
0.9354638
-0.03930638
-0.78920406
-0.33113778
0.28744775
-0.109706126
-0.21144715
-0.09277465
-0.2766423
0.45766422
0.2688863
-0.36900216
-0.51122516
0.7702544
-0.5693736
0.19977942
-0.2658497
-0.42147207
-0.954845
0.551592
-0.5664169
-0.5313458
0.40132576
0.033927828
-0.21038882
0.8248224
0.011801932
0.627758
0.16174671
-0.11467036
-0.93361866
-0.47488785
-0.34951612
-0.21138315
0.2651769
-0.14751466
-0.005268459
-0.7385238
-0.41340402
-0.14475669
0.4944364
-0.4469228
0.12547936
-0.41696835
0.063952945
0.5443573
0.41921604
-0.46408635
-0.07294837
-0.26776442
0.70879567
0.07939211
-0.2828347
0.85014534
0.06656703
0.54945374
0.43257082
0.4210455
0.8210896
-0.41605827
0.14028999
1.0637074
-0.07087982
-0.9729059
0.7345914
-0.010690213
0.78149545
0.32254964
-0.04730955
-0.6380544
1.0873523
-0.5517721
0.028962348
-0.7628278
-0.30645078
-0.16932604
0.70290637
0.15853381
0.1915924
0.97940093
-0.24081242
-0.860803
0.4739127
0.53518385
-0.62416464
0.36395425
0.042757258
0.32967854
-0.108653195
0.093149014
0.38176462
0.121525295
0.667021
0.12397568
0.47059113
0.5325891
-1.1151513
-0.67067385
0.0953435
0.51988393
-0.18361333
0.43844956
-0.068910964
-0.20214154
0.6543604
0.3721388
0.63482314
-0.58072126
-0.7068559
0.20843343
0.3629544
0.25588736
-0.49209282
0.6922659
-0.54213446
-0.6939259
0.04537439
-1.2661725
0.3231518
-0.6558803
0.23593976
-0.63001746
-0.41395095
-0.40031916
-0.41834867
0.8497766
0.8846201
0.45471156
-0.35653365
-0.7893149
-0.5934022
0.6804403
-0.118795715
-0.12742731
0.81407213
0.6718898
-0.018223085
-0.0025596907
-0.8214093
0.18310356
0.47840205
-0.025263095
0.25150245
0.3162599
0.6260814
0.37340358
-0.43209168
0.6287299
-0.7601484
-0.7765163
-0.72255844
0.2092468
-0.13809885
-0.6554804
0.692941
-0.75263476
-0.7978007
-0.894884
0.44442397
-0.38096473
-0.79620486
0.78866345
7.4248645E-4
0.107120186
0.86415267
0.5543974
0.102085054
0.036835358
-0.6270404
-0.20983952
-0.11804946
0.41652045
0.6649164
-0.15744202
0.6868461
-0.76925975
0.5781709
-0.83220255
0.037974525
-0.09209301
-0.48771825
-0.63090193
-0.44215116
-0.8304435
-0.45860693
0.34501785
0.7925363
0.015313254
0.4063511
-0.23500799
0.17921175
-0.36348933
-0.28694543
0.054603916
-0.3232483
-0.74505854
-0.12655185
0.038415425
0.017833363
0.35772508
0.7488061
-0.7485473
0.47467008
0.19937935
-0.29663208
0.47577578
-0.23819149
0.6872654
-0.033482943
-0.84735316
-0.31465608
-0.40936276
0.56978685
0.40800473
0.3044564
-0.48655468
0.22577731
-0.32399225
-0.27381855
-0.84682536
-0.28669444
0.3184626
0.07163201
0.40328452
0.18926209
-0.47509295
-0.24392983
0.23750201
0.25941896
1.073602
-0.09379244
-0.46256635
0.61755246
-0.24341461
-0.26622975
-0.29264688
0.4212119
0.9645308
-0.03383607
0.15291211
-0.032220304
-0.44118685
0.44208384
-0.027388876
-0.13206702
-0.4016637
-0.62497437
-0.9153591
-0.22743218
-0.72139615
0.3427642
-0.90978295
0.0037726916
-0.45369896
0.25856
-0.82631916
-0.14156096
0.58423775
0.30772668
0.05594556
-0.4063058
0.43730497
0.25007287
0.38844988
0.67899084
-0.20341428
0.20905825
-0.34864292
0.22212797
0.06383711
-0.047289293
0.6745222
0.31755766
0.6659797
-0.4152452
-0.29634503
0.6817381
-0.020814667
-0.72041416
-0.003027265
-0.36149183
-0.5806243
-0.11448862
-0.2084295
0.5579861
0.29011643
-0.38078454
-0.8178233
-0.19458106
0.68925244
0.5401452
0.39665428
0.06219973
0.5495053
-0.9082173
-0.731992
-0.0803768
-0.36646914
0.110174604
-0.16456291
1.1329436
1.0040758
-0.21831244
1.1207811
-0.34082013
0.18809529
0.6323899
-0.2613403
0.821863
0.3609893
-0.5413492
-0.033346664
0.5655056
0.34930667
1.0163628
-0.31416312
-0.61882055
0.3487164
0.18570861
-0.79838645
-0.10350566
-0.05540294
0.29589278
-0.31534523
-0.25850675
0.02936235
0.7600038
0.10395892
0.5287045
-0.5057564
0.567297
0.017528243
-0.35240543
-0.31394625
0.2248064
-0.737012
0.03469986
-0.5650742
-0.5347637
-0.29304773
0.18948644
0.7397596
0.27503368
-0.27231497
0.058320243
0.122532554
-0.9459959
-0.59637505
-0.36822522
-0.09232791
0.2820277
-0.73490113
0.5156796
0.31244445
-0.4374219
0.8534939
0.17006092
-0.08489155
0.4754438
-0.33971938
-0.33836392
-0.86902934
0.72378314
-0.030340139
-0.30973017
0.45935056
-0.35955685
0.7073368
-0.3777956
0.8566332
0.32044253
0.11706602
0.9761673
-0.17100881
0.23006846
-0.93964124
0.67105013
-0.11621204
-0.6292951
-0.34817824
-0.79037124
0.29705235
0.16216186
-0.37139085
-0.68716323
0.016598573
0.19376676
-0.5322794
0.27224386
0.28925046
0.42450312
-0.56104124
-0.30846864
-0.26914167
0.09361139
0.077862106
-0.13797462
0.040219188
-0.6915633
-0.24176554
0.14212757
0.20337257
-0.43745112
-0.7692004
-0.36315402
-0.11993557
1.0562481
-0.48343495
-0.03201082
0.5159322
0.41090482
-0.20138434
0.21389182
0.49220765
0.058585
0.34824574
0.58740664
0.06484859
-1.1292717
0.3497123
0.25272998
0.2775829
-0.70115364
0.01700114
-0.35830224
0.07858548
0.5102998
0.16385865
-0.67591506
-0.6247231
0.79691017
0.3977498
-0.41027233
0.40451345
0.34187376
-0.5032155
-0.3667945
-0.13735995
0.5686981
0.2664794
0.29595077
-0.33281413
-0.51238596
-0.107902415
1.2174757
0.3306092
0.27953318
-0.535655
-1.020552
0.1703085
-0.109293215
0.10497767
-0.8940931
0.2817456
-0.47670972
0.29249254
-0.052969992
0.4580718
0.7077905
0.62314653
-0.46888182
0.8630074
0.11527775
-0.3812804
0.12231135
0.24807982
-0.7267382
-0.013539359
0.04410552
1.3943889
-0.3133435
0.69768274
0.67538345
0.052547004
0.41650474
-0.30651802
-1.2925903
-0.6271471
-0.49452186
-0.08911026
-0.6016676
-0.55026376
-0.4522745
-0.9706138
-0.3221307
-0.16886166
0.8217108
0.17487492
0.43374246
-0.52017385
0.0023062506
-0.48317954
-0.35316843
-0.3012698
0.3844729
0.18575394
0.065551884
0.15708569
-0.19999675
0.3367485
0.3955591
-0.008059525
0.28378916
0.07758866
0.43446872
0.6211447
-0.8538474
0.027540006
0.18915538
-0.009882863
1.061587
0.38479277
0.13480107
0.03214337
-0.40087053
-0.2686914
-0.34305933
-0.2801351
-0.217125
-0.5503132
-0.6767118
-0.14240791
-0.80626565
-0.49556035
-0.47978777
0.8666539
0.51782066
-0.5667769
-0.2724105
0.26397583
-0.48678672
-0.12080601
-0.84446937
0.31678435
0.6337141
-0.52480733
0.24695544
0.26770213
0.67213804
0.48696455
0.18153542
0.07258665
-0.2669549
0.3198343
0.31213003
-0.35277364
-0.017964637
-0.3568201
0.3802664
0.27079117
-0.8531905
0.48988107
-1.1525445
0.10796758
-0.61073565
0.6099323
0.18097773
0.16790165
0.45191363
-0.51678985
-0.87937766
0.8707124
-0.01038305
-0.01894566
-0.35549462
-0.5273313
0.026801098
0.14780644
0.40038165
0.72581106
-0.79702395
-0.090269126
-0.2315753
-0.33864206
0.3009774
-0.06122001
0.59866834
-0.29661483
0.6722366
0.010759193
-0.55545145
0.4416742
-0.35757616
0.26056695
-0.72160923
-0.7923138
-0.36216506
-0.28004906
-0.25958455
-0.050348118
0.41434476
-0.16886128
-0.5301118
0.5615831
0.19217789
-0.07718901
0.1208309
0.21463934
-0.24060655
-0.46491453
0.5481414
-0.20663212
0.28708336
0.056430247
0.35015777
-0.2118071
0.098273925
0.036937337
-0.5447092
-0.74468106
0.63123274
-0.5259715
0.78788894
-0.53144467
0.3079899
0.6327975
-0.27580371
0.7668737
-0.22306976
-0.85203534
0.5942814
-0.18681154
-0.7188869
0.50378764
-1.0111488
0.23908027
-0.08067945
-0.62605196
0.81483614
-0.5812463
0.83030874
0.5979047
-0.01850304
1.1053509
-0.13069344
0.15966739
0.85433525
-0.67822146
0.34861735
0.52747536
0.23388937
-0.20734037
-0.6405241
0.04413596
0.13741079
-0.7800138
0.7238767
-0.12678315
0.3902053
0.26602238
-0.12728673
-0.16848075
0.3395356
-0.94981337
-0.7388922
-0.24514413
0.28438488
-0.55787146
0.74770725
-0.26763546
-0.10005987
0.20337357
-0.475574
0.47268692
0.43823227
0.54370266
0.23442553
0.59938455
0.16623454
-0.3888351
-0.5719424
0.04883394
0.6301426
-0.38874632
-1.2002398
0.50276387
-0.14445667
0.16519706
-0.11162934
0.53779024
-0.11039143
0.3944121
-0.2565552
0.7722183
-0.33585012
-0.30043414
0.42412922
0.10370072
0.7244804
0.65562475
-0.0641287
-0.6444736
-0.93509597
0.028765822
-0.9554524
0.8280642
-0.4620325
-0.11733179
0.4559547
-0.3796782
0.06293343
-0.38672265
-0.64365077
0.14426023
0.59782416
-0.39868176
-0.032056943
0.42576957
0.24774387
-0.040978357
-0.8039516
-0.60627335
0.58643466
0.3151915
0.6118837
-0.21495461
0.080966614
-0.15128899
0.11592385
0.52390015
0.6998321
0.33435607
-0.6320904
-0.46529716
-0.7503543
0.6396854
-0.305325
1.0939931
0.16726251
0.8894914
0.98078394
-0.98583686
-0.28924376
0.46284026
0.8504345
0.8447882
8.429482E-4
-0.32403445
-0.35552755
0.096866824
-0.41098776
-0.8612425
-0.6711695
0.17966413
0.6504501
0.65727186
-0.5468469
0.18296906
-0.05599825
-0.076977365
0.69532716
-0.28106484
-0.41929024
-0.46704677
-0.09787925
-0.023130598
0.7327906
0.8306827
-0.5393193
0.8219619
-0.48181182
0.72921336
-0.31365374
-0.57821447
-0.4495268
0.6928118
-0.024065873
0.19706321
0.10047643
0.015249134
-0.15616654
-0.3243454
-0.8797853
0.44793308
0.5203723
0.5551537
-0.25309703
0.21761167
0.1123942
-0.26183733
0.66655505
0.92165625
-0.25086296
0.37674853
-0.5174858
0.003033884
-0.13021553
0.018950084
-0.110153496
0.20637152
0.39029133
0.28150234
-0.007405061
-1.0097662
-0.1820915
-0.49416184
-0.906941
-0.28599462
-0.8195219
-0.041778825
-0.30320862
0.72857094
0.30503592
0.036520742
-0.44826052
-0.27382407
-0.5998879
-0.33526695
0.3005281
0.108248755
0.557346
0.32576203
0.17795452
0.6106774
0.47160637
-0.03638971
0.30823228
-0.7840475
0.08554735
-0.7579688
0.49306953
0.7476523
0.17731279
-0.61716247
0.28994033
-0.5480294
-0.22852945
-0.51612407
-0.4703285
-0.11302607
-0.49993032
0.39012346
-0.29807374
-0.05381651
0.5595335
0.6385277
0.20541766
0.6518429
-0.04968039
0.20156206
0.040114038
-0.5348562
0.40971443
0.2662802
0.12813935
-0.56438076
0.3689613
0.04543043
0.17091486
-0.429877
0.098207645
-0.030129751
-0.37935558
-0.36926118
-0.2279533
-0.41312754
-0.23702875
0.17990603
0.8853397
-0.47309202
0.43791953
-0.22454593
0.5616806
0.16808948
-0.79352283
-0.49870312
-0.24547103
-0.8443071
0.04101862
-0.46234542
0.033185557
-0.18975204
0.33379966
0.8187259
0.4761554
-0.84874445
-0.60779166
-0.24339136
-0.2833195
0.47823325
-0.5242544
0.5242342
-0.90602857
0.33195427
-0.92775214
0.07103276
0.16401051
0.31040758
-0.13507688
0.6288515
0.32733724
0.65425855
0.45606038
-0.12278523
-0.59116405
-0.69557244
-0.49697006
0.3876268
-0.026311925
-1.0748686
-0.54520917
0.04401401
0.1948274
0.3914235
-0.809197
0.21486007
0.58520156
0.037805434
0.013551405
-0.9886693
0.10032101
-0.7577176
0.3410396
0.6978862
0.48545596
0.16569997
0.7100989
-0.78859645
-0.33541483
-0.19854997
-0.44715798
-0.6805077
-0.09440077
0.22551498
-0.5631172
-0.3906467
0.39318857
-0.51764816
-0.41691458
-0.15739377
-0.89211035
0.39493838
-0.11852661
0.65367335
-0.21147287
-0.14343308
-0.44780907
0.25692266
-0.07486167
0.10993173
-0.5169741
0.6180686
-0.6431165
-0.5030724
-0.50443065
-0.70292586
0.71206194
-0.4075927
0.36498013
-0.5059196
0.50567615
-0.62799317
0.038945418
-0.3585621
-0.88566685
-0.09633838
0.62192875
1.1626468
0.5046822
0.34901908
1.100899
0.73592556
-0.10466771
0.17115305
-0.056710858
0.6210425
0.74040097
-0.9008423
0.34263343
0.7180131
0.038434707
-0.11979242
0.6813771
0.4088804
0.3681359
0.60485166
-0.2225469
0.24326913
-0.6431812
0.6497892
-0.7665585
-0.1187631
-0.19917867
-0.9234031
0.2498434
0.7799677
-0.67357516
-0.60069084
0.45188603
0.19023873
-0.29863966
-0.32367927
-0.28986543
0.7249422
-0.93356216
-0.16696411
1.2656921
-0.24453747
0.6547958
-0.19982749
-0.07676587
-0.46350005
0.14857021
-0.061488464
0.8595444
-0.9009545
-0.17996703
-0.62573546
0.6462157
-0.9128519
-0.33143666
0.24705943
0.8369537
0.8886877
0.5088327
-0.45425662
0.7278377
-0.3731051
-0.089131385
0.5012762
0.9076557
0.3065567
-0.24410923
0.3751897
-0.4113707
-1.0729197
-0.07912122
0.2102886
0.6485001
-0.11288688
-0.65748495
0.17357317
0.17079453
0.031165563
0.39944515
-0.35734838
-0.7302314
-0.114470445
0.8809476
0.66436946
-0.43236026
0.08973042
0.13559191
-0.21052428
0.6426442
-0.18429026
0.9530094
-0.058756247
0.33997673
0.21766947
0.7870242
0.6734266
-0.531041
-0.2781262
-0.75486964
0.037028752
0.32452735
0.33912888
0.80788904
0.07951007
0.24366117
-0.27672485
0.32141924
-0.0020023317
-0.114737876
0.15191016
0.43521222
-0.53556246
-0.037931688
-0.062396638
-0.43367946
-1.2068604
-0.57226515
0.79920536
0.9224653
0.61323583
-0.6305463
0.38284096
-0.18810776
-0.27416044
0.57082397
-0.48207417
0.48515978
0.48248473
0.07309649
-0.040310286
-0.67948765
0.44098702
0.16501518
0.46918562
0.24104407
0.017524417
0.41248518
1.2332544
0.94736934
-0.6332619
-0.09498594
-0.7496683
0.49530292
-0.053252514
-0.6248783
0.020895066
-0.5126413
0.32269475
0.44979623
0.11914464
-0.86578006
-0.7159151
0.46274853
0.16184375
0.50083405
0.1425328
0.37781882
0.7369924
-0.5880967
0.40802956
-0.12356842
0.20218666
-0.43126735
0.6105548
0.19759019
-0.22939514
0.84633964
-0.24474569
-0.40856174
0.18926772
-0.0018687256
-0.7057634
0.8247197
0.90302444
-0.015956283
0.8906976
-0.041726846
0.3167076
-0.16595004
0.06403343
0.71661335
-0.5340562
-0.46133238
0.860708
0.33127412
0.587067
0.44731832
-0.51749873
0.4059879
-0.9397755
1.0431948
-0.8103322
-0.2631749
-0.6595354
-0.6264209
-0.26105893
-0.11063302
-0.50130916
-1.2165103
-0.31403613
-0.25637114
-0.20579608
-0.7826035
-0.36533645
-1.0170352
0.3540411
0.48055008
0.45584947
-0.30725288
-0.23372419
-0.6044844
0.56154555
0.14419234
0.47297722
0.3026787
0.32115638
-0.90240943
-0.43965083
0.49704033
0.46028644
0.43416116
0.43339562
0.21683319
0.8462022
-0.25879967
-0.42806068
0.29082286
-0.1875409
-0.5382281
-0.054096613
0.27736562
0.4558622
0.2378846
0.7729782
-0.09930989
0.46555462
-0.40072414
0.72141415
-0.63254255
0.032497525
-0.19638088
-0.44782338
0.6624262
-0.8389364
0.27680504
-0.38711286
-0.38769612
-0.74593633
-0.43332738
0.38371623
1.0368375
-0.53500813
0.41552094
0.22426356
-0.102190755
-0.0779054
0.18329096
0.3698462
0.58030915
-0.24668108
-0.3818638
0.83825094
-0.1938064
-0.30292264
-0.8553506
0.8164876
-0.24659362
-0.99308425
0.41626617
-0.39535046
0.8812672
-0.20286278
-0.9857384
-0.4958243
-0.04902276
1.2085521
-0.2788232
0.59117943
-0.5692639
-0.8673697
-0.03717306
-0.6054421
-0.11168783
0.17223433
-0.13290212
-0.8840691
0.7297863
0.39145887
-0.19278058
-0.6188116
0.058276627
-0.13589582
0.018782025
-0.8345576
0.7255264
-0.16219501
-0.022285992
-0.80836475
0.3047263
-0.3979207
0.12196615
-0.7334474
0.19907567
0.11080848
0.9231066
0.81325084
-0.27385217
0.6640555
-0.5316051
0.6525402
0.10327677
0.30926242
-0.026448417
-0.12828726
0.23995543
-0.9586728
0.63311946
-0.21980676
0.5439297
-0.5102559
0.22048014
-0.3931999
0.47836307
-0.3979402
0.36094716
-0.83951765
-0.31625897
0.39368767
0.6894563
-0.54392767
0.3947171
0.09896257
0.45830488
-0.5910157
0.36421406
0.2938031
-0.51708776
0.20904373
-0.79897213
0.67560315
-0.8408618
0.05455552
0.22472243
0.5168389
0.29847687
0.67210263
0.45539758
-0.4853774
-0.176755
0.261385
-0.005975966
-1.1757439
1.2684414
-0.25615925
-0.24307737
-0.0073021534
0.17718084
0.60971344
-0.39253122
-0.17987129
0.3439654
0.6701475
-0.45923442
0.3760502
0.8691816
-0.4463958
0.6505297
-0.24433649
-0.036827233
-1.3462636
0.6709475
-0.27138072
0.51572776
0.7651077
0.95456713
0.3965168
-0.6021805
0.44994918
-0.882223
-0.90093595
-0.01095593
-0.10645671
-0.20301253
-0.5831671
-0.059722316
0.46225855
0.9006105
-0.6944378
-0.85096455
0.24124092
0.07782257
0.33554012
0.40199226
0.23291576
-0.7795397
0.34363452
-0.31652728
-0.14022808
-0.8766245
-0.02070535
-0.24600755
0.23138356
-0.5272078
-0.020728527
0.35978556
-0.3543227
0.5258482
-0.44409057
-0.41932553
0.6697829
-0.21910241
0.25511795
0.79188097
-1.1921985
-0.09392724
0.7635781
-0.6847903
0.59920824
0.5769126
-0.5934791
0.38599232
-0.53241414
-0.87261003
-0.5827464
-0.5573325
-0.17923425
-0.12948485
0.23226956
0.41189545
0.4072504
0.12911628
-0.36536098
-0.39027256
0.47851318
0.32342893
0.6206543
-0.025616456
-0.4145482
-0.77469814
-0.06987073
-1.0417113
-0.0069866963
0.35077047
0.04590882
0.3251737
-0.44631293
-0.4327313
-0.20395468
0.6686504
0.3403507
-0.41536388
-0.68137366
0.40607616
0.97351277
0.072837576
1.0323579
-0.19607958
-0.6438491
-1.0549628
-0.39206368
0.46391186
0.163139
0.16581362
0.48371217
-1.107163
-0.049655773
0.57230985
-0.45372733
1.0960165
1.0287663
0.14160459
0.34092793
0.2811934
0.58251053
-0.32022464
0.03804598
0.0371058
-1.0289035
-0.021445842
0.22663681
-0.8704736
-0.6022974
0.30884847
0.5551395
-0.119692296
-0.061552007
-0.8841406
0.62696034
0.084150985
0.6299896
-0.93151635
-0.24949649
-0.5867895
-0.26267198
0.0728728
-0.28441912
0.026243923
0.09307056
0.4478142
-0.41404146
-0.22822613
1.0725069
-0.019402308
0.46444985
-0.26344153
0.38779727
-0.91734403
-0.58886886
-0.5862124
-0.14225975
-0.23079377
0.21713369
-0.30262837
-0.28063676
0.124706075
0.45681623
0.4410027
-0.4570164
0.72855026
-0.4256259
-0.88689697
-1.0050031
-0.3202907
0.8982098
0.3826815
0.77359265
-0.81014806
0.3996423
0.48837435
0.52670926
-0.53820306
-0.3984078
-0.04477815
-0.025156677
0.4247132
-0.8840604
0.6082194
0.60637164
-0.2468169
0.50242263
0.9137596
-0.9895269
0.8770183
0.32141727
-0.24789728
-0.21517456
0.24563988
-0.5043429
0.32611573
-0.37583637
0.6216483
-0.25757736
-0.34210747
0.7246053
0.9593331
-0.466131
-0.85214317
-0.103713244
0.60464245
-0.7039364
0.07097094
-0.56361157
0.31393173
-0.34500602
0.16931747
-0.47608638
0.27504522
0.117748804
0.54343575
-0.7948987
0.6411547
-0.5426577
-0.9354104
-0.06795255
-0.39776793
-0.4601383
0.4769559
0.8729461
0.3380191
0.38997433
0.7387613
0.47742537
0.61618835
-0.8916334
0.4263815
0.11940903
0.13345851
-0.08800623
-0.16255237
-0.033318616
0.84591055
-0.10985585
-0.7225681
-0.5391799
0.07885149
-0.4939431
-0.36787817
0.7970904
0.3050224
-0.21036686
1.0647285
-1.1235402
-0.48392457
-0.17302164
0.7198871
-0.26470232
-0.48499155
-0.316931
0.5377622
-0.013872193
0.15187043
-1.0682839
-0.75952625
-0.096695416
0.4016468
-0.0341778
0.8192909
1.2166206
0.8469845
0.50067514
-0.06832299
0.25015947
0.04953228
-0.6224219
0.40912366
0.85796106
-0.22966628
-0.15795432
0.85453737
-0.032027584
0.8797014
-0.30707064
0.7196775
-0.6053977
0.11662273
0.68943226
0.18540168
0.52664083
-0.34123933
0.58382016
-0.8778886
-0.21678782
0.9225717
0.7177656
-0.10659461
-0.65901107
-0.16333278
0.5850972
0.3383391
-0.26708937
-0.14755502
-0.63680804
0.47436702
-0.7668098
0.04089113
-0.6286101
0.19972622
1.1062225
-0.31142673
-0.2729113
-0.23984474
0.080548674
-0.21645798
-0.73014784
0.28911266
0.073774554
-0.20283638
-0.12142216
-0.21884891
1.0013971
0.11779313
-0.9100558
-0.05415118
0.47104067
0.1712813
0.22225511
-0.4544017
0.2795502
-0.23599684
0.7148169
-0.17701137
-0.8284673
0.42377967
-0.4354741
0.027905209
0.6942502
0.6479357
0.56245965
-0.9327008
-0.45874685
-1.0805652
-1.118456
-0.47960678
-0.60526335
-0.42122647
0.68594813
0.38451037
-0.06452326
0.91519374
0.6297302
1.0560029
-0.6480689
-1.1676593
-0.25473273
-0.06226433
0.6874749
0.8289034
-0.37247363
-0.021971066
0.36577606
0.57934713
0.5860789
0.13783708
-0.31956068
0.8763296
-0.53499067
0.17127936
-0.08731514
-0.53327376
0.24577045
-0.19399478
-0.5428512
0.61119896
0.40565
0.6547848
-0.5275892
-0.59247625
-0.03838149
-0.26323083
-0.3068101
-0.64142966
-0.26757467
-0.1515701
0.9052367
-0.8659134
0.35839623
0.44118774
-0.12508067
-1.0673288
-0.28551817
-0.08897183
0.55668813
0.49334648
-0.45785326
-0.2834349
0.1727712
-0.6325531
0.12986745
0.1420082
0.9003655
0.7684677
-0.043490686
0.44840226
0.16455162
-0.43051088
-0.40654653
-0.97920996
-0.77041084
0.068716414
0.6435742
0.9087645
0.2974773
-0.8824556
-0.19563332
0.5154239
-0.8446468
-0.5696328
-0.2232353
0.6154062
0.097078755
0.982335
0.40938348
-0.4531461
0.7603539
-0.20449224
0.6417704
-0.758887
-0.9209607
-0.6032606
0.08206693
0.6548916
0.33422983
-0.8332294
-1.0210625
-0.22888683
0.84472287
0.44766274
0.26338038
-0.67919624
0.2125714
0.62194115
-0.3698112
-0.41481563
-0.056412544
-0.34007508
0.58723474
-0.7977228
0.2905941
-0.4001762
0.7990369
-0.027971739
-0.061520725
-0.43569136
-0.61047053
0.060889117
-0.38618013
1.046384
0.21983749
-0.03070199
0.8833691
-0.36090192
-0.027425876
0.3730905
0.80649126
0.15189885
0.0035941447
-0.124915265
0.34820175
-0.8560439
0.09294366
-0.29162112
-0.6252462
0.2688307
-0.684367
0.6042136
-0.37027115
-0.6574629
0.37991932
-0.7051113
0.54075533
-0.30417353
-0.42638764
1.0010672
-0.6253871
0.5347367
0.03822545
-0.7338763
-0.048101008
-0.10584405
0.4472151
-1.1910757
0.3710928
-0.49350223
-0.07661988
0.3248065
-0.22392274
0.120092325
0.5039661
0.19008872
-0.38181436
-0.5836559
0.54479253
0.5008755
0.1041313
0.22269309
-0.21717389
-0.049332365
0.25386727
-0.122122094
0.28288302
0.53190845
-0.121993855
-0.49995354
0.0013690303
-0.30132377
0.14885408
-0.23452957
-0.6833174
-0.53919995
-0.3173116
0.92756903
-0.8540276
0.14827584
-0.12250531
-1.0176591
0.44172743
-0.3247911
0.6417925
-0.114132605
-0.83468986
0.9851043
-0.38193318
-0.33008626
0.82481843
0.9904528
0.67342234
0.16410479
-0.53154415
1.0822508
-0.40387264
-0.15841329
0.096272215
-0.33462307
-0.14672537
-0.33599478
0.094685614
0.61945635
0.20949355
0.09491531
0.40655923
0.033809185
0.49940786
-0.46882305
-0.6562062
0.52094537
0.07165401
-0.7490671
-0.35967958
0.33297166
-0.1738982
-0.1644352
0.83042306
1.0659152
-0.45111844
0.2887795
-0.28878605
0.6349185
-0.4895996
0.3579862
-0.76449853
0.16653939
0.09241266
-0.67216206
0.6242562
0.72999114
-0.79636645
-0.1689319
-1.026013
-0.29344812
0.17360365
0.54935783
0.4268264
0.23711145
1.2712097
-0.3654537
0.48858464
-0.18378025
-0.32144207
-0.04770431
0.7733625
-0.713754
-0.021766452
-0.8500296
-0.3405856
0.058855426
-0.14571674
-0.08652982
0.2529948
0.30273935
-0.20729859
0.36052397
-0.19055885
-0.047390908
-0.060645416
0.5178316
-0.4192163
-0.3144059
0.23234619
0.749837
0.65618044
-0.7523465
0.004647465
-0.44197634
0.61027354
-0.7392531
-0.28583875
-0.44048443
-0.44164076
0.65692645
0.2003743
0.09005228
0.19671986
-0.955214
-0.45641512
-0.018779416
0.030702585
0.48501936
0.07522266
0.8540811
0.85691774
0.77004844
0.16889675
0.70039016
0.380736
-0.6269895
0.17148225
-0.90429825
0.24268252
0.6787263
0.2484183
0.1960709
0.056997586
0.29837507
0.015680648
0.54615635
-0.58440167
0.36306036
0.51954293
0.46286452
-0.35982606
0.42775327
-0.57741666
-0.6095715
0.87965995
-1.2040073
0.056464616
-0.19107416
-0.13281189
-0.23207374
-0.6667084
0.045761224
-1.0426546
0.16518718
-0.20565554
-0.37000299
0.19583882
-0.34224418
-0.71503717
0.4624331
-0.26908594
-0.6423794
0.048588376
0.020738954
0.91052336
-0.5575338
0.105389565
-0.040739574
-0.7078348
0.8061487
0.85852766
-0.2875087
-0.21179788
0.18285479
0.18890597
0.24688971
0.44459695
-1.0394504
-0.5101476
-0.32032835
0.1067956
-0.83375585
0.12052569
-0.014574291
0.26277584
0.35394362
0.78167534
0.17033204
0.7447521
1.0509062
0.52485555
-0.14680265
-0.22305392
-0.24444824
-1.1952763
-0.29174855
0.28317773
0.31585777
-0.36260328
0.34867766
0.4712879
0.17885128
0.18817244
-0.22478959
-0.9353605
0.093888015
0.69223225
-0.6010158
0.40008003
-0.068835534
0.6980786
0.8663647
-0.054968428
0.015069354
-1.0651215
0.5642579
-0.29222277
0.5055197
-0.19466078
-0.011303398
-0.55513924
-0.0947421
-0.79917395
-0.29111192
-0.17850502
0.9466317
0.47418
-0.62871605
-0.04970399
0.748289
-0.84665763
-0.33677632
-0.80191094
-0.12492262
-0.76598436
-0.75375545
0.98522294
0.7439333
0.38970616
-0.48864576
0.3314878
-0.6739955
-0.29773867
-0.23672272
-0.27457207
0.7423122
0.45019045
-0.5922328
-0.16307692
-0.028921321
0.014989613
0.19849879
0.2598949
-0.4220572
0.09430202
0.54958266
0.22319707
-0.48559585
0.26722816
0.08854794
-0.67691314
0.30522484
0.65395737
-0.3111309
0.56378216
0.7128756
0.3166968
-0.311988
-0.7509916
-0.47374147
0.93342376
-0.5178848
0.6247346
0.11975375
0.34433195
-0.15330362
0.903788
0.018975569
-0.6502509
-0.6265575
-0.300838
-0.5467229
0.6472102
-0.08795462
-0.5875432
0.91842043
-0.86195517
-0.26484483
0.79794306
-0.48190072
-0.053555835
-0.20041291
0.5405742
0.12119282
0.3865551
0.55567735
0.4589037
-0.45298934
-0.5645327
0.09757453
-0.12101442
-0.33356857
-0.40674308
0.16412899
-0.75558585
-0.6713627
0.37098527
0.6127975
0.69141656
-1.0364522
1.0753192
0.33661208
-0.0147726
-0.037852935
0.5347598
0.44529527
-0.15426685
-0.11575127
-0.7097639
0.96819663
-0.15958627
0.18028882
0.53325385
0.81291014
-0.6772278
-0.27889675
-0.019202644
0.4345912
-0.81514245
-0.26860005
0.20949998
0.7919899
0.26373005
-1.177527
0.27292863
-0.7614387
0.38861653
-0.31659293
-0.37824553
0.66394186
-0.17337319
0.87170285
0.06727376
-0.17231558
0.13309981
0.1697434
0.04329217
0.52125776
0.50594467
-0.7618108
-0.36388993
0.38408378
0.008436466
0.08986532
0.6802155
0.21410353
0.21606319
-0.726308
0.34110245
-0.2347664
-0.77616006
-0.2714805
0.09793051
0.24572596
0.59646195
0.079946116
-0.61613435
-0.28340128
0.80336595
-0.9819737
0.040348615
-0.02206426
1.0281365
0.19895202
0.49542448
-0.29510868
-0.28328568
-0.38214716
1.0351598
0.33233473
0.51400965
0.6913018
-0.31320193
-0.034345835
0.9298502
0.8087155
0.7974783
-0.7755145
0.6265725
-0.51628846
0.32044864
-0.6143356
-0.34670538
0.3855295
-0.09288643
0.88517886
0.4160313
0.43643996
0.32051504
-0.30595282
-1.0626308
0.18713617
-0.071799584
-0.5044898
-0.30685833
-0.74064285
-0.8283986
0.68591166
-0.5231081
0.25103626
0.30147493
-0.2778618
0.5788698
-0.6459481
0.85305846
-0.08577564
-0.69200426
-0.7898672
-0.9533104
-0.20545913
-0.9893981
-0.2799315
0.3116069
-0.07258494
-0.78497267
-0.59605056
-0.5406335
-0.24546698
-0.018083973
0.58375806
0.43994808
-0.07567885
0.43239856
-0.22423817
-0.25310194
-0.39612928
0.6213077
-0.05658228
0.50142187
0.5852982
-0.22800934
0.07734039
-0.7049498
0.7751726
0.5683215
0.3535056
-0.98735553
-0.37711442
0.36205223
0.27958983
-0.89301264
-1.2117857
0.028869268
-0.51767606
-0.7991732
0.06450289
-0.6489632
-0.41917756
-0.3616283
-0.5290882
-0.5004247
0.100263655
1.035355
0.19762146
-0.3381178
-0.6499406
0.26042688
0.5906432
0.6879679
0.61800027
-0.51767856
-0.606631
-0.17423622
-1.0061172
-0.75607085
-1.1085911
0.0035353033
0.13743395
0.95552474
-0.07431978
-1.0095851
-0.029291268
-0.94038343
-0.24204247
-0.727217
0.24584274
0.5341582
-0.13850524
0.32624257
-0.67362744
-0.38184482
0.6517116
0.8728087
-0.22145386
0.3745242
-0.79146385
0.31673253
-0.5572945
0.26183045
-0.44848323
0.5397293
0.78414106
0.16677603
0.21911788
0.3296615
-0.3690396
-0.3583026
-0.6453739
0.44709647
0.2730341
0.38973358
-0.63110465
0.98905635
-0.0061572706
-0.08504689
0.120097585
-0.26919594
0.6726474
-0.5583465
0.17916998
0.054041497
1.1181056
0.08014105
-0.45055735
0.306013
-1.2825216
0.48098034
-0.9842761
-0.5558171
0.2896745
0.97118324
-0.30347228
-1.0490227
-0.038280465
0.39125076
-0.99936104
-0.8425109
-0.6183433
-0.11496695
-0.711094
-0.37288
-0.78362274
0.67294395
-0.14531136
-0.23851094
-0.15602192
0.21696489
-0.034710728
-0.5477063
1.0204493
-0.070680514
0.57161885
-0.9254846
-0.19970238
0.6888725
0.49444202
-0.027629899
0.20669687
0.6879939
-0.36682513
0.36278018
0.60014915
-0.5053098
-0.021347517
-0.89807653
-0.45842922
-0.33507857
-0.5958131
0.9365434
-0.13534558
-0.62360096
0.095474906
0.2422009
-0.98402435
0.7989734
0.2150159
-0.05960468
-0.7188128
-0.668553
0.88512117
-0.84917617
-0.7403362
0.06067577
0.50869745
-0.6178752
0.6774292
-0.4019328
-1.0774746
0.5416564
0.15077928
0.49844792
0.71178263
-0.45485112
0.37594497
-0.72185916
0.78447556
-0.5006533
1.0994805
-0.096652076
0.48770845
-0.2200837
-0.4991305
-0.4198974
-0.3949719
0.17479603
0.9135944
0.8380608
0.45415694
-0.25213787
0.67358243
-0.35084927
0.22284018
0.6129613
-0.07328867
-0.6801981
0.022076415
0.14661591
0.2731262
-0.120015845
0.7133558
0.7677905
-0.14427456
0.54238796
0.121740036
0.5472845
0.44783762
-0.47946155
-0.58229977
-0.15407048
0.83425295
-1.0009577
0.06732358
0.7050584
0.017176129
0.98161006
-0.44892874
0.21381535
-0.17840672
0.62067175
0.34336865
-0.21844332
0.5206911
0.2990683
0.09461357
0.30592382
0.7080041
-0.081948414
-0.3980762
-0.40610775
0.53166246
0.18061823
0.64214474
-0.221504
-0.26533583
0.6994209
0.32589427
0.19246393
-1.077588
-0.37235123
-0.40050274
0.40533724
-0.8976794
0.15885542
0.14872052
0.6327899
-0.042192843
0.6838094
-0.19943783
0.14896995
-0.2232592
-0.63499343
0.26002258
-0.4877859
0.06454286
-0.037665766
-0.08746435
0.46140265
0.4949381
0.33941418
-0.58449495
-0.08098435
-0.31614536
0.74303496
0.2055036
0.991356
-0.8146536
0.027992219
1.1495337
-0.78532434
-0.4906078
0.6181789
0.9560439
0.5088594
-0.6999091
-0.82645226
-0.5474651
0.18947119
-0.28386623
-0.12606286
-0.7735526
0.7938625
-0.50231713
-0.046164557
-0.42135516
0.7333255
0.9986509
-0.9282705
-0.30966333
-0.33316186
0.357093
0.15644214
0.8911426
-0.16727881
-0.39645585
-0.02283498
0.5532873
0.31965506
-0.33372653
-0.54902875
-0.59950185
-0.87099075
-0.5943729
-0.4479318
0.08916238
0.97803074
0.043836746
0.4545651
0.48800588
-0.3774596
0.3458677
-0.7462098
0.8538549
0.76657766
0.5963604
-0.6472439
-0.40262163
0.7245301
-0.6061831
-0.059766736
0.46357167
0.4117752
0.3101188
-0.959789
0.3878956
0.47116947
0.24134755
-0.8166854
-0.5564253
0.73160666
0.4293122
-0.7737779
0.72744185
0.6700525
0.4260332
-0.17911874
0.9082348
0.58148795
-0.51483107
-0.2816781
0.29736274
-0.19651856
-0.35785452
-0.012174937
0.33855078
-0.45170137
-0.7290462
-0.5955139
-0.31217015
-0.47134814
-0.64044327
0.7652757
0.870698
-0.5678948
-0.4435374
-0.58651847
0.007932142
-0.4670034
0.21822105
-0.26311398
0.024075346
0.9912325
0.2679257
-0.5592332
-0.8760071
-0.2860574
0.109976865
0.54487634
-0.5907169
0.12084977
0.7112572
1.124956
-0.4512941
0.59388065
0.95167696
0.08996134
-0.09912443
0.28852043
0.25204733
0.56691474
-0.36498794
0.38543934
-0.32961577
0.008897733
-0.8913046
0.23760556
0.05138378
0.59417593
0.70793855
1.2026249
0.48845378
-0.16882852
0.7356655
-0.0104482835
1.0776185
-0.25469354
0.98993474
0.6884505
0.06335969
-0.5495535
0.12016668
0.0945272
-0.49482298
0.2340575
0.054891247
0.8590688
-0.7689231
0.1242832
0.18391368
-0.22119269
-0.47828382
-0.25203046
0.44975895
0.3290123
-0.615474
0.47502306
0.5231781
-0.8271854
0.85616416
-0.31620476
0.038215984
-0.6994721
0.064296484
-0.66511846
-0.3588382
0.7076137
0.55635315
-0.9895609
-0.3181389
-0.7803826
0.5051587
0.12880145
-0.049384955
-0.26428288
-0.7024585
0.2967759
0.6631483
0.33998707
0.72820973
-0.8471844
-0.34612277
-0.3994061
0.63769525
0.34019506
0.23669866
-0.10104989
-0.06476767
0.08899322
-0.3041365
1.0050997
0.3739061
-0.2579033
0.54314584
-0.44421
-0.18829523
-0.07354873
0.11064179
-0.03022814
0.74406785
0.34710324
-0.77166545
0.40662858
-0.4488339
0.80549014
0.42262647
-1.055938
-0.02142551
0.687418
0.23080711
0.21289355
-0.33951765
-0.5559792
0.17698073
-0.64830077
-0.6355531
-0.20922144
0.8226955
-0.025078895
-0.52805203
-0.39725852
-0.12831867
-0.76942563
0.15555784
0.059039697
1.2245494
-0.5673197
-0.70572007
-0.48537004
0.2513693
-0.070793346
-0.58626986
-0.16328453
-0.6790744
0.21055184
-0.19025314
-0.80484056
0.31273097
-0.1066659
0.8928672
0.502687
-0.038218085
0.051109236
-0.52847344
-0.61714375
0.571938
0.8295651
-0.72036153
-0.39080343
-1.1569953
0.2136458
0.7902799
-0.102978595
0.20513082
-0.5650669
0.42338943
0.15095729
0.06837586
-0.88223344
-0.7677639
0.064433284
-0.033046085
-0.07014732
1.205269
-0.04000986
0.61942124
1.1528169
-0.71385086
0.2954165
-0.09308548
0.21057212
0.2879963
0.5355635
0.74468267
0.40773088
0.5420176
0.22189575
0.042584136
0.27194518
-0.62836003
0.7962226
0.53812635
-0.3397962
-0.5637846
-0.18723898
-0.7256742
-0.21843798
-0.2725651
0.8065569
-0.5383056
1.0388144
-0.62183225
0.09658105
-0.047949936
-0.5937569
1.090271
0.111112274
-0.02259648
0.31958714
0.81375164
0.20375416
-0.21344239
0.83978856
0.29409117
-0.68968904
0.10072689
0.2741111
0.742044
-1.0250194
0.18704534
-0.5896833
-0.3604836
-0.26010245
0.081060514
0.29595906
-0.088118486
0.20166308
-0.68178016
0.3644341
0.24440986
0.6455181
-0.46496347
0.29912487
-0.68873715
-0.27714568
-0.032716952
0.12314663
0.9033432
-0.53974336
-0.58640754
-0.56492513
-0.4203162
-0.5573445
-0.41344675
0.2445128
0.5220767
-0.5795635
-0.61686385
0.69112134
-0.8533099
-0.31502974
0.31775534
0.03592579
0.24785224
-0.66928667
-0.11057138
-1.1870843
0.8881417
0.43605196
-0.37291604
0.5463879
0.5442425
0.46392992
0.5738196
-0.26753905
-0.77375156
-0.21773666
0.29822898
0.3508538
-0.29676008
-0.63967985
0.8151417
-0.014063869
0.7086955
-0.43653002
-0.66412514
-0.11495112
0.9058738
-0.68528706
-0.65284026
0.186335
0.91129816
0.83939
0.3716736
0.5921661
1.2028775
-0.4375391
-0.1512234
0.27900088
-0.6415388
0.73773444
0.5071577
-0.5089167
0.17263326
0.73691636
0.3695845
-0.46684107
0.33593047
0.33960018
0.37785578
-0.35969365
-0.0049591674
-0.95639664
-0.028435195
-0.053242467
-0.009326678
-0.17907104
-0.045206178
0.056287404
0.58384925
-0.8270667
-0.41909587
0.5723129
-0.18418299
0.3419366
-0.8791515
0.1682858
-0.4445966
-0.27417883
0.4972784
0.62329686
-0.025353896
0.74702996
0.065637946
0.54096234
-0.3785804
-0.2585938
0.32568017
0.5207188
0.89511377
-0.40850776
-0.020460373
0.83813196
-0.2536893
0.19849238
0.36691263
-0.87926394
-0.068566084
1.1308233
-0.12839861
0.74486434
0.50528073
0.5128742
0.77867943
-0.21869077
-0.32044417
0.08450554
-0.5809068
-0.4758939
-0.4145066
0.5026372
0.35281578
0.27031058
-0.19353664
0.18246093
0.18729421
-0.29042298
0.76636225
-0.46640283
-0.7532416
0.27590132
0.7633031
-0.6246914
0.49036938
-0.39911896
0.78660727
-0.7810659
0.33462006
-0.29016888
0.9275656
-0.4446505
0.4607133
0.10256092
0.5265986
-0.44970876
0.18897127
-0.54151666
-0.8232118
-0.43370265
-0.05576975
-0.09102168
0.036576618
-0.113696665
0.19778205
0.5079426
0.69394284
1.6111082
-0.8034832
0.30451554
-0.23672111
-0.8974861
0.34208232
0.1844081
0.44696912
0.41673073
0.59824246
-0.5982817
-0.014379737
-0.22243087
-0.39760885
0.06240634
-0.6812297
0.7757442
0.16232552
0.4191382
-0.42279565
-0.0026097004
-0.33749267
0.58153194
-0.01459969
0.33279353
0.85509664
-0.82669646
-0.10570968
0.23220593
0.8503012
-0.31119025
-0.2905396
-0.64705044
-0.3112596
-0.54168046
0.5280087
0.024749048
0.16096322
0.65561455
-0.5133211
-0.7369984
-0.068100944
-0.6945
-0.5589562
-0.6575477
0.11555958
-0.2423995
-0.2614138
0.0021617564
-0.48859784
-0.6179671
-0.007446597
-0.5848245
-0.58463156
-0.71434504
0.4636225
-0.53826684
0.7331513
-0.16875355
0.30491096
0.55487806
0.1696858
0.59673095
-0.62191623
-0.059921518
0.2291718
-0.35077327
-0.5228677
0.029334832
0.26764008
0.16807087
0.3624495
0.5695214
-0.24717763
0.7609031
-0.12740858
0.6235476
-0.47130945
-0.17818098
0.5467958
0.54357654
0.48033926
-0.6032658
-0.6336195
0.559351
0.32116795
-0.05003469
0.1041864
-0.4836898
0.23563579
-0.96254313
0.6830598
0.52875483
-0.4700087
0.40027654
0.17568745
0.05383325
-1.0862494
-0.6607491
0.23267648
0.6110599
0.23887056
0.87553936
0.46732417
-0.11746297
-0.16653776
0.1632914
-0.5585714
0.108527616
0.5209259
0.6060506
0.00958014
0.94986546
-0.87319756
-0.09925391
0.35872325
-0.69562006
0.783917
-0.1980801
0.32148227
-0.7868027
-0.52346843
0.587389
-0.57176346
-0.39141297
0.5020353
-0.17283979
0.7004346
0.09573218
-0.34396666
0.16620795
-0.94226754
-0.013182503
0.8188039
-0.3541596
0.14690784
-0.6204384
-0.2633802
-0.5544742
-0.032436132
-0.69703114
-0.011867603
-0.8806299
0.5127956
0.43174115
-0.09549819
-0.48809698
-0.1811051
-0.7003484
0.3984533
0.1461259
0.78436583
0.00721671
-0.8280822
0.533362
-1.1977576
0.3292213
-0.23640406
-0.1145745
0.40770677
-0.71126044
1.0554861
0.5956203
-0.7674423
0.58156013
-0.7641043
-0.975567
-0.6381368
0.44319913
-0.016741864
-0.68989617
-0.5077768
-0.009885232
-0.31615132
-0.7346695
-0.3366847
-0.7553113
-0.32194975
0.4133097
0.16054387
0.42434147
-0.23154953
-0.25998193
0.98817784
0.25095564
-0.39024445
-0.4795516
-0.60793424
0.6399252
-0.1589998
0.7927832
-0.45920268
-0.2791804
-6.305013E-4
-0.10159611
-0.585972
0.4709341
0.49778706
-0.34444356
-0.8391592
-0.8286549
-0.7506736
0.589618
-0.3857122
-0.2930485
0.024086516
-0.74216104
-0.42585707
-0.27985394
0.25707722
-0.2805336
0.4612064
-0.37647846
0.054203317
0.26701763
0.22650605
0.070809655
-1.1285917
0.2523654
-0.26496896
-0.5729602
0.1007342
0.36182633
0.29419842
0.16913423
-0.660316
0.59747344
0.19083534
-0.62078613
-0.3243166
-0.13567987
-0.34653112
0.18189275
-0.25420403
0.7860545
-0.17544487
-0.26823816
-0.7878192
-0.47487748
-3.0982582E-4
-0.52086884
0.8608976
-0.34824255
-1.0486399
-0.17651616
-0.6715193
1.0641232
0.734653
-0.45467594
-0.7471802
0.40626875
1.3679566
1.0010735
0.35176986
0.92681384
-0.21417856
0.20535763
0.21441007
-0.66966826
0.9314963
-0.587474
0.45232993
-0.6646404
0.4610728
0.85541505
-0.43077782
-0.21178603
-0.6536042
1.0331838
0.3362146
-0.7219726
-0.2752586
0.4082843
-0.15070643
-0.5096486
0.116022505
0.07433226
-0.26811203
0.041034646
-0.12521438
-0.7800876
-0.010270483
-0.19396006
0.593511
-0.9012438
0.3974739
-0.11032066
0.71903574
-0.15276155
-0.48350245
-0.7337864
-0.4062791
-0.9333949
-0.55731636
-0.74089706
-0.14233366
-1.0576015
-0.04943928
0.78929514
0.17285319
0.24772736
0.55815005
0.94106406
-0.89676654
-0.59360623
-0.019339882
-0.38477924
0.34708688
0.4700908
1.063474
0.48970908
-0.83635473
0.31496108
-0.21800086
0.6147842
-0.1526253
0.60215443
-0.07985374
0.30623212
-0.07828391
0.29905865
0.086553805
-0.68682384
-1.1732013
0.6201218
0.58297753
0.5286619
0.3642059
0.014842093
-0.4386763
0.40530828
0.7183099
0.42343494
-0.40794823
0.6813505
0.31843677
0.048011724
-0.21708079
0.8265243
-0.47553638
-0.20450163
0.51469326
0.1623425
-0.22974925
-0.7287998
-0.28900492
0.3147209
0.48108038
0.22489338
0.369647
-0.94872797
-0.27012396
-0.21311115
0.27651054
0.7741952
0.6305448
1.0033233
0.2288538
0.48078823
0.2583863
-0.6069921
-0.37842372
-0.84100187
-0.46019426
0.6430846
0.3607551
-0.2571442
0.77977437
-0.039784953
0.55926913
-0.8363616
0.032127406
-0.27010342
0.019841446
0.047729354
-0.6293331
-0.9610286
-0.14886284
-0.20681128
-0.3046558
-0.072660685
-1.1190574
-0.14771985
0.42718917
-0.010487245
0.25054336
-0.836581
-0.4131576
0.041869175
-0.3378247
-0.13726799
-0.91860086
-0.040706698
-0.24893805
-0.54296577
0.44317898
0.9166664
-0.562395
-1.1479677
-0.6470366
-0.63849056
1.046661
0.05931719
-0.6279941
0.25846586
-0.22476628
0.26755014
-0.13050398
0.38033926
0.25435117
0.30271694
-0.68782485
-0.27140236
0.2638424
0.17904739
0.49022228
-0.4542777
-0.31862226
-0.6320946
-0.40292493
0.4113324
0.9890905
-0.6918706
0.8917426
-0.31723374
-0.33014792
-0.68142045
0.06854142
0.4699338
-0.6213748
-0.2966287
0.2540299
-0.7509754
0.42215317
0.30706394
0.61268836
0.16501799
0.14111476
-0.5335308
0.7926848
-0.2752913
0.543756
-0.6437057
-0.343506
0.3490435
0.6047522
-0.8622438
-0.6144328
-0.9461298
-0.8940538
-0.40430117
0.22805665
0.14398828
0.6046678
0.5445059
-1.048711
0.023889007
-0.21792136
0.70323855
1.1861229
0.22344653
0.086737484
0.6519739
-0.811984
-0.15236223
-0.58649373
0.6520604
0.22569232
-0.72273
-0.45092663
-0.65468735
0.33454844
0.14714631
0.6148773
-0.76461774
0.37908676
-0.9018663
0.24556042
-0.21163858
0.9354811
-0.90495783
0.4836433
0.7014367
0.17206207
-0.8418502
-0.44530013
-0.76789665
0.2458608
0.7250275
0.9225156
-0.39603224
0.49075535
-0.51080173
-0.6848059
0.35683176
1.0009222
0.3892121
0.15356022
0.09766454
-0.40831184
-0.3771616
-0.21483974
-0.48495117
0.32102087
-0.13514775
-0.42090455
0.02800616
0.44472152
0.0088699795
0.40774918
-0.15799384
-0.86977196
-0.26728168
-0.61202174
0.74218017
1.026834
-0.3100378
0.44341317
0.44839734
0.21731216
-0.92514896
1.0432562
0.80097425
-0.12361462
0.2305813
0.65801233
-0.35467947
0.8052716
-0.41264012
0.5686846
0.49384922
0.3096955
1.055974
-0.4966915
-0.38909677
-0.5260021
0.2883008
0.24220626
0.61038923
-0.99368536
0.4788461
-0.2161115
0.7895789
0.4124649
0.5215139
0.4435356
0.8348413
0.12961812
0.43226987
-0.6446414
-1.2832972
0.20527275
-0.6957236
-0.3666364
-0.17958145
-0.76747304
0.14241023
0.5510929
0.74905056
0.34151453
0.008289181
-0.49625942
0.59083307
0.84571844
0.98292017
0.054097343
-0.45754635
-0.3950199
-0.23369507
0.555652
-0.047870774
-0.07676141
0.27918434
0.8294946
0.10704343
-0.051165186
0.07576532
-0.49165043
-0.37376037
1.0724287
0.6627327
0.1638848
-0.048017923
0.051351584
0.15206699
0.7184536
-0.37182623
-0.020689676
-0.20911852
0.50374687
-0.7460875
-0.57541424
0.34856862
0.540352
-0.052174777
0.09588079
0.36481005
0.09816825
-0.3662737
-0.3638747
0.16924752
0.29174063
-0.25095975
0.422191
0.32219988
0.109703235
0.6032917
0.15914357
0.29001212
0.50288653
-0.4840463
0.33193263
1.1012924
0.7349079
0.4624136
1.0884703
-0.16960795
0.06223121
0.27518383
-0.07946236
0.08364094
0.26773626
0.13442093
0.4239984
-0.29125062
0.5812473
0.58131874
0.2383053
0.19909811
0.35725203
-0.19033962
-0.70163715
0.36560065
0.390217
0.29152778
0.31142917
-0.22924608
0.80970556
-0.42890668
0.23099066
-0.96686065
0.7104553
-0.5166434
-0.30484906
0.48040178
-0.015664784
0.2350006
-0.2778304
-0.0048185657
-0.110288404
-0.29442492
-0.27977583
-0.45640352
0.14948586
0.7032154
-0.47485566
-0.6104834
0.49350673
-1.0024072
1.0015794
-0.07588017
0.27933335
0.06232835
-0.0732352
0.36908913
-0.18672259
0.07460094
-0.9446018
-0.118573025
0.31349292
-0.3859242
0.15035269
-0.134237
0.88965607
0.46453866
0.26710492
-0.36191466
1.1300347
0.442766
-0.7109673
-0.3526962
-0.07945089
0.85117143
0.25420475
0.3712368
-0.30824688
-0.7472033
-0.72703665
-1.0508794
-0.6592326
-0.24569094
0.44069958
0.2963982
0.685205
0.034098547
-0.017982705
-0.3364238
1.0719613
-0.5004815
0.39120895
-0.24607319
-0.6672984
-0.9761338
-0.4437426
0.42087713
0.06848883
-0.20201668
0.22075944
-0.123044126
0.76269364
-0.5358748
-0.5652621
-0.33854315
-0.7949751
0.30062088
0.75665927
-0.594238
0.45048475
0.74233615
-0.37229076
0.55633277
0.3374552
0.4214545
-0.22639376
-0.4335404
-0.3328268
0.055028282
-0.19831671
0.27805772
-0.65286094
-0.48122597
0.5200292
-0.5750966
-0.08664573
0.35923323
-0.4634539
-0.17286997
-0.5902617
-0.6108211
-0.29231882
-0.18546452
0.8896632
-0.0583752
-0.27221233
0.5920469
-0.39181307
1.2808365
-0.24299471
0.3156082
0.06713147
-0.33221737
-0.66573524
-0.53192145
1.4475758
0.08622904
0.43632048
-0.023885611
0.6440734
-0.35194236
-0.64331865
0.74452204
0.16593492
-0.48720032
0.4319205
0.3040572
0.4751816
0.35260156
0.64089006
0.34543803
1.0303283
-0.18514411
-0.39199865
0.0931331
-0.44146368
-0.386895
0.39788657
-0.322439
1.1986488
0.34996605
-0.5909216
0.07131364
0.460492
0.016405968
0.07799741
-0.9596393
0.4509206
0.7486332
0.53497136
-0.82810456
0.0717064
0.70777977
-0.17298236
0.19795808
-0.20951156
0.5848307
-0.75131977
-0.5846035
-0.16681121
-0.7827041
-0.5713771
0.33658344
-0.69162095
0.5065397
0.18254645
0.24615775
-0.4161206
-0.6065755
0.041288283
0.47675458
-0.9054932
-0.72687423
0.17266548
0.55124635
0.45149264
0.22101654
-0.6216332
-0.59533596
-0.90313166
0.5622443
-0.4768937
-0.121354714
-0.12464657
0.54380125
-0.43839976
0.23924117
-0.2180103
-0.015837708
-0.7930727
-0.4117155
0.037887335
-0.14939384
0.3689924
-0.6035457
0.20847474
0.45445478
-0.5647268
-0.59295607
-0.68486875
0.18343723
0.41246015
0.7440054
-0.38080177
-0.64465195
-0.025110167
0.37938097
0.7998371
-1.0731753
-0.62200797
1.0897589
-0.07612742
0.44945776
-0.64417547
0.035460383
0.13571046
-0.20749283
0.6421629
0.62356293
0.39108908
0.5598733
0.6242483
-0.37950656
-0.41788113
0.30092037
0.35257396
1.2325078
-0.44462815
0.46144152
-0.1809167
0.35001022
-1.0441877
0.5550861
-0.34717146
0.059751984
0.6564032
0.63222295
-0.09944596
-0.97492325
-0.14512798
-0.18728915
0.3544536
-0.12902848
0.68725187
0.042694025
-0.5757729
0.4694742
-0.7129336
0.22049859
-0.6737071
-0.7779471
-0.66944784
0.24036843
0.81454176
0.8777587
-0.34760594
0.44522047
-0.06593476
-0.35830095
-0.34401932
0.10833388
0.43658844
0.5547531
-0.74925727
-0.07618812
-0.78775465
-0.011399071
0.6110735
0.3979069
0.8828751
0.9529298
-0.12943912
0.049620785
0.6433701
-0.7165507
-0.35151523
-0.3309277
0.29908803
0.18280269
-0.32465053
-0.14788683
0.3563617
0.12540041
0.30107886
0.708599
0.2958168
0.05568403
0.20824178
0.44419208
-0.52391845
0.3901931
0.791824
-1.0332898
-0.22530761
-0.54973555
0.74429095
0.23824783
0.056896817
-0.94292796
-0.2084166
-0.40554476
0.12280729
0.3425731
-0.30550593
0.25834396
-0.035266694
0.65612316
0.48552275
-0.6074819
-0.6040873
0.6685024
-0.32303154
-0.6402444
0.3899674
-0.2600469
1.5655363
0.42847684
-0.21464352
-0.32952327
0.22519839
-0.5100477
0.2844229
0.7532757
-0.4201454
0.80966455
0.63717383
-0.7882066
-0.22837648
0.4836844
1.1793354
0.5512278
-0.26405516
-0.8864199
0.7038687
-0.4308609
-0.008488219
0.5991199
0.3815702
1.0168389
-0.69429654
0.9227685
-0.6288334
0.42528033
-1.1212811
-0.009477026
-0.044197097
-0.21839885
-0.39378914
-0.8994664
0.14142348
0.31037605
0.032922883
-0.4925499
0.2450352
0.19939302
0.56255335
-0.23355235
-0.39828867
-0.5301862
-0.48126546
0.79608595
0.3746969
0.33594286
-0.7322589
-0.40157664
0.74974006
1.202221
0.3775714
0.6750911
-0.32548532
0.23222408
0.58515185
-0.6837898
0.7669446
-0.34709358
0.6490248
-0.3003164
-1.0111082
0.7522259
0.7108415
-0.83159035
0.21459782
-0.19346306
-0.73337245
-0.33154902
0.80855143
0.4093618
-0.45845428
-0.5442164
-0.4379583
-0.0646829
0.57236874
0.106992945
0.12825269
-0.14499262
0.82131034
-0.5203538
0.5787406
0.39194858
-0.20721658
0.18093607
-0.042577915
-0.6301073
-0.6979787
0.24971771
0.5190416
-0.48845127
-0.15188967
0.74143803
-0.56613815
-0.08183638
-0.21175887
0.28333884
-0.968173
-0.6366849
-0.34516737
0.13170952
-0.35889155
0.5857267
0.11916476
-0.25865817
-0.23544283
-0.32141575
-0.47785684
-0.9581447
0.58273685
-0.46655068
0.33854285
-0.18369958
-0.04861959
-0.45650384
0.1526947
0.40086937
0.57535785
-0.6351811
-0.38728142
0.12478015
0.3411961
0.7975531
0.5644954
0.3012339
-0.5824293
1.4634461
0.21638896
0.1977618
-0.38907626
-0.36623365
-0.20194203
-0.9855188
0.21730311
-0.10902313
0.5046945
-0.124558896
-0.040318493
0.044355094
-0.364265
0.33139575
0.77550864
-0.60195965
-0.4373451
0.25806198
-0.6660396
-0.5424684
-0.45115587
-0.2058501
-0.5569138
0.106392756
-0.33719227
0.027850207
-0.29242575
-0.022526996
-0.14318319
0.06504126
-0.49940026
-0.27261078
-0.26406702
-0.44682455
-1.4858704
0.443105
0.6798187
0.23906772
0.17714155
-0.3410062
0.14896943
-0.23772436
0.2714248
-0.5029324
0.24947517
1.0356157
-0.15914392
0.62698996
0.36155757
-0.5825511
-0.008371888
0.14349307
-0.058375373
0.66921777
0.6434357
-0.55618584
-0.7495065
1.0428667
0.08037557
0.57414705
-0.73835534
0.6842453
0.569058
-0.76775014
0.62138766
-0.59939486
0.5805648
-0.29587945
-0.6806597
0.04017177
-0.3137657
0.11603494
-0.16483209
-0.37133434
-0.049583245
-0.110389024
-0.7062121
-1.1521802
0.6852326
-0.18468218
0.1594316
0.018088918
0.05661111
-0.34656852
0.019459253
0.09580504
-0.6383361
0.04698864
0.41305247
0.8367877
0.1526537
0.052060153
-0.70176655
-0.92412996
-0.31033948
0.33790183
-0.80218863
0.06294019
0.23286353
0.16613342
0.096774094
1.1387366
0.09836251
-0.4292251
0.33133984
0.16490568
0.90661037
-0.15022576
0.3635215
-0.1977526
-0.20618144
0.20804927
-0.1487076
-0.37969628
0.35454962
0.0792338
0.022578582
-0.8717499
-0.38215023
0.2865607
-0.70925415
-0.9223443
0.30039832
-0.1381072
0.037077058
-0.10464
-0.50721586
-1.0032494
