-0.65380484
-0.395758
-0.056929708
-0.6594799
-0.640414
-0.8526366
0.16823263
0.6149587
-0.2359243
-0.41279376
-0.18547651
0.6177393
-0.5265309
-0.17361571
-0.03312549
0.34388342
-0.34812886
-1.265939
0.053969223
-0.80618554
-0.03883516
-0.14349698
0.6732822
0.15122603
0.30563217
-1.0940572
-0.68384814
0.99361783
0.34502774
-0.5328616
-0.66708267
-0.61006755
-0.15048802
-0.6073006
-0.2507483
0.9388761
0.024550295
0.68366915
-0.6818639
0.8195717
0.008505656
0.86622566
-0.048521243
-0.6045088
0.41088527
-0.53726226
-0.9600886
-0.8063621
-0.83631784
0.01982911
-0.43897885
0.5779762
0.0014659556
0.2025197
-0.655298
0.06795108
-0.021777399
0.50931036
-0.10748466
0.5154761
0.3981608
-0.8904217
0.86117315
0.052863877
-0.3620067
-0.24518745
0.35337752
0.64827853
-0.37851298
-0.38406357
0.2665685
0.93963826
-0.77054214
0.26469475
0.4699177
-0.64340127
-0.7802613
-0.17940615
0.63792473
0.41810885
-0.12891595
-0.057256795
-0.32926384
0.3244109
0.56000435
0.19647175
0.44328973
-1.1432818
-0.14672403
-0.9745383
-1.1105139
-1.0890121
0.38867873
0.100037865
0.10583842
-0.6721573
-0.45189175
-0.4723037
-0.07358932
0.060147002
-0.3365747
0.3298271
-0.14095996
-0.5235666
0.19460525
-0.070152566
0.7194102
0.078871146
0.14323863
-0.7533861
0.10485248
-0.20258582
0.1437198
-0.34683976
0.3555734
0.23253185
0.11946058
-0.482244
0.21123505
0.8241688
1.1059017
0.14415035
0.2531838
-0.4671568
0.48605648
-1.011354
0.7383229
0.33671206
-0.23577376
0.36821565
0.3101432
-0.82568365
-0.7998467
0.21211208
0.7070437
0.556452
-0.7001215
0.728661
-0.45232698
0.16181904
0.055055477
0.4444175
0.029539103
-0.088598214
0.053725306
0.5705082
0.24191907
-0.40341204
-0.34963045
-0.3177396
-0.20793724
0.22528723
-0.38667884
-0.47288737
0.014467226
-0.104495466
0.0077663884
0.1342465
0.32381102
-0.02414405
0.38783047
0.63367254
-0.6877215
-0.54361194
-1.0470532
0.36034212
0.26307186
0.49384463
0.8221038
-0.8899614
-0.8307529
0.44395947
0.65668017
0.5079866
-0.47582778
-0.8893074
-0.18212688
0.2799433
0.6611941
0.20801991
1.2582945
0.23973067
0.006391573
0.08717721
-0.22739568
-0.5752044
0.7137977
-0.0027295419
0.3091775
-0.77234775
-0.47009385
-0.4600384
-0.25383145
0.24599078
0.347987
-0.42726198
0.6887129
-0.48048207
0.69087285
0.3538573
0.13632874
-0.87785566
-0.9985021
0.31392062
0.7279793
-0.060727898
-0.33761588
0.93893796
0.5294187
-0.18506356
-0.4221979
0.71420074
0.3270788
-0.484819
0.3593029
0.4338883
-0.40224266
0.35023087
0.50575
-0.15325059
-0.14575407
-0.5112459
0.0062012053
0.68219364
0.62258124
0.13183458
0.09700307
-0.035283808
-0.28662273
0.23427436
-0.3767577
0.20075217
0.70875996
-0.10211973
0.427272
-0.43594915
0.070683986
0.20111243
-0.50804853
-0.743547
0.6945381
-0.18991125
1.0240726
0.8071148
0.69991755
0.007494993
-0.08967934
-0.19544744
-0.6110514
-0.66445583
0.5512424
0.054347243
-0.3896848
-0.9104943
0.5128029
-0.21291555
-0.69307685
-0.6018132
0.027607303
0.82132703
-0.38637036
-0.072158344
-0.51131517
-0.5204814
-0.031108582
-0.5156017
-0.0244615
0.030290714
-0.26102453
-0.15891425
-0.42086405
-0.3975387
0.44821867
1.0026591
-0.04481155
0.24575363
-0.5620243
-0.48302132
-0.68888366
0.98677254
0.8661565
-0.70494264
0.5386773
0.4565122
-0.7040099
-0.49504063
-0.748765
-0.4185952
0.49395275
0.58011496
0.7370626
-0.110494465
-0.27490038
-1.1879694
0.60099816
0.96553046
0.51838565
-0.2030408
-0.79147404
0.18093334
0.11078896
-0.2322734
-0.14755611
-0.8598585
0.9148951
0.4314333
-0.28728193
0.18575044
-0.638826
-0.9785189
-0.5061816
0.13005501
-0.5083741
-0.6273044
0.27057382
-0.060281437
-0.7157065
0.028621668
-0.8160168
0.043468982
-0.16035397
0.73119897
-0.4634099
-0.13340098
0.06962813
-0.94963926
-0.07469773
0.5335025
-0.12716706
-0.61894184
-0.6793039
-1.0514741
-0.9775038
0.1906878
0.18678333
-0.28390244
-0.70670336
-0.04996387
-0.92997986
-0.2092194
-0.72011596
0.29709673
0.7170966
0.692286
-0.43667665
0.47962362
-0.15949787
0.17641969
-0.020763319
-0.33572227
-0.75292176
1.0571568
0.63679725
0.34165728
0.45611805
0.34758806
0.15209341
-0.39830115
-0.14871201
-0.2690684
0.841156
0.72088337
0.2349468
-0.45593494
0.2922447
-0.7780972
0.38034624
-0.056489002
-0.16662212
0.2484271
0.68446505
-0.70796883
-0.06228695
0.0296592
0.111906566
-0.3758071
-0.010264185
-0.15118892
0.13969547
0.117173076
0.758629
-0.046762016
-0.46319866
0.24516413
0.17411768
0.12272532
0.6465051
0.38863313
0.8607128
-0.43973118
0.49390543
0.59425473
-0.00832747
0.753675
0.25921807
-0.030002391
-0.16015474
0.5144574
0.041071326
-0.35664067
-0.027510315
0.14424922
-0.48496014
0.54961485
-1.199274
-0.7126859
-0.50253105
0.5603658
-0.6282092
0.38768193
0.7936993
0.59186095
-0.41704592
-0.5371671
0.58930403
-0.55388945
-0.74207926
-0.0313074
-0.2166968
-0.4294979
0.044109963
0.5402209
0.9455029
-0.64193785
0.16797343
-0.48253322
-0.110815205
0.9319892
0.33482042
-0.39807358
0.3015853
-0.2569886
-0.43986285
-0.4474058
-0.42328465
0.20442513
0.53456706
-0.50034416
0.09685851
-0.20365746
0.12846369
-0.22280486
-0.5253361
-0.38235992
0.890645
-0.77101785
0.024415344
0.054958522
0.007355684
0.35034
0.5022106
-0.54935235
0.38100174
0.26431343
-0.24053146
1.069166
-0.502504
1.2900354
-0.4626836
0.12441716
-0.46469948
0.924013
-0.5358764
-0.07453021
-0.30395615
0.5891985
-0.9272995
0.11337978
-0.13832203
0.66272324
-0.40410116
-0.26869643
-0.51173043
0.9387321
-0.16293804
0.0060786037
0.16840161
0.69201535
0.78062
0.88141817
-0.62965965
0.89988357
0.71800053
-0.98491144
-0.44114608
0.18844071
-0.1891853
0.83890784
-1.0632898
0.06399692
0.3475732
0.033052146
-0.19572866
-0.48089585
0.28891438
0.3403386
-0.24870603
-0.1105436
-0.10207148
-0.041502386
0.4820193
0.8021883
0.35506836
0.9944356
0.27347368
0.13697378
-0.61008185
0.23586199
-0.25934336
0.9386974
0.50511205
-0.4385673
0.9772201
-0.7758145
0.0057729753
-0.45190793
0.69194293
-0.4864844
0.06975941
-0.1128359
0.5954742
-0.7978545
-0.040740922
-0.15379682
-0.09972174
-0.4384361
-0.24435745
0.38527945
0.405282
0.52408934
1.0251364
0.3154804
-0.31196845
-0.2753253
-0.8558462
-0.80779314
-0.0651396
0.4385678
0.6714993
0.22595023
-0.39249116
-0.79234946
-0.2848396
0.30573857
-0.06491121
0.836112
0.65871656
0.7330085
-0.06286192
-0.4733598
-0.22754134
0.22799163
0.26215273
-0.44303706
-0.4407015
-0.71509296
-0.40220124
0.41464683
-0.04669103
-0.42868277
0.69506276
-0.49136692
-0.045995697
0.0564092
-0.8042713
0.7836181
0.031264253
-0.17212084
-0.20719707
-0.2375722
1.0939531
0.47121188
-0.68172544
-0.7809649
-0.22277433
-0.42137152
0.043950774
-0.85153013
-0.09199224
-0.7919785
-0.4899927
0.023349343
0.63774955
0.02088961
-0.8999218
0.54343206
-0.2780725
0.37596932
0.43788
0.49262965
0.543777
0.28764707
-0.47607255
-0.85813355
1.0139487
0.14745262
-0.15856889
0.378239
-0.59664446
0.20996404
-0.40408313
0.33312577
0.041419845
-0.12445466
0.5440669
0.6902603
0.45321095
0.01638851
-0.1786012
0.6571906
1.109306
-0.8530428
-0.9033229
0.0657014
0.2771489
-0.3872521
-0.45923734
-0.29787874
-0.6409662
-0.11833323
0.4823475
0.02281046
-0.05519239
0.38808632
0.62562096
-0.11394443
0.48981124
0.3512467
0.017865233
0.9892637
0.22380972
-0.2441549
0.12761016
-0.31820238
0.15706179
-0.037060287
0.8689408
0.7695632
-0.11005205
-0.33347374
-0.29092428
-0.70198876
-0.49008003
0.9032926
0.2178599
0.13376592
0.6012406
-0.3966283
-0.07603368
0.06959106
-0.022948809
0.39610258
-0.54061955
0.039921395
-0.52084386
-0.05773429
-0.7306609
-0.214565
0.022108974
-0.81371135
0.37550238
-0.3777675
0.6725869
-0.9571105
0.76113635
0.6703108
0.23217995
-0.5113383
-0.23191899
-0.20787467
0.052420124
0.50247204
0.13767572
0.7281769
0.04788706
0.31628585
-0.07343041
0.54722834
-0.21687838
-0.31385723
0.94761074
0.26303354
-0.04174005
0.5850255
0.3514617
0.51084816
-0.19136065
0.40050745
0.3439196
-0.5496895
-1.00814
-0.72413194
-0.0073234597
-1.0541589
0.28186044
-0.8199509
-0.9457338
0.4911291
0.53165394
0.2806092
-0.054323632
-0.78845227
0.9140945
0.7676804
0.23827893
-0.5285185
0.11150848
0.57663435
0.88363427
-0.4055487
0.39543974
0.42050424
0.07253173
-0.32288918
-0.27090245
0.86618453
0.42738017
-0.58749014
0.08195468
-0.1588276
-0.2374112
-1.1330479
0.2514556
-0.07396664
0.19119765
0.27895933
-0.15258533
0.82126725
-0.51818097
0.4418345
-0.162219
-0.10264389
-0.6291977
-0.9475626
0.13932015
0.5539097
0.8498772
-0.090244144
-0.29716414
0.35768127
-0.7235338
-0.68438244
-0.7038506
0.07327688
-0.60625565
0.048525665
-0.63949466
-0.42397404
0.30840212
0.07812078
0.35054472
0.55837023
-0.40996438
-0.5616231
-0.5118949
0.08517117
0.33442682
0.3641318
-0.17823337
0.03813383
0.6793145
-0.6956992
-0.57576394
0.32705507
0.42355385
0.68206066
-0.40094686
0.3764132
-0.15925609
0.20082358
-0.87982714
-0.05869709
0.2726877
0.17705977
0.39389923
-0.2852551
0.04588354
-0.7288248
-0.26154235
0.22337583
-0.4872138
-0.064125046
0.28778744
0.04053375
-0.26693115
-0.09207345
0.49720016
0.012963253
0.6748088
0.5798667
-0.3901457
-0.869815
-0.45056316
-0.10176603
-0.5872445
-0.5065473
0.8313353
-0.60577345
0.5909353
-0.4571869
0.3964664
1.0855572
0.24902807
0.90155375
0.32629058
-0.37218022
-0.5966851
-0.05948761
-0.19588098
0.516503
0.56448334
-0.27537122
0.35231668
-0.06952561
-0.384359
0.16045299
-0.35795155
0.39955333
-0.50435257
0.5799417
0.28104374
0.36557516
0.18826611
0.034887068
-0.77599525
0.26573876
0.3135553
-0.83474797
-0.7747128
-0.4384607
0.6759322
-0.29082108
0.49276146
-0.05625892
1.1259388
0.20852941
-0.0071278666
0.3586716
0.41297308
-0.19194289
-0.42568526
-0.009042387
-0.6791468
0.19246641
0.32979697
-0.25571933
-0.11568576
0.5501563
0.35483718
0.6531682
0.1794974
0.3986454
0.025250604
-0.44088995
-0.6679397
-0.078854546
0.12709667
-0.62192243
0.48381636
-0.07942138
0.196565
0.18774596
-1.0081698
-0.5199108
0.4529305
-0.90858686
-0.6666637
-0.43116865
-0.89325124
0.37910438
0.061455265
-1.0554132
-0.18575889
-0.123714454
-0.46872362
0.32892334
0.39169928
0.7504493
-0.3112524
0.0246752
0.4717661
0.1367062
-0.7350079
-0.1627055
-0.37234306
-0.19856639
0.379481
0.52944505
0.65937936
-0.7199654
0.32083768
-0.45393214
1.1676099
0.76513404
-0.39709225
-0.27719393
0.1330677
0.9295811
0.30669522
-0.42147136
0.50828296
0.09008271
-0.93375397
0.07829404
0.9751207
-0.35299873
-0.6253531
0.34001586
-0.8014375
1.1965346
0.37700856
0.9178575
-0.76591325
0.8705176
0.26615888
0.18128504
0.07911093
0.5853388
-0.2281536
-0.28985858
-0.69484574
0.26949283
0.45112875
0.17112951
-0.49823746
0.2415519
-0.41239196
-0.5384791
0.6252436
1.0573996
0.09970464
-0.06624232
0.852889
0.15429893
0.7547465
-0.7717236
-0.78114825
-0.41579434
0.5356381
0.46749812
0.37283507
-0.7882105
0.61472327
0.38086393
0.3272732
0.09193502
-0.7586531
-1.1199104
-1.0646156
-0.22113504
0.47391358
0.74075145
0.19241633
1.00149
-0.24027826
0.07188803
-0.5434291
0.1760404
-0.45300803
0.007331486
-0.845814
-0.90439487
0.49718064
0.21844518
0.037707165
0.24629918
-0.89737135
-0.15466398
0.42613724
0.09576469
0.07358666
-0.4634383
0.052493136
-0.48181412
0.44401053
-0.077008456
1.4329779
0.15356357
0.46948272
1.33359
-1.0554994
0.61720335
0.040379938
0.24754211
0.030306214
-1.1117835E-5
0.37055564
-0.014044469
0.5679691
-0.39201412
-0.9349317
-0.324727
-0.56952304
0.3871415
-0.6756132
-0.409146
0.31409657
0.3671102
-0.61996543
0.90303403
0.71771365
0.08658004
-0.88581616
-0.5545226
0.16264011
-0.37665105
-0.51184326
-0.114993796
0.47205195
0.756843
-0.55766565
0.4197389
-0.10013418
1.1334214
-1.1197736
-0.29062167
-0.59809816
-0.19959915
-0.18123557
0.12862186
-0.21773581
0.10232596
0.09426426
0.44090536
0.56474096
-0.41784766
-0.96607846
-0.6209751
-0.81668884
0.33356872
0.16674584
-0.11347599
0.15286812
-0.30762067
-0.44465584
-0.3916176
-0.2595937
0.71811247
0.10735639
-0.38372135
0.2894586
-0.5914548
-0.38194287
-0.34051228
-0.7609748
-0.77899337
0.1871067
0.10962796
0.35671458
0.33610502
-0.40064043
0.25047046
-0.47712675
-0.7600792
0.27153254
-0.02486612
-0.34975275
-0.38240772
0.1879777
-0.4483256
0.39994878
-0.2750298
0.074997045
-0.552109
0.325695
-0.42002454
0.82666117
-0.3457759
1.058071
1.0207814
-0.15357079
0.33253762
-0.3087106
-0.16501708
0.05896644
0.2623379
0.14767562
-0.28974316
0.6628205
-0.28009295
0.56491226
0.553787
0.6074238
-0.3232854
-0.12368406
0.61791605
0.81500214
0.26740167
-1.0116
0.37606525
-0.763114
0.54092866
-0.84135956
0.34587672
0.55787873
1.0068394
-0.55376405
0.035732575
-0.3541414
-0.3155936
-0.745394
0.29766145
-0.42514983
0.3806419
-0.8821564
0.08637263
-0.40348017
-0.33095393
-0.6725693
-0.13637994
0.65711635
0.41484976
-0.05462856
0.58372253
-0.98445225
0.36081165
-0.7690607
-0.09049893
0.6588276
0.3620436
0.20027092
-0.16414838
0.21121258
0.5045055
-0.80431163
0.22250094
-0.9287534
0.50501287
0.12558329
-0.13890179
-0.24596857
-0.07433477
-0.14179465
-0.09845472
-0.6468065
-0.49942502
0.68464303
-0.03832359
0.35978907
0.6765567
0.33911416
0.1897868
-0.02205354
1.0054269
-0.38804063
-0.29769042
-0.2510994
0.7668513
0.09333367
0.30092248
0.76102775
-0.62397766
-0.30245322
0.1794283
-0.35496572
-0.41133523
0.026742322
0.1793738
-0.21825784
-0.3901142
1.0847086
0.9703541
-0.2901756
-0.082876876
0.033585776
0.29788145
0.38021353
0.30401286
-0.6766545
-0.87925154
0.27077088
-0.4664694
0.34202135
-0.76833755
-0.5598893
0.34376505
-0.15116465
0.66337305
-0.5280239
-0.53873056
-0.71867794
-0.93935066
0.7102297
-0.4296933
0.641158
0.5143156
-0.52194005
-0.5129652
-0.35175598
0.27977166
-0.030597368
0.54226404
-0.5455629
-0.42752835
-0.27049762
0.09340026
0.67838275
0.86122656
0.2595315
-0.059415977
-0.36960527
-0.061183635
-0.16802819
-0.5169344
0.9762098
0.12415691
-0.57751065
0.30067703
0.908099
0.5763123
0.6022548
0.5681325
0.29944327
-0.062114134
-0.8777272
0.73906195
-0.45431173
-0.81859624
-0.31695414
-0.12833793
1.0592297
-0.53785884
0.17888965
-0.16735204
-0.077698
-0.24549583
0.7770852
-0.2668218
0.4822064
0.3480257
0.6391183
-0.39539993
-0.4305237
-0.47257015
-0.088771656
0.09046709
0.13607205
-0.09356868
-0.1622802
0.6588108
-0.7444609
-0.28775308
-0.2598988
-0.83979577
-0.6922748
0.2349674
0.7543332
-0.1375107
0.029794186
0.8182864
0.5104744
-0.23030336
-0.1665345
-0.7547363
-0.14015803
-0.6897914
-0.41199777
-0.12862316
1.0010357
-0.51222813
0.08019748
-0.867284
0.0155858705
-0.38378093
0.03468986
-0.16572398
0.42921644
-0.2942301
-0.6112783
-0.24932812
0.4641461
1.1391771
0.25116262
0.55543923
-0.21778566
0.29264557
-0.261192
0.80856097
0.23963548
0.64696497
0.24627636
0.3263903
-0.13479312
0.20087957
-0.9843459
0.1093229
-0.21298984
0.24817353
0.12693712
0.80322677
0.24264488
0.25812498
-0.5790676
-0.03351593
-0.019775417
-0.58344954
0.6266254
-0.6357687
-0.14863019
-0.462858
0.49193
1.193875
0.43388116
-0.0956184
-0.36518118
0.41238758
-0.36367726
0.6685653
-0.047248963
0.25882277
0.2724967
-0.22005081
-1.0976311
-0.63911754
-0.48106518
-0.5499185
-0.2182285
0.5105803
0.7111187
0.09020971
0.68554205
0.2201666
-0.5285168
-0.33196068
0.028973747
0.4345905
-0.41473088
0.37722275
0.77332413
-0.21243003
-0.8901758
0.12669174
0.14828563
0.6746794
-0.24862526
-0.24708346
-0.0647061
0.14900947
-0.8564056
0.76357645
-0.44997022
0.023799215
-0.5153583
0.3686844
0.5874994
-0.6055345
-0.040914983
0.16126058
-1.0959067
-0.79194885
-0.6148059
-0.16347651
0.61633575
0.10516014
0.34740528
-0.509736
-0.455138
0.8826891
0.3773742
-0.3721559
0.034949277
-1.1697286
-0.1642836
-0.3970163
0.25225356
-0.7288998
0.6457481
0.48048824
-0.13085613
0.76409763
0.5778413
-0.43295783
-0.18962328
0.76241046
-0.14079435
0.2768356
0.672059
-0.685
-0.8754625
0.35546017
0.2967174
1.1338036
0.5263156
0.08415655
-0.40654764
-0.08545236
0.44418874
0.7564499
-0.39724308
-0.16715328
-0.52221334
0.86785024
0.16023552
1.3293363
-0.28851512
-0.13607349
-0.87048066
1.0726092
0.96738964
0.68187535
0.5443727
-0.35092372
-0.14202383
-0.83416694
-0.2974237
-0.40371102
0.39898688
0.014094938
-0.7905267
0.10279744
-0.5390954
0.21101715
0.42812446
-0.49331006
-0.1738911
-0.23307563
0.7513712
0.23849766
-0.49131912
0.5365325
-0.4960425
-0.24789457
0.035316113
1.0736959
0.1336143
-0.018509919
-0.41246146
0.56503195
0.3600011
-0.6706644
0.0032449753
-0.50003403
-0.37717426
0.9431042
-0.26156542
0.43799946
-1.1421914
0.63406736
0.47995752
0.47808352
-0.5648401
0.3305577
-0.06028051
0.11814652
0.3780887
-0.7000688
0.2904268
-0.037712578
-0.45431897
-0.8649043
0.20348889
1.0802456
0.25205958
0.04779861
-0.5726887
0.110830575
-0.22727498
0.84363806
-0.17307448
-0.23551458
0.119083084
-0.9525748
-0.4691576
-0.64670813
0.60698724
0.17654638
-0.5432106
0.9720511
0.69853354
0.66330844
-0.70914656
-0.38981122
-0.49079695
0.031951357
-0.104386464
-0.055847764
0.6795261
0.19351971
-0.46994218
0.1491126
0.19766626
-0.40199685
0.0022729465
-0.7762198
1.2706777
-0.63348377
0.28066483
-0.42107627
0.7587253
0.44045597
-0.43263704
0.20165019
-0.14199263
0.16629805
-0.1589108
-0.39320654
0.15340064
0.07736219
-0.09690542
-0.16197056
-0.59927267
0.5958469
-0.080497615
0.34841004
0.73877543
0.026321612
0.9309995
-0.4225579
0.83202803
0.4938156
0.79533684
-0.15338352
0.41121075
0.16828689
-0.2943879
0.28116506
1.2873865
-0.105645634
0.39840332
-0.78635347
-0.7224214
0.666006
-0.007387452
-0.59479827
0.9481686
0.3183543
-0.26541892
0.4666114
0.52048457
1.1318144
0.017721578
-0.99100864
0.6061361
-0.9001404
-0.1179285
-1.1752179
0.5775457
-0.5510713
-0.50274575
-0.66026944
0.48723835
0.59822804
0.7176161
-0.21600546
-0.7901185
-0.42939284
0.23406954
-0.23803195
0.35988933
0.46687147
0.123931095
0.3390094
-0.45939067
0.36030635
-0.11929512
-0.71187794
-0.45405218
0.77913165
-0.3432951
-0.46478638
0.94664335
-0.24689615
-0.92863923
-0.68888956
-0.84684515
0.8638665
0.012223455
0.59626657
-0.17641564
0.41249675
-0.11222631
0.85880494
0.23628148
-0.074291095
-0.61834294
-0.032365415
-0.7210482
-0.5109398
-1.8778846
-0.40031877
-0.47593552
0.009774577
-0.42672133
-0.7322286
-0.27832747
0.22072798
-0.2608859
0.18667483
0.12377873
0.29364365
0.30140927
0.22197352
0.22349362
0.6260632
-0.5475056
0.2512774
-0.13644627
-0.16564201
-0.10828038
0.34485006
-0.21012335
0.6256645
-0.6341447
-0.28002927
-0.466524
-0.11975497
-0.042381693
-0.7939788
-0.29926565
-0.27972382
0.6238561
0.6991137
-0.8547607
-0.748172
-0.44426435
0.69531864
-0.2669119
-0.62237346
-0.8118288
0.5941611
-0.21560569
0.83276844
0.131809
0.5062578
0.5196983
-0.654592
-0.25052145
-0.19234137
0.87395734
0.052375387
-1.4826565
-0.7707869
-0.7005111
-9.7476837E-4
0.5582235
0.11663307
-0.023103314
0.4851727
0.49428093
0.60316753
0.83697295
0.26389837
-0.19032638
-0.058343098
-0.002937584
0.22898908
-0.2488846
0.43237025
-0.6077488
0.30524853
0.41144523
-0.17286867
-0.86474353
-0.48366398
0.70466334
0.07079563
0.5361355
-1.2987452
0.46785936
0.15148002
-0.064431906
0.18406211
-0.41716793
-0.6366017
0.37174097
-0.7212131
-0.09122911
-0.11019475
-0.6352147
-0.5577681
0.78509694
0.75166166
0.45001754
-0.71539295
-0.15355197
0.016115295
-0.28618413
-0.17730781
-0.03210464
0.17671134
-0.16570346
0.03410466
0.78831047
0.0014459695
0.18984993
-0.9603805
-1.2373483
-0.68853587
0.90373814
0.30582294
-0.6896589
0.6464863
0.78956497
-0.9295404
-0.5862548
-0.72414637
0.16555089
0.11638413
0.57179356
-1.0820814
-0.73407364
-0.717958
-0.103982896
0.7788959
-0.45921496
-0.29325908
0.7322963
0.4112747
0.31896862
-0.053683773
0.42325306
0.36334556
-0.32207137
-1.070065
0.3789841
-0.4667652
-0.4468639
-0.536562
-0.11421097
0.11457951
-0.42556363
-0.4673374
0.13600826
-0.19503576
0.27418876
0.17533728
-0.024277247
-0.87784183
-0.7990947
-0.32246652
0.41809535
0.1606381
0.74884886
-0.04559194
0.5659131
-0.9185547
0.23319818
0.38358483
-0.43380016
0.9169972
-0.14839472
1.1134355
0.60160464
0.22280355
-0.3175917
-1.2429358
0.7853015
0.10725795
-0.54653335
-0.057024032
-0.34339684
0.60318685
-0.96412957
-0.7039061
-0.37480265
0.7246997
-0.010014573
-0.38040695
0.61607337
0.38470602
0.28310913
0.51321715
0.18214008
-0.88672215
0.41019914
-0.63746434
0.9907829
0.002579964
0.040510476
-0.1456379
-0.37425965
-0.0935832
0.37857842
-0.04853557
0.13329601
-0.23770058
-0.43114775
-0.27652776
-0.56671035
0.60825557
0.07772034
0.31107476
-0.4557806
0.38486424
-0.52710456
0.12189189
-0.34140137
0.0037844027
0.57863075
-0.033454563
-0.13485268
0.494194
0.2510909
-0.31869608
0.08053827
0.62282586
0.07359752
0.42239293
0.048003875
0.012594537
0.4497992
0.6066553
0.014276705
0.65403974
-0.09451074
0.4882121
-0.8120678
1.2904589
0.5247216
0.31545085
-0.65859497
0.07836464
0.30829218
0.48652905
0.03973059
-0.99021935
0.3498649
-0.25952008
0.28942767
-0.30528125
0.017907629
-0.81019473
0.68636566
-0.18383212
-0.0524825
0.61146384
-0.4095902
0.33667463
-0.014685033
-0.22858417
-0.23378623
-0.16545619
-0.4367489
-0.55332255
-0.16583066
0.40294155
-1.203204
-0.5066495
-0.9545452
-0.38220748
0.18026896
0.5394032
0.22224501
-0.19802524
-0.88300073
-0.279935
0.73369014
0.10027133
-0.42588693
0.32317674
0.4993215
-0.47033295
0.49906203
-0.629595
-0.63645804
-1.0490209
0.24961631
0.5591391
0.5985406
0.54872155
-0.551537
-0.4372952
-1.2118536
-0.30911747
0.92164314
0.11659317
-0.55423737
-0.5055102
-0.20921408
-0.41376844
0.77370566
0.27709645
0.16940868
0.19186047
0.8082161
-0.12084854
0.03345054
0.11795791
-0.6122972
0.19603159
-0.93490267
0.9453124
0.62704337
0.32078302
-0.6252156
-1.007641
0.5287652
-0.110948294
-0.55294454
-0.033899765
-0.75633174
0.45495245
-0.5277077
-0.5692096
-0.4095511
0.31831214
0.54890704
-0.23962224
0.12916225
-0.7161929
-0.60883003
0.06624519
-0.54213053
0.10934329
-0.829679
0.56112856
0.014023554
0.8002825
0.9982982
-0.026130486
0.57898057
-0.3084796
0.14937133
0.2025789
0.48710683
-0.44504994
0.2039945
-0.6752071
0.47413316
0.36223152
-0.10119499
-0.62415534
-0.50758517
1.0752028
0.70158577
-0.30641916
-0.27459505
-0.45041165
-0.26569262
0.55091363
0.68517166
0.74208975
0.24113582
-0.50719875
-1.11754
-0.027303316
-0.12877932
0.9195522
-0.8131146
-0.0022098592
1.0099385
-0.11661888
0.71412873
1.0362259
0.16871212
-0.6565218
-0.63670367
0.6059085
-0.029172825
-0.25169954
-0.864943
0.28768045
-0.18156745
0.09080917
-0.04254619
0.51214635
-0.9221589
-0.63420016
0.32791868
0.0044868677
0.63913965
0.61168027
0.34331313
0.40381736
-0.74737036
-0.0937995
-0.40587938
0.85218287
-0.61968535
0.6352494
0.6254353
0.41151083
0.8923544
0.123244695
-0.5422609
0.4009312
0.31226417
-0.33551764
-0.4084899
0.040986042
0.5612033
-0.40329772
-0.06788696
-0.16247211
0.119130634
-0.3557429
-0.33177102
0.1989977
0.28133202
-0.10846684
-0.42936268
-0.39877617
-0.3326818
-0.12734896
0.52128
-0.51019114
0.43413472
-0.18119109
1.0802014
-0.22115579
-0.61118835
-0.2557698
0.13254699
0.48958877
-0.7733468
0.496188
-0.5549733
0.7280462
-1.2394187
0.017449774
0.14787348
-0.71252674
0.79274493
0.40108377
-0.112959616
-0.37311095
0.69779086
-1.0071465
-0.18036243
0.3509021
0.34318426
-0.8969437
-0.08888131
0.74488455
-0.20269234
0.005490205
-0.10289855
0.21566392
-0.2545255
-1.0445802
1.0733789
-0.11941812
-0.7382783
-0.1258914
-0.7137851
-0.74196184
-0.42137128
0.13329324
0.4718735
0.35908997
1.3325323
0.38688043
-0.3370396
0.40554804
0.007169672
0.44838202
-0.84247625
-0.9722497
-0.5298004
-0.7693254
0.41331747
0.29992616
0.4734758
-0.37222418
0.22942899
0.10790379
0.7947442
0.1504657
0.42661387
-0.42802918
-0.075800166
-0.8130297
-0.2789344
-0.5286274
-0.04653829
0.48095366
-0.56024146
0.47332177
0.66277826
0.34848875
-0.062920265
0.46595138
-0.8101463
0.27993083
-0.59294665
0.45754603
-0.16316387
0.29231933
-0.47780442
-0.0076665278
-0.54976904
0.6637659
0.6415418
0.51420826
-0.21171221
-0.268088
-1.0399739
-0.5970055
-0.57404
0.42977098
-0.76719975
0.38523754
-0.007360911
1.034521
0.2361866
0.5007241
-0.504463
0.07861187
-0.54153603
0.698666
-0.30449507
-0.50396776
0.5383206
0.6397001
-0.42771047
-0.7227568
-0.43021747
-0.7229297
0.58523893
0.4589202
0.014374363
0.4678908
-0.59752446
0.10510015
0.6794998
0.21385673
0.5499293
0.58656013
-0.32182953
0.34140342
0.7083587
-0.04002402
0.08718597
-0.7200752
0.36522862
1.037618
-0.1077459
-0.4107114
-0.025082666
-0.027950348
0.18881567
0.51690835
-0.39341986
-0.003848261
0.031697404
-0.76797813
0.2278356
-0.91168624
-0.3914724
-0.10384944
0.4172078
0.90276796
-0.7359648
-0.12281465
0.67103773
0.2843446
0.014245976
-1.1637
-0.09979639
-0.12272594
0.6715625
0.44520697
0.24094407
0.5666977
0.4706988
-0.22947717
-0.03978172
0.00643823
-0.031165488
-1.0596179
-0.6533123
-0.6216082
-0.56422657
0.36659056
0.32814938
0.18333268
-0.1333209
0.06966014
-0.6124735
0.4032537
-0.13254578
0.17269783
0.2629254
0.39225695
0.40728208
-0.5591375
0.4537296
0.47751957
0.9119389
0.7798678
0.5372063
-0.797538
-0.009671567
-0.1016594
0.8058442
-0.39812964
-0.41967317
-0.105272144
-0.625752
-0.12475135
0.7963174
0.72467464
0.62960577
-0.8783029
0.11059718
-0.6466741
0.54190844
-0.25847164
0.5715894
-0.14985234
-0.14179982
-0.5989604
-0.1534926
0.8165055
-0.65562475
-0.13064241
-0.52258366
-0.80135745
-0.6599248
0.7986411
-0.49194327
-0.023050236
0.37534702
0.4806294
-0.17557263
-0.2343543
0.4520343
-0.5392418
-0.5053451
-0.6933373
0.19918528
-0.38224983
0.1133586
-0.04052034
0.3462975
0.43572757
0.26105493
0.10853234
1.3160272
0.9299643
0.1561796
0.12425265
0.6398732
0.27114308
-0.093646005
1.210773
0.07259217
-0.5760633
0.7586896
-0.5903142
-0.87020564
-0.5714367
-0.9038157
-0.28795388
0.5220623
0.46572128
0.2612965
0.12789202
-0.6522835
-0.13462152
0.096049294
0.9265993
0.05348414
0.7145555
0.6950024
-0.33576736
-0.44778675
-0.1079366
-0.28009358
0.5283929
-0.92602056
0.6634875
-0.061385617
-0.109778486
-0.8808512
0.4378395
-0.26730597
-0.29891473
-0.65812063
-0.008668457
0.46612865
0.1109051
0.6580046
-0.18152891
-1.1225708
-0.16379757
-0.2453121
0.33271414
0.015983624
0.25016263
-0.074518226
-0.76548463
-0.47003073
0.5610501
0.36177337
0.103232436
0.3711322
-0.07665933
-0.5601008
-0.16114777
-0.088680804
-0.29976442
-1.3118116
-0.19310224
0.11786426
-0.7537153
0.65516925
-0.35568228
0.4563417
0.33850822
-0.34110916
-0.22384478
0.45629445
-0.1297965
-0.49277785
-0.559036
-0.64154714
0.30646712
0.17430827
-0.78337705
0.46912593
0.025718467
0.8328941
0.36604184
0.14001097
-0.25611332
0.44130275
-0.8846319
0.42962325
0.07730322
-0.75178915
-0.5231458
-0.79922277
-0.80647194
1.2747164
0.40769583
0.68032676
0.6997975
-0.2726343
0.14672732
0.49314716
-0.60347193
-0.45416638
-0.97335464
0.41292217
0.45740047
0.12913331
0.30954853
-0.6360804
-0.22207035
0.36886767
-0.6920972
-0.37900054
1.2892693
-0.4446747
-0.7036202
-0.07593677
-0.009294347
0.33676872
-0.80786675
-0.4721406
0.15851057
-0.5191576
-0.6646826
-0.013179618
0.11297271
0.66783184
-0.3024188
0.45977512
-0.75591403
0.580347
-0.36287048
-0.22655433
0.21228184
-0.57268226
-0.0023472228
0.36395434
0.2408568
-0.7325408
-0.24412434
0.4842359
0.28901362
0.12447922
-1.3940865
-0.18895134
-0.9084651
-0.21801506
0.32940152
0.31222263
0.70968944
0.22289269
-0.15949902
-0.35162857
-0.38139927
-0.4927161
0.82783943
0.22527924
-0.48340878
-0.918229
-0.27161157
0.17866062
0.55277914
0.5711551
0.10847138
-0.3533425
0.1726876
-0.5114269
0.095209666
1.1083204
0.1687095
-0.4100794
-0.1227694
-0.57916516
-0.43609494
-0.70860606
-0.65419936
-0.61353356
0.612973
-0.26717356
1.1139731
-0.10505026
0.6066513
1.0380317
0.77896726
1.2662292
0.8637302
0.6037828
-0.58209676
-0.7785492
-0.4658949
-0.1277605
-0.61228675
-1.2846564
0.11138663
0.38456988
-1.0265117
-0.49821845
-0.67197096
-0.72336346
0.9521556
-0.13411207
0.70737064
0.49406257
-0.385926
0.54832816
0.8096019
0.6336828
-0.35686862
-0.41458786
-0.1490169
0.959319
1.1080159
0.06643925
0.5355505
-0.28245738
0.2985236
0.64100695
0.69603276
0.14794709
0.24312723
-0.7105159
1.4425355
-0.9667944
0.5770679
-0.13791978
0.32995558
-0.29322574
0.6827354
-0.8162898
0.07233426
0.2424596
0.028071743
-0.3004603
0.4879336
-0.009716336
-0.115996525
0.23464203
0.51788235
-0.3267588
0.19687691
-0.14656304
-0.30228162
0.12209961
0.38564396
0.67135376
0.3160879
0.5345508
0.17163356
0.25692773
-0.08421538
0.43144175
-0.7867256
0.17781182
-0.40837082
0.47448006
0.5275858
-0.49122384
0.10209131
0.42415163
0.029200852
-0.10389996
-0.6466854
-0.37221825
0.27761477
0.16334519
0.2774406
0.06496389
-0.6061234
-0.5124673
-0.3420769
0.635865
-0.013659079
-0.7184242
-0.28547508
-0.8314875
-0.4614171
-0.04380694
-0.7249993
-0.8098086
-0.61714566
0.35067627
0.33275726
0.861016
-0.64734787
-0.050066687
0.79004985
-0.3196603
0.19422866
-0.6968027
-0.35204586
0.30298373
0.03398913
0.9178514
-0.40320528
1.0179353
1.1052194
-0.07661974
-0.034159806
-0.36317626
-0.15715875
-0.2509683
-0.86997175
0.6444515
-0.03141284
-0.97542924
-0.6544621
-0.7015293
-0.13589309
0.13397855
-0.16078793
0.20056796
0.17082828
-0.48806322
0.63695836
0.048586335
0.1959592
-0.79901177
0.7778748
0.8675775
0.6958675
-0.10516341
-0.15299286
0.4671936
0.44362307
0.6749995
-0.64989793
-0.5535753
-0.4480681
-0.1932408
-0.30881822
-0.4911411
0.33845812
0.49291864
-0.9469773
-0.29434478
0.037983894
0.056035932
0.69122344
-0.32289752
-0.5938805
0.6135298
-0.24667163
-0.46034306
-0.3105569
-0.48136622
0.4529603
0.6664946
-0.48278823
-0.18526484
0.52699333
0.37941578
1.0047783
0.109249815
0.57203823
-0.5384314
0.09295478
-1.0699782
0.28868508
-0.425568
-0.0853365
-0.4648312
-0.72495675
0.55073446
0.61291134
-0.63212734
-0.06892838
-0.23227902
-0.6288041
-0.8786438
0.077953674
-0.99526983
-0.33961505
-0.3449922
-0.3822075
0.67902803
1.0822809
-0.693133
-1.1532782
-0.11331988
0.23250537
0.1576956
-0.01766259
-0.15236767
0.09548725
0.42868155
-0.3784657
-0.44596
0.21562251
0.41166174
-0.82464415
0.17405832
0.46699956
-0.092714764
-0.53549105
0.38171563
0.034814037
0.8982772
0.31180683
-0.26609364
-0.19128759
-0.4633811
0.3737987
-0.73852736
0.7086388
-1.0136272
0.6343698
0.7220596
0.40886146
-0.35479054
-0.34231308
-0.64453375
-0.5016674
0.25672862
0.56789285
0.9118809
-0.8661963
-0.5668536
-0.5731598
0.85214084
-0.06025489
-0.12218144
-0.20434515
-0.17738429
-0.14056085
-0.1884345
-0.6630995
-0.32889372
0.10020606
-0.2314825
0.3794217
-0.15725587
-0.20622914
0.90289366
0.5255842
0.31806287
-0.28507006
-0.7232711
0.13350488
-0.06823185
0.35615373
-0.065287344
0.49731028
0.09650725
0.6323802
-0.6462463
-0.36408156
0.20735496
0.5753501
0.7582146
-0.6813841
0.51422614
-0.1562569
-0.072124
0.5835688
0.9466929
0.58816314
0.092378944
0.6092397
-0.66041434
0.13043344
0.8207978
0.303162
0.032560695
-0.6669384
-0.40605393
0.2261942
0.7393593
-0.3156412
0.7333405
-0.36658934
0.15894751
-0.8962735
0.3529164
0.59038275
-0.19409497
0.9424328
0.12801486
0.5930946
-0.15284209
-0.7540735
-0.1831545
0.080446765
-1.1799929
0.3907733
0.26929584
0.27170226
-0.09110935
-0.4908691
0.1202454
-0.3351497
-0.12130235
-0.7639982
0.42479292
0.67044526
-0.07063217
0.78067505
0.4065501
-0.009876717
0.55617934
-0.7169017
-0.9164726
-0.71656877
-0.5149727
-0.29885268
0.5024079
-1.1196592
0.3945107
0.19649799
-0.5469695
0.14500266
1.0984328
0.6073086
0.37987188
0.016377823
0.35464093
0.9070642
-0.12705684
-0.9022834
-0.13342956
-0.21911956
0.19853203
-0.33882043
1.255573
0.43423507
-0.4198315
0.4018199
0.1815803
0.82948667
-0.75652874
0.57546896
-0.95828444
0.62256604
0.002377546
-0.15347454
-0.04463422
-0.6800977
0.11041116
0.100583635
-0.4061739
-0.69379956
0.701642
0.28386325
-0.35075325
0.29566985
-0.3838829
-0.06399957
-0.09094365
0.6565419
-0.5550691
0.9218498
0.13804889
0.1651824
-0.22400802
-0.9206523
-0.2980374
0.43357548
0.27762577
-0.41744933
-0.70496625
-0.84123945
-0.5701945
-0.21546671
-0.7721525
0.9076578
-0.039611816
0.20987813
0.49340302
-0.6873842
-0.35689688
-0.4866597
-0.24607018
-0.33948374
-0.26840457
0.7810374
-0.43435207
0.12909809
0.34965026
0.93582106
0.050357625
-0.5802173
-0.3784834
-0.11934953
-0.54551667
0.7353516
0.6089609
0.84373504
-0.6164629
-0.24966013
-0.28734934
-0.2725377
0.29762372
-0.15497476
0.5057526
-0.32472393
-0.38217705
-0.66195506
-0.479804
0.3678912
0.34752262
0.021368861
0.51495326
-0.1853965
0.21960533
-0.59328294
-0.4741754
0.040332336
0.3959535
0.15361719
-0.87893355
0.60860133
-0.078246616
-0.13354814
-0.119837806
0.13448049
0.2512653
0.0834669
-0.32674834
1.0294398
0.29354495
0.01079227
-0.25200465
-0.14184181
-0.47025064
0.74625474
-0.35708085
0.24128158
0.3245201
-0.25241694
0.7175735
0.12991354
-0.37963733
0.031822354
-0.6005284
-0.7556331
0.5948049
-0.52530986
0.31257772
-0.25012338
-0.23498446
-0.120854236
0.19783163
0.059295155
0.6498399
0.6047731
-0.17762774
-0.7572372
0.48491427
-0.36825576
-0.5202625
0.32499018
0.076304294
0.08357465
0.477146
0.27255628
-0.42599526
-0.37138715
0.09234331
0.07756201
-0.80479145
0.33896852
1.0076504
-0.43588004
-0.27332118
0.19688083
-0.7552752
0.14540398
0.5465617
-0.578603
-0.4778357
-0.067635015
-0.32034466
0.28612548
-0.40793386
-0.064176746
0.9367199
-0.42318743
-0.26785207
0.055548247
0.17643584
0.6220481
0.2586457
-0.29188278
0.6016064
0.25448823
0.35986054
-0.6685311
-0.58229804
-0.42612842
0.82297885
0.7587007
0.7873607
0.23578352
-1.0366415
-0.45810932
0.10307043
0.5130722
0.041438792
-0.4473314
-0.3510432
-0.09270357
0.42244926
-0.6578439
-0.2340521
0.988358
-0.3694303
-0.07622219
-0.024087392
-0.72083277
0.286731
0.5030529
0.34168002
-0.5487976
-0.51967317
0.7759874
0.17396641
0.41148484
0.52674496
-0.21647462
-0.55101687
-0.20635791
0.47156245
0.5605096
0.4421779
0.07716993
-0.64012444
-0.20423709
-0.6934255
-0.23449716
-0.1121766
0.14691979
0.43906584
-0.20390871
0.08285326
0.00860503
0.6480107
0.60076284
0.673794
0.2887533
-0.9046127
0.75126934
-0.76315945
-0.30701673
-0.44556686
0.3125486
0.17983344
-0.69189996
0.23871374
0.18276197
0.5226504
-1.0480487
-0.15054046
-0.7600612
-0.5832618
-1.0336521
-0.803959
0.40358028
0.8988376
-0.00299225
0.562334
0.5221491
0.30464074
0.25121653
-0.46044567
-0.033209655
-0.04758252
0.21414654
-0.12522657
-0.12854135
-0.559228
0.42219988
0.3144509
-0.08973979
-0.036999196
-0.7636631
-0.5051585
-0.37060562
-0.03607929
-0.14120445
0.3812656
1.142262
0.5039796
0.22809294
0.053067908
0.24773738
-0.14563397
0.23633665
-0.5013402
0.8452796
-0.35031614
0.17060706
0.26982957
-0.22662558
0.90809315
-0.49178723
-0.4945638
-0.48438892
-0.3534849
-0.6557289
-1.2546437
-0.2658711
0.33743465
-0.39355063
-0.13075759
-0.43874076
0.10671572
-0.45913947
-0.12252279
-0.12485438
0.82061434
0.4180145
-0.82125205
-0.52782136
-0.15117991
0.40990126
0.89621204
0.53545314
0.25885257
-0.19817246
-0.5878817
-0.6331536
-0.65345347
-0.276229
0.1631459
-0.6447664
-0.18950403
-0.50828964
-0.5467982
0.06070065
0.3295964
0.106575795
-0.6163447
0.49687406
-0.006433878
0.76738864
-0.6020937
-0.4552078
0.2310711
0.06441859
0.39816317
0.35844532
-0.6131531
0.41835764
0.58176327
-0.85018235
-0.04986632
-0.23512834
0.34222385
-0.42445475
0.024237735
-0.36544123
0.6077514
-0.30804077
0.650839
0.4657892
-0.8545907
-0.50249994
0.7134647
0.46967584
0.25368094
0.9035077
-0.44235122
0.6090028
-0.59739906
-0.16352864
0.07838527
-0.25346363
0.37765256
0.51035106
0.8760161
0.6108497
0.5604777
0.014469472
0.2770332
0.21212366
-0.021763122
0.08204832
0.12787542
-0.60147744
0.41303515
-0.23756368
-0.43689016
0.6102452
0.9024561
0.3897599
0.432859
-0.23027115
-0.08362492
-0.35724124
0.36473724
-0.099236764
0.15853448
-0.05905551
0.0119294925
-0.5028213
0.6267761
-0.4022714
0.12735009
-0.15955973
0.18951769
-0.73075444
-0.5721901
0.08279759
-0.77209735
0.17623824
0.019519748
-0.29920667
-0.5003407
-0.42681167
0.6236815
-0.5214194
-0.14616913
0.11369283
0.19685133
-0.20316699
0.75621414
-0.45035058
-0.12718844
0.14346129
0.23654163
0.62123734
0.30507246
0.75992787
-0.20841342
-0.7097105
-0.27852327
0.8898634
-0.40990186
0.166395
-0.60787815
0.4422904
-0.18106538
-0.0452442
-0.36920035
0.24047452
0.19604272
-0.67697465
0.55478853
-1.4707412
1.0150884
-0.9019966
-0.0028430235
0.0069892267
0.32117653
-2.755353E-4
-0.76718515
0.055545226
-0.022607649
0.3688862
-0.011881063
0.87364185
0.16182205
-0.99593
0.11564828
-0.9121125
-0.6387961
0.7706037
0.26871443
0.027188951
-0.37073877
-0.27865425
-0.5147986
0.33370933
0.19202848
-0.53468776
-0.32252708
-0.27915552
0.049511828
-0.7894369
0.21980904
0.32423013
0.7924845
0.8111148
0.87009037
0.5845681
-0.6703239
0.04164004
-0.6857363
-0.8123904
0.5654175
-0.12969612
-0.005982029
-0.14831801
0.37940657
0.21841788
-0.3435823
-0.11830799
-0.8773923
0.40329152
-0.20382826
-0.07643825
0.1890116
-0.37585574
0.25524685
0.8782845
0.1160541
0.67787045
-0.07653964
-0.19031122
-0.3126505
-0.1987126
-0.0081146145
0.086193256
0.6250568
-0.5549615
0.21876758
0.31124964
0.47199813
-0.75212026
-0.022120226
-0.8870204
-0.053822365
-0.5380273
-0.25154525
-0.41294807
0.7419323
0.33815357
-0.17117995
-0.831768
-0.3640208
-0.19222821
0.49624404
-0.30370864
0.053870525
0.25021195
-0.1629967
0.334632
-0.24365734
0.013925711
0.5297763
0.16437274
-0.32872647
0.2510062
-0.21745543
-0.4461525
0.5742364
-0.014506961
-0.80277324
-0.63982356
-0.88293916
0.9320186
-0.85272217
-0.6589915
0.14054517
1.2885951
0.26147604
0.16216661
0.61581826
-0.42813057
0.3780957
-0.5745319
-0.2542767
0.10666526
-0.32991192
-0.3838695
-0.36059988
-0.09930622
0.16625437
-0.5626926
-0.7413165
-0.14483243
0.07161145
0.38079664
-0.71264523
0.18237597
-0.20287405
0.5101073
-0.15496619
-0.4925079
-0.13286836
-0.3983436
-0.34233132
0.35405892
0.2204374
0.45911497
0.24851136
-1.3193659
-0.60759765
0.021128498
-0.278376
0.23281616
0.6022252
0.17383163
-0.1933303
-0.19319655
-0.18248798
-1.1056588
-0.17452724
0.10043585
-0.12887675
-0.5336973
0.46284682
-0.5128241
-0.41366705
-0.6013195
0.3026598
0.37836832
-0.6273792
0.5360455
-0.0025531584
0.011188111
-0.35518268
0.20712122
0.26258773
-0.2382372
1.0826283
-0.26141152
0.34796906
0.29249683
-0.27295548
-0.09084211
0.4640745
1.1111765
0.3762791
-0.50516975
-0.12099671
0.2941942
0.653641
0.37452072
-1.2342784
0.90794104
-0.5752456
-0.45810726
-0.7530517
-0.21426423
-1.1382113
0.39517462
0.039793074
-0.73020214
-0.26252127
0.20848005
-0.8138751
-0.60555804
-0.051539455
-0.42481455
-0.22039233
-0.7449733
-0.07570622
-0.81060165
0.801061
0.74162734
0.10552764
-0.56245536
0.13480964
0.62610674
0.46564934
-0.16511469
0.24933478
-0.5271272
0.3190936
-0.65406936
0.9968035
-0.5341148
-0.5780443
-0.65558517
0.3812042
0.26732522
0.52318215
-0.7901646
-0.646654
0.04222216
0.35905868
0.34741303
0.7762924
0.13325271
0.04090103
0.2610864
-0.29038098
-0.4705459
-0.04391712
0.49620357
0.4295794
-0.6019149
-0.18393336
-0.2604302
0.7754312
-0.7644917
0.28932604
0.4721122
-0.34900412
0.30493963
-0.49722335
-0.45937383
-0.010238138
0.66125983
0.037489995
0.39757875
-0.60851586
-1.0044451
0.5209191
-0.8716366
0.24940476
0.8179088
-0.78116196
-0.5519982
0.39467424
0.7421764
0.36215904
-0.8805187
-0.09035538
-0.17961758
0.14584687
0.5719756
-0.46000248
-0.5261939
0.9564555
0.083999455
0.06795146
-0.3304526
-0.5120295
0.66194
-0.08165095
-0.07054492
-0.42284107
1.0793841
-0.72331315
-0.2263572
-0.7842899
-0.5415587
0.41499826
0.2461772
-0.5933585
-0.26866618
0.30362916
-0.6717071
-0.005182409
-0.25574076
0.32778028
0.54167247
-0.023392392
0.049616814
0.34292758
0.45505184
-0.5050532
0.2940808
-0.016653497
0.77702135
-0.7835349
0.4520337
-0.0827404
-0.36745197
-0.7915071
0.51579905
-0.13165572
0.40499258
1.0020438
0.05393019
0.90063715
-0.3602039
-0.83636
0.021863053
0.21456805
0.009713214
0.25453192
-0.9066875
-0.12768687
-0.4083007
-0.47712097
0.082899496
-0.02752485
0.17783709
-0.54111964
0.05027301
-0.11053596
0.9039467
0.4084323
-0.4040321
-0.46760258
0.41798037
-0.58505434
0.09089345
-0.51502496
0.20984265
-0.1773365
-0.6345661
-9.1341225E-4
0.23212741
0.41718882
0.26680222
0.4654689
-0.21168381
-0.5943395
0.13325517
-0.30540466
0.24615443
0.08110443
0.38096642
-0.014383942
-0.7302383
0.6913506
-0.4679331
-0.25243017
-0.72447467
0.20091707
-0.15031235
-0.4816711
-0.42402738
-0.79882175
0.3220841
-0.21180797
0.14133178
0.318435
-0.83381796
-0.14958052
0.17164491
0.6399571
-0.37107366
0.14087582
0.021792948
-0.40818095
0.19845763
0.6920396
-0.54376036
1.064991
0.16128771
-0.6695564
-1.1198977
0.78849584
0.5722501
-0.73672885
-0.23034681
0.71840066
0.27094135
-0.025829667
0.36157057
0.20694423
-0.5973108
0.99263203
-1.085905
0.57201004
0.03152704
-0.16363929
0.8116151
-0.29674095
-0.2908624
-0.6389078
-0.5809139
-0.13903663
-0.7741842
-0.0753233
0.77314246
-0.0934464
-0.04070749
0.50240386
0.66281337
0.17319813
-0.6997173
-0.17508271
-0.07358472
0.08427411
1.023876
0.79218835
0.009601129
-0.42838243
0.5929777
0.3544463
-0.68485725
0.80390424
1.0608864
0.36803332
-0.30449814
-0.33618876
-0.15373619
0.08442241
-0.5828196
0.36572593
0.9696097
0.08497106
0.28981414
-0.2875083
-0.71406835
0.6809274
-0.8625002
0.5354432
0.7566814
-0.08446235
1.0601027
0.31340656
0.28951055
-0.48136684
-0.05129475
0.8946914
-0.14628103
-0.6126243
-0.503576
-0.20902808
0.035780966
0.29195535
-0.36201376
0.64862883
0.2779125
-0.6350506
0.8223261
0.3564385
-0.95082295
0.9144543
-0.42422953
-0.7283345
0.13820292
0.39042133
-0.3938481
0.39266023
-0.6732624
-0.23691621
0.37872136
0.8157148
-0.20806262
-0.32194415
-0.111222155
0.31834227
1.0931273
-0.012449685
-0.84964955
0.14129719
-0.089877
0.3409865
-0.36404443
-0.398769
-0.038597085
-0.82550454
0.06299331
-0.77304924
-0.6206416
1.0235947
0.72669077
0.54090977
0.6832984
0.77957577
-0.14912881
-0.5396434
0.22296186
-0.5237322
-0.30687574
-0.14671196
0.5263722
0.86988544
-0.048170425
-0.51364034
-0.11998316
0.1686186
-0.43025562
0.12657201
-0.15174246
-0.009758669
0.16838679
-0.58864874
0.66635394
0.25085726
-0.6184467
-0.96980774
0.038137544
-0.24448012
0.4609173
-0.28563803
-0.23048371
-0.39083114
-0.34382126
-1.0248364
0.29871088
0.4458939
0.1601386
0.35672092
0.19747028
-0.35924917
0.5112592
0.5501347
-0.10533792
0.08072359
-0.0857728
0.82959086
0.47696784
0.49022564
-0.36490804
0.9230187
0.6277797
-0.5665728
-0.47156182
0.07811446
0.25761655
0.25121522
0.05825977
0.516627
0.024331326
-0.5915021
0.72088104
-0.034943584
1.0101435
-1.2134355
0.59159654
0.49828
-0.45228714
-0.9390728
-0.9626977
-0.11817609
0.3427796
0.75108457
0.40777
0.28425536
0.114619896
-0.1912947
-1.0607479
0.029745735
1.1340289
0.5304034
-0.15377611
-0.19242786
-0.011099683
0.63803613
-0.9083967
-0.27789783
0.21137011
0.92213273
1.0240314
1.0357553
-0.82947093
0.44194826
-0.2918625
0.28310123
-0.9522887
-0.40453365
-0.30970502
-0.618263
-6.503908E-4
0.2005796
-0.62741226
1.1150811
0.92477936
0.7052632
-0.41779542
0.8556876
-0.4089412
-0.7017243
-0.4424247
-0.014219662
0.8306475
0.9316918
0.19624998
0.73085576
0.57333136
-0.6866761
0.5174188
-0.24407683
-0.14487016
-0.16662322
-0.56209624
0.67017204
0.73020196
0.42113537
0.6814886
0.084084205
-0.5434582
0.11845524
-0.9228085
-0.65713984
-0.5621706
-0.3585006
-0.20529589
-0.29319805
0.814974
-0.20578317
-0.035908137
0.01801697
-0.6269266
-0.0663249
-0.079542205
-0.22798721
0.49757108
0.22374967
-0.24298725
0.47982007
0.85283816
0.26422015
0.38590908
0.7928065
0.6694797
0.20574538
0.39086094
0.70262676
0.29487363
-0.21279722
0.014129673
-0.47652733
0.4668673
1.0145195
-0.41186857
-0.8679364
0.70454526
0.5135128
0.7163654
0.03503927
0.319652
-0.38421896
-0.31026068
0.50572485
-0.7458897
0.1926069
0.40830395
0.016080653
0.32782805
-0.30875877
0.5202838
-0.19854371
0.48126572
-0.4984463
-0.78241557
-0.103018485
0.66224074
-0.8650969
-0.29264238
-0.31400055
-0.37654635
-0.16653387
-0.3732168
-0.8103227
-0.04332605
-0.3947182
0.8584144
0.6768117
-0.6872652
-0.4010044
0.7466182
0.19693562
0.3982284
0.481904
-0.55572397
-0.8835727
-0.3293145
0.38853607
0.9546919
0.13643083
0.6745099
0.002104919
0.84670055
-0.2138906
0.3464947
-0.35434654
0.22488753
-0.012906467
-0.09256288
-0.81565404
-0.2496963
0.28137785
-0.74744374
0.67526245
-0.102168866
0.7529894
-0.21975447
-0.6389861
-0.44145113
0.97223854
0.8023191
-0.5417417
0.6578742
-0.90647775
-1.0655845
-0.7195273
-0.38419387
0.57587004
0.6718872
0.16024989
-0.36902893
0.3496064
-0.052107338
0.87054735
0.79171425
-0.09403427
0.6003078
-0.17627098
-0.22340271
0.4124812
0.15948252
0.2616434
0.100137405
-0.05199033
0.7755711
-0.5952831
-0.18571198
-0.5339014
0.39380413
-0.3233579
-0.15329328
0.09874305
0.0039834846
-0.14403394
0.88460034
0.6252505
0.3461072
0.33903486
-0.021843135
0.21278317
0.32158905
0.23533483
-0.16844513
-0.04284017
0.13234468
0.51478946
-0.45105642
0.5080766
0.80790997
-0.63371325
0.41668123
-0.628609
-0.42952862
0.2500338
-1.0172108
-0.7071285
0.81079316
0.14133199
0.25408995
-0.887671
-0.26107955
0.1292633
0.34817538
-1.0263964
0.1771756
0.12914504
0.6799574
-0.3821673
-0.701121
0.48204353
-0.30322775
0.98452455
0.48700112
-0.77001524
0.58473957
-0.5694492
-0.048139736
0.03459204
-0.6535752
-0.18252677
-0.66509736
0.1452016
0.33553913
-0.49842715
-0.3965103
-0.42222553
1.061525
0.49984503
0.26994103
-0.6324035
0.9089414
-0.08325894
-0.4502011
0.66942334
0.01899529
-0.46197188
1.0719169
0.4062241
0.19558817
-0.06892795
-0.40017104
-0.32738796
-0.030027661
-0.26307842
0.037967734
-0.7027182
-0.6600857
0.81851596
0.29232916
-0.54229385
0.28081352
-0.18564357
-0.028882869
-0.6514141
-1.119208
-0.92808914
0.6688022
-0.34810022
0.28052267
-0.23489383
0.33718264
-0.9582616
0.13913853
-0.525256
-0.3206948
-0.03278042
0.29012343
0.50692993
-0.61600536
-0.6949777
0.92167616
-0.13258448
0.6897021
0.8157411
0.83660847
-0.255053
-0.9818842
0.7508518
-0.45365584
0.9565734
0.3538731
1.2503772
0.3353331
-0.5123233
-0.3377086
0.6750833
-0.67519903
-0.8922153
-0.32024077
0.55389446
0.61245465
0.43855345
1.172167
0.24274871
0.74942887
-0.3730104
-0.46335223
0.35294685
-0.028744964
0.27152225
-0.0044990373
-0.3498405
-0.36988595
0.5707725
0.08597916
-0.25891554
-0.47848907
0.25076303
0.12226976
-1.0002782
-0.45647597
0.34671867
-0.5601598
-0.47784922
-0.19427034
-0.16763532
-0.37012967
-0.6788177
-1.097669
0.60080415
-0.66507035
0.42493063
0.3578019
0.5324783
-0.17051508
-0.82229066
0.5852902
-0.70764977
0.01639135
0.42527124
0.48684493
0.4460302
0.39793193
0.5803762
-0.26791504
-0.5399708
-0.7282384
0.3190719
0.43889624
0.32071167
-0.7241491
0.49862993
-0.32336888
0.035891328
-0.3783766
0.40709564
0.08432273
-0.008989827
-0.34580216
-0.25305972
0.65108967
0.14193587
0.3654271
-0.2828603
0.5615567
-0.14420135
-0.31286258
-0.565261
1.0632973
-0.504316
0.09091865
-0.061767835
0.37858903
0.7346861
0.07232057
0.2371848
0.5460244
0.9741651
0.45664296
-0.17191035
0.441255
0.3156003
-0.05729833
-0.078996345
-0.5325757
-0.3756416
0.25033957
0.17619377
0.49363336
0.7561281
-0.29614875
0.5562029
-0.39688027
-0.3226652
-0.25171426
-0.6523265
-0.81428355
0.22435246
-0.22709352
0.65273947
-0.92063
0.89321965
-0.24381214
0.6386699
-0.56791246
-0.866138
-0.35316414
-0.52146643
0.29000783
0.071982406
-0.33254072
-0.87738353
0.81588703
0.18602294
0.5866637
-0.29950002
1.1943612
-0.9177544
0.43394995
1.0644788
0.16435875
0.031276215
0.08116788
0.49057916
0.78247297
-0.36813483
0.15622433
0.51458645
1.3238863
-0.4595422
-0.34890074
0.9486842
-0.3026094
0.47576818
0.57381374
-0.0806874
0.21581282
-0.0571544
0.5589294
0.009851916
-0.09248655
0.04683718
-0.5843273
-0.92718303
0.36437708
0.47605178
-0.33846828
-0.849859
1.2462041
0.24498609
-0.14010985
-0.92170554
0.13416724
0.12824453
0.5789134
0.81329376
0.27920485
0.7340908
0.6870647
1.1787633
-0.78734946
0.1270548
-0.45546407
-0.59383607
-0.41759259
0.13612653
-0.47312167
-0.29512057
0.24591431
-0.39400566
0.7622277
0.10878761
-0.14177778
0.38706428
-0.5613522
0.28723
0.09701635
0.02106075
0.449566
-0.13202417
0.1307368
0.4323149
-0.85504794
-0.34141997
0.016783407
0.8863074
0.22333798
-0.25856465
0.9574312
1.1627281
-0.11897723
-0.3566227
-0.26895472
-0.29238188
-0.27669886
-0.19664887
-0.22410607
0.7564267
1.0286477
-0.14591408
0.51573795
-0.032597516
-0.12037708
-0.4026144
0.20604916
-0.46813962
-0.07201744
-0.19328316
-0.114646815
0.6493695
-0.5104023
0.21456775
1.0497674
-0.59519106
0.2214249
-0.5872277
0.49107188
0.28243673
-0.52090853
-0.48431602
-0.03361254
0.85551083
0.80220604
0.12600932
0.30709755
0.083967865
-0.31569242
0.11244067
-0.69995534
-0.33757463
0.82340014
0.14466247
0.0077128834
-0.7103136
-0.18844192
0.44802326
0.42313936
-0.053141322
0.31371316
-0.36722574
-0.20546202
0.0023507664
-0.56918234
-0.31757477
-0.7819598
0.3453109
0.19389841
0.6138063
0.30567068
0.45860332
-0.08581287
-0.58880806
-0.2124218
0.5257944
-0.21753007
0.48174387
-0.5393573
-0.6168837
-0.60875726
0.10542921
-0.56504625
0.46038887
0.019763174
-0.10822801
-0.58259463
0.104821995
-0.21407397
-0.41291067
0.954011
-0.14603648
0.8960971
-0.88001037
0.17666757
0.2661113
-0.10596831
0.13698386
0.3042859
-1.2701615
-0.23190635
-0.6863487
-0.1251909
-0.6550969
0.7809748
1.1436788
0.026310047
-1.0177759
0.13851888
0.5903989
0.20948938
0.27548248
-0.40672058
0.9811914
0.74491405
0.25664854
-0.30742282
-0.14406541
0.31046885
0.535515
-0.10830791
0.704475
-0.063829266
-1.0792022
-0.027540945
0.70481116
-0.14627297
1.1912866
0.036743972
0.5910085
0.84873784
0.8282372
0.4244132
-0.3683676
-0.51187366
-0.2895077
-0.34054834
0.9133733
-0.8726464
-0.042565294
-0.16475229
-0.049957454
0.28627256
0.5540427
0.7380393
0.72475696
-0.626765
-0.002317654
0.15337853
0.7958328
0.280469
0.33595544
0.07215424
-0.78700966
-0.027527751
-0.026119506
-0.24122123
0.5529327
0.6889178
0.6490623
-0.028992599
-0.1724209
-0.6332445
-0.58205193
0.65138686
-0.17451695
0.1358705
-0.50141156
0.5923066
0.5934659
0.43864492
-0.1946615
0.09622097
-0.5831714
0.090969525
-0.08159192
0.7308399
0.6774766
0.44351852
1.0609846
-0.6770219
-0.08081943
0.5149831
0.8780204
-0.41082245
0.19004154
-0.5278943
-0.033731908
0.08327323
0.19307728
-0.23038282
0.22079504
-0.36270782
-0.043250557
-0.5101732
-0.7137951
0.41317993
0.48977095
-0.2261325
0.23975635
1.0817717
0.8749531
-0.14151822
0.05869642
-0.6459842
0.70720166
-0.2969365
-0.541104
-0.15747334
-0.57658523
-0.4955606
0.086706035
0.18444581
0.22023828
0.6417184
-0.8261552
0.62356514
0.10441446
0.3011704
-0.1484758
0.26582536
0.22888882
-0.3502295
0.11889954
0.2187233
-0.6878951
-0.12306058
-0.6414283
0.63508856
0.7066166
0.7151821
0.2241747
-0.811782
1.0134909
-0.1316571
-0.26177627
-0.50424933
0.33292997
-0.124730095
0.29689708
0.22645265
-0.33602774
-0.8131891
-0.4755419
-0.5132441
-1.0237674
-0.20585947
0.48318368
-0.057683926
0.24532132
0.71835715
0.16100727
0.44887182
1.0528656
-0.664114
0.42056802
-0.15536846
0.47430897
-0.35164613
-0.57235897
-0.3073872
-0.4787189
0.22012606
0.4953496
-0.01032118
-0.6116725
0.5052414
-0.02624666
0.63863254
-0.08983905
0.19546
-0.49937692
-0.11599612
-0.7172187
0.68407
-0.98735654
0.6463154
0.9010317
0.19255061
-0.27985024
-0.56334144
-0.95493007
0.23217857
0.47421828
0.620193
-0.14016037
0.35355476
0.32974735
-0.8531354
0.88491523
0.64944243
0.42233223
0.35215664
0.14820278
0.29368824
0.64223343
0.81482005
0.48293304
-0.72113377
-1.0205089
0.48624292
-0.39544022
-0.3947554
-0.99782604
0.8520015
-0.25272977
0.47569707
0.23048037
0.12995565
-0.81619006
0.03490884
-0.4232956
0.82691723
-0.3165842
0.47273093
0.4557628
-0.23511761
-0.17079434
-0.5326248
-0.31377986
0.08520072
0.29980373
-0.25263795
0.4917305
0.29105675
-0.5320916
-0.3111064
-0.99565965
-0.24094722
-0.6337195
-0.17834073
0.61192876
-0.52881634
0.3798737
-0.64431596
-0.105701685
-0.23762068
-0.30233362
-0.8437815
0.66362494
0.4512858
0.60856503
0.13894111
-0.7773369
0.24694829
-0.85063833
0.38238856
-0.8166706
0.4674154
-0.31376398
-0.4871173
-0.6953763
0.8835274
0.40985686
-0.30008316
-0.5733142
0.42013377
0.8730265
0.9782674
-0.16330177
0.07699412
-0.14116296
-0.2201239
-0.29147744
-0.23794006
0.17114474
0.25340244
-0.25304407
-0.68378556
0.72165203
0.3691239
-0.6915689
0.4440719
0.43381628
-0.78663456
-0.3955159
-0.34158897
-0.8103628
-0.9620911
0.028202446
-0.7871174
-0.59015065
-0.94181913
0.5030593
-0.41616845
-0.28106302
-0.22189483
0.13267104
0.38049328
-0.9256759
-0.16230825
-0.4958861
-0.48181453
0.27010632
-0.31527624
-0.297944
0.6004113
-0.23643239
0.6337797
0.1540235
-0.11103559
0.46453756
-0.13830224
0.72314423
-0.46227604
0.05678107
0.3368367
0.7787675
-0.46930027
0.5498315
-0.4405071
0.27170599
0.26727906
0.79664576
0.07266624
-0.5334569
0.034604024
0.96211827
-1.1542703
-0.09933831
0.61932653
0.21006402
-0.38848853
-0.3275311
-0.68703336
0.44809613
0.072911434
-0.36677653
-0.87160075
0.07027518
0.41562164
0.5602609
-0.15739836
-0.5040512
-0.06580017
0.51053745
0.5367744
0.10481532
-0.2871735
0.26127744
-0.3782275
-0.13894291
0.27351773
0.8137083
-0.093036495
1.2895235
0.46130764
-0.5531369
0.28500068
-0.5804538
0.3213865
0.15337734
-0.35027155
-0.049522094
-0.014871281
-0.4242864
0.14174235
-0.8003712
0.5429294
-0.5041285
0.29523084
-0.84074664
-0.098562635
-0.049409382
0.6681447
0.800472
-0.16327876
0.56355315
-1.0917323
-0.6084078
0.4885532
-0.36240965
-0.43640634
0.43503508
0.6360724
-0.058254555
-1.1039089
0.2952795
-0.69874626
-0.08985595
0.9553624
-0.9881657
0.09758535
0.36563906
0.6011147
-0.7040498
0.031375486
-0.5327268
0.6950672
0.058033906
-0.45876414
-0.22856782
-0.6167271
-0.8067947
0.5430674
0.7557575
0.9346219
0.15072843
-0.9071984
-0.7555035
-0.5006199
-0.37448478
-0.84023017
0.19900088
-0.02856822
-0.7746001
0.0395132
0.7328118
-0.4249678
-0.2690719
0.06612827
-0.46408847
0.12394095
0.27331495
-0.1472339
0.48156956
0.75169677
0.28427082
-0.4394323
-0.37403992
-0.21362673
0.048882604
-0.028810443
0.44736904
0.7824465
0.5101304
-0.6080496
-0.28431842
-0.3675153
-0.13410819
0.7617844
0.03332235
0.47215798
0.36088997
-0.39138526
-0.43632066
0.32724702
-0.51455444
-0.4724181
-0.24355277
-0.5900392
0.04032877
-0.27677196
-0.2858943
0.396526
-0.169326
0.52062875
-0.33036357
0.99625516
-0.63016224
-0.25436237
-0.45266488
-0.3280782
0.42947066
0.72249585
0.20746884
0.6137147
-0.14639618
-0.54064494
0.8692549
0.0765485
0.24462666
0.4396916
0.2819217
0.49211302
0.21539117
-0.38916275
0.08928077
-0.72979635
-0.6948805
0.12447421
-0.112308815
0.667177
-0.37094066
-0.16013806
0.91092575
0.7271698
0.7481989
-0.68440413
-0.44742268
-0.6211966
-0.6900181
0.6020215
-0.11317968
-0.06928467
-0.68995094
-0.8042435
0.0960829
0.588554
1.1342598
-0.08131819
0.98367
-0.7039492
-0.5301999
0.5290314
0.14501123
0.027051818
-0.09879763
-0.61101454
-0.3899663
-0.5642692
-0.8028657
-0.21854332
0.7643203
-0.069438584
-0.3122894
0.19369589
0.1839782
0.23336941
-0.33912355
-0.4952282
-0.17012285
-0.26693547
0.15769196
0.07821824
-0.65213025
0.0011512032
0.11875948
0.1952332
0.6415626
0.36894333
0.16211855
0.57856417
-0.3948029
-0.29609227
-0.2662619
0.3766922
0.32689914
0.71099895
0.30784258
0.23197252
0.6028226
-0.14327641
-0.45477277
0.67038983
0.6118962
0.54207003
-0.44731128
-0.6292973
0.8077654
0.3994771
0.4680234
-0.5623073
0.29359856
0.33205545
0.34568948
0.5945521
-0.0027473492
0.45451736
0.8521882
0.38892412
-0.11527813
0.32809228
0.0961312
-0.025935095
-0.74001473
0.31658772
0.89151263
0.24338567
-0.2346622
0.62973243
0.15528536
-0.6288583
1.0815269
-0.63744867
0.08958207
-1.1399026
0.27685285
-0.46198803
-0.31645283
0.48501155
-0.0065614646
-0.45861763
0.1338555
-0.7327218
0.3255679
-0.928859
0.3905827
-0.30910486
-0.4568235
-0.5851541
0.12368225
0.48101914
-0.18019827
-0.31818858
-0.20737827
0.60285157
0.8279739
-0.33906502
0.11965159
-0.0880266
-0.08893924
0.24754941
0.15549695
-0.27226594
0.45295888
-0.6617368
0.16336526
-0.23694874
1.2666535
0.32232583
-0.50004697
0.35242122
-0.22999208
0.2543077
0.65634644
-0.69760364
0.41476488
-0.6375713
-0.25850374
-0.7302934
-0.7897604
-0.8664283
-0.0967954
0.7415254
-0.09463597
0.47172275
0.44943893
-0.49951267
-0.69455916
-0.13365254
-0.31376937
-0.07499129
0.63353896
-0.19997297
-0.04394331
-0.33973268
-0.8240249
0.3282945
-0.25202495
0.8740721
-0.45415673
0.20115732
0.06614911
0.8263522
0.8258345
0.17054187
-0.4942638
-0.35991204
0.65372807
-0.178017
-0.68483126
0.45222124
-0.34351227
0.8124162
-0.50992066
-0.2018807
-0.36155853
0.09720925
-0.6632201
-0.5506534
-0.5004531
-0.16253722
-0.24698362
-0.56706834
-0.30236837
0.36829484
0.97518593
-0.07667197
0.08328656
-0.43742055
-0.65732676
-0.43803826
0.53177017
0.3905906
0.40822855
0.52516854
0.19552958
0.93634653
-0.7432662
-0.41512424
0.1287903
0.65355766
0.9729801
-0.19205496
-0.44313988
0.6399478
-0.26217058
-0.017229054
0.28678697
0.45215327
0.39436167
-0.28703648
-0.93195736
-0.18096733
-0.06424695
0.31674904
0.259592
0.96852994
0.82661253
-0.9634815
0.63785535
0.1466782
0.19728467
0.7131992
-0.23831992
0.11685392
0.17717172
0.13439414
0.03001475
-0.8587438
-0.606037
0.24686082
-0.77042425
-0.6145352
-0.78421587
-1.1807345
0.05610072
-0.46321312
-0.27896798
0.4556921
-0.5508951
-0.202537
-0.78169024
-0.19628346
0.16135535
-0.0025183929
0.4295317
0.045440283
-0.17068262
-1.062004
0.21195872
0.44325462
-0.056546777
0.0395089
-0.030710313
-0.7794272
0.7161799
0.3147181
1.0614916
0.8198593
-0.03811883
0.17987439
0.21603231
0.63180417
0.17024575
-0.44327328
-0.064276285
-1.0968153
0.2541839
0.10944458
-0.2772801
-0.5938921
0.022247119
0.44755265
0.03085935
-0.79701245
-0.7644296
0.092451766
-0.33221713
0.72779554
0.707715
-0.16725206
0.34908372
0.45789975
-0.571392
-0.621442
0.59558433
-0.23874472
0.5490193
-0.48088184
0.79408777
-0.20676896
0.29349875
-0.5845707
-0.30197594
-0.7200772
0.2985959
0.37679213
0.30310348
-0.5445094
-0.007910657
-0.4489826
0.88363844
-0.10789849
-1.2825415
0.6472036
-0.6088966
0.21642463
-0.38902617
-0.40243542
0.012816591
0.028297683
-0.6220196
-0.08854436
-0.49619782
-0.4689191
-0.45023593
-0.20881166
-0.07078914
0.3234748
-0.37879416
0.15800838
0.7330583
-0.46596316
0.36122885
0.1526417
-0.80972654
-1.2600126
-0.77245474
0.04338305
0.20311198
-0.46057948
0.25102738
0.56002116
-0.41835096
-1.0803998
0.1297765
0.6635539
0.28536302
0.3602004
0.3384886
-0.056356966
0.9761692
0.10097516
0.3311271
0.3130549
-0.16757037
-0.16700289
0.79507405
-0.040084817
0.09418706
-0.96741235
0.42821997
0.14700508
0.52011347
-0.41696155
0.4687887
0.19949365
-0.16762443
0.107170045
-0.6929429
0.12965114
0.4226533
-0.23979494
0.029873459
-0.59870434
0.7838438
0.31988207
0.6491381
-0.050998203
0.32771406
0.3602381
-0.41478264
-0.1360594
-0.4096736
0.43562874
0.21595284
0.15468346
1.2215497
-0.49047157
-0.16735666
-0.09115462
-0.041025687
1.0730128
-0.33106524
0.6106088
-0.7071697
-0.1526746
-0.6421292
0.44861913
0.35039487
0.9355304
0.7554842
-0.18156579
0.4902024
-0.7136658
-0.1389477
-0.064660124
-0.082879595
0.47789824
-0.8913308
0.42692295
0.69247735
0.15753947
-0.49361056
0.1013057
0.11997835
-0.5417794
-0.5294592
0.4484011
-0.46318096
-0.36391103
0.31555358
0.53157014
-0.8054145
-0.3556274
-0.62565655
0.7762935
0.21820989
0.48295712
0.11391515
0.58299226
-0.2151619
0.64947075
0.7973938
0.44197378
0.7997275
0.7713119
0.0011892539
-0.6442362
0.21880159
0.57284296
0.5965178
0.65661144
0.02189506
0.09572207
-0.58073485
-0.89222217
0.42465395
-0.3571946
0.3323033
-0.5541872
-0.54707426
-0.09388003
0.037764065
-0.30750185
0.2786627
0.6155073
-0.3811477
0.08972827
0.17738089
-0.2473102
0.50814867
-0.19388239
0.2801289
-0.22810021
-0.25301737
0.9373186
0.91258836
0.3055985
-0.13330255
0.38072094
-0.14194542
0.16117586
0.8579708
-0.039511755
-0.49232167
0.10045798
0.40169716
-0.4079879
0.10639793
0.9351286
0.12492901
-0.23461865
0.51326674
-0.7583748
0.7442281
-0.7233429
-0.11298598
-0.5129082
0.28904086
0.41401315
-0.38560262
0.088000976
-0.23129441
0.06943359
9.587623E-5
0.8527333
0.7071443
-0.35235435
0.005754674
0.21852396
0.20972554
0.14745009
-0.64414036
0.04242987
0.7305395
-0.866594
-0.41349742
0.020200409
0.76187766
0.6093211
-0.18122585
0.23132871
-0.47625428
-0.99504304
0.71836734
0.3626351
-0.14672765
0.73859483
-1.4921921
-0.60365474
0.10298978
-0.22846639
-0.18725654
-0.7618366
-0.4653842
0.7660173
-0.0013944979
0.35360348
0.06188441
-0.07475348
0.21486832
0.6285454
-0.1468269
-0.5809759
0.17370944
0.40374374
0.36385235
0.44004053
0.036389783
0.13613094
-1.0460687
0.4006944
-0.37668434
-0.036798626
0.14876188
-0.86667037
-0.11432047
0.4536299
0.5008352
0.1514405
-0.880591
-1.0129747
0.3817241
-0.1389278
-1.171939
0.73646194
0.15132493
-0.5375109
0.25683334
0.45208073
-0.051522452
0.73757964
-0.30776295
-0.47270525
-0.10378864
-0.0077461405
-0.30737337
0.4067069
-0.25086042
0.113831356
0.79642934
-0.3037634
0.5920511
0.43342063
0.2802653
-0.2753371
0.29092184
0.56620973
-0.32160988
0.34860307
-0.025979208
1.0099242
-0.43898252
-0.037860576
0.7230884
-0.09278151
0.10999264
-1.0611045
-0.4151934
-0.41561535
-0.69802076
-0.16110608
-0.33271807
0.21511427
0.07820213
0.69581187
-0.6704561
-0.008893131
0.33477047
-0.30915222
0.45119414
-0.42092314
1.2309486
0.05859845
-0.19106355
1.0495044
-0.27723652
-0.58872366
-0.44510147
0.8130116
-0.24321549
0.60978895
-0.66442496
0.4361734
-0.5902364
0.22626422
0.54293615
0.5581707
0.12977463
-0.18671715
-0.8768784
0.25734282
-0.21986276
0.4492485
-0.60455143
-0.97395456
-0.3331857
0.62977904
0.6261157
-0.48697013
0.6599033
0.27475113
0.2473417
0.6955074
-0.25933635
-0.19484992
0.43401006
0.94232106
-0.09487408
-0.015992785
-0.1359676
-0.9613393
-0.34124976
0.0148801105
-0.6748903
0.08483646
-0.41251388
-0.3336324
0.7242649
-0.31104523
-0.64586216
-0.373605
0.784177
0.40291
-0.4327571
-0.09403475
0.4169093
0.28815302
-0.3500857
0.5136734
-0.5192376
-0.44665548
-0.9242063
-0.109880984
-0.71185875
0.3146948
1.0392947
-0.44414037
0.21977049
0.012319941
0.55074465
0.7725905
0.779883
-0.7595481
0.78606355
0.15523872
0.32450315
-0.06031851
0.8552424
-0.07018384
-0.36612287
-0.31217644
0.47738883
-0.7465837
-0.4643912
-0.18473782
0.82001424
-0.21991552
-0.42168546
-0.31510052
1.1807108
-0.10961161
-1.2259842
-0.5986664
0.47296056
-0.18010914
0.7606358
-0.6738508
-0.25175688
-0.20532787
-0.0258962
0.1290774
-0.02094966
-0.07318939
-0.40829638
0.438136
-0.38965094
-0.323068
-0.062329188
0.31765813
0.1729246
0.054318774
0.38948256
0.30998173
-0.89213526
0.029738199
0.24547035
0.15803105
-0.6227394
0.79595196
0.02166365
0.36689803
0.07025882
0.13878998
-0.23609175
0.16864525
0.94219005
0.39437193
-0.3370421
-0.34653774
0.23486724
0.6269302
0.19872662
-0.31459492
-0.31177968
0.4918256
0.6409464
0.17765105
0.6931881
0.49946433
0.2865454
-0.43149617
-0.2554077
0.06689526
0.9855244
0.884389
-0.39402467
0.006386751
-0.12790617
0.18519756
-0.5864136
-0.49622172
0.48629493
-0.31711125
0.83729684
1.0570822
0.3522062
-0.25891954
-0.5385846
-0.11631638
-0.12653542
0.20800927
0.27337125
0.3396271
-0.6284877
-0.28284535
-0.18958586
0.09751806
-0.2185819
0.44868186
-0.8583013
0.2737473
-0.8532433
0.850004
0.29263562
0.32911375
0.2279994
0.15599984
-0.7552758
0.62377316
-0.6095629
0.6161645
0.67924964
-0.7042008
-0.60076314
-0.46177292
-0.23682946
-0.5261239
0.7588578
-0.63735706
0.49733695
-0.46158877
0.37099954
-1.1459446
-0.010179303
-1.1580061
-0.084980614
-0.56312996
-0.6823113
0.39733222
-0.40843427
-0.33908656
0.82668483
-0.20838648
-0.26425242
-0.39332265
0.64859664
-0.8430361
0.29546514
0.8331523
-0.6236309
0.75717026
-0.1237806
-0.03755931
0.62563014
-0.0669155
-0.6114056
0.37467688
-0.5092732
0.63528866
-0.17429262
-0.037662525
-0.33741558
-0.2604947
-0.014031981
0.51780885
-0.3536459
0.11504609
-0.23101564
0.22348484
-0.16439131
0.6077262
0.4013818
0.39736614
0.699713
-0.55693084
-0.4373107
-0.49039096
-1.3290542
-0.05518686
-0.3527167
0.6409492
0.23368266
0.16059333
-0.7677561
-0.4955917
-0.7443384
-0.73357934
-0.35002768
0.307324
-0.63705075
-0.3494614
-0.5482445
0.6599368
-0.47527644
0.88689214
0.6383482
-0.91576123
-1.0853033
0.2561198
0.38482597
-0.260237
-0.09205394
0.18476021
0.44251359
-0.6566145
-0.35611078
0.4202691
0.36693928
0.6405467
0.024764713
-0.07233459
0.7987741
-0.3807527
-0.52388096
-0.16593015
-0.035383355
-0.96103776
0.25601247
1.2264198
0.73132557
0.43449178
-0.47148815
0.121446624
-0.20657076
-0.030473312
0.4748343
0.37733057
-0.07880219
-0.4682971
-0.56701773
-0.99687934
0.08592352
-0.19766201
-0.26849613
-0.016097212
-0.28179836
-0.9216672
-0.5134815
-0.10474481
0.47551984
-0.044698354
-1.2517806
0.5464638
0.15559183
0.2781903
1.00038
0.3921808
-0.9487793
-0.74270636
-0.59593695
-1.0001107
-0.35834622
1.0055032
0.2087005
0.20976332
-0.0036074172
0.616583
-0.39637873
-0.5104662
0.029027084
0.51748866
0.20159979
0.30047768
-1.1029047
-0.4610456
-0.0869424
0.22363533
-0.15139751
0.7186994
-0.4476157
0.03968842
0.90739816
0.6661218
0.40528628
-0.9040932
0.14642954
-0.94851553
-0.4108617
0.4414536
-0.14928758
0.25239322
0.86455524
-0.42565113
-0.6800347
-0.41228586
-0.37797967
0.5102857
-0.63020694
-0.63029265
-0.26241472
-0.6178872
0.24256213
0.37713104
0.43454376
0.56064457
0.4054577
-0.7033363
0.33007413
0.4792346
-0.3483402
-1.0138288
0.9933144
-1.0908036
0.5918886
-0.32116908
0.45087025
0.13481261
-0.10795029
-0.45165572
0.21248771
-0.7305513
0.38379925
-0.09403041
-0.9333819
0.7224519
-0.14196776
-0.8714039
0.24745725
0.57032585
0.6143318
0.46669415
-0.007068654
1.1573913
-1.0387683
-0.20873407
0.6413107
0.36362416
0.3515168
-0.12181832
-0.13503581
0.6744767
0.22691055
-0.419704
-0.44438133
0.32970807
0.120457575
-0.5816886
-0.84980047
0.73356855
-0.25926408
-0.10010249
0.8029816
0.5251928
0.28943676
0.8789184
-0.73270977
-0.5167214
0.5942953
0.5278429
0.36451474
0.3302421
-1.0126714
0.19726044
-0.8282071
-0.045451555
-0.053727414
0.07011592
-0.25519687
0.6725412
0.25106558
-0.56802744
-0.33437717
-0.65644765
0.70067674
0.342038
0.6383229
-0.516037
1.1033841
-0.5579556
0.9081615
0.49978724
0.8759086
0.9215693
-0.12179644
1.0455676
0.4233694
-0.027656242
0.7156245
0.6981615
0.6628257
-0.41354105
0.14472932
-0.67392987
0.09093266
-0.9591121
0.57914454
0.14027844
-0.055417698
-0.09971311
0.34955364
-0.2507623
0.674223
-0.15717798
0.20897242
-0.36662787
-0.4777488
0.30703467
1.2388998
-0.10157075
-0.0915619
0.5857477
0.70231766
0.25031728
0.6049176
-0.9748446
0.6534282
0.055239312
0.02089614
-0.320645
0.05395773
-0.10134485
0.22151992
-0.12168704
0.20989117
-0.83966714
-0.63541245
-0.668451
0.7568215
0.16930176
0.3284609
-0.19634715
0.32959825
-0.1626445
0.25208983
0.41214204
-0.39213258
-0.405788
-0.7753164
-0.26831648
0.6059338
-0.10056016
0.06294161
-0.08218662
-0.4308967
-0.49945047
0.44369236
-0.24416795
0.508415
0.9064785
-0.4309406
0.1058084
0.39058834
0.3947733
0.40962684
0.6032144
0.48599294
-0.69983304
0.34800082
0.15438707
-0.019993244
-0.18061675
0.09372816
-0.6951204
-0.30382368
0.8293847
0.61576915
0.6277508
0.63362443
-0.13836738
-0.71240485
-0.38757446
-0.6304902
-0.094578125
-0.157411
0.19613002
-0.007906785
1.0006493
-0.15875255
-0.2718746
-0.40509146
-0.3405232
-0.45480886
0.2122182
-0.6096753
-0.30365115
-0.51320016
0.43423238
0.6273887
-0.5092319
-0.26564348
-0.20370351
0.13687406
0.28508657
1.01638
-0.4809144
0.82642645
-0.6972622
0.07806317
-0.26488113
0.62121505
0.08712463
-1.2284001
0.7269575
0.6663578
0.48454484
-0.60494304
0.4390132
-0.36197418
0.5584591
0.53203684
0.42449272
-0.3615002
0.5084623
-0.54729855
0.7011789
-0.39548218
0.2577115
0.383121
0.40760678
-0.07281412
0.14345163
0.09261197
0.11368752
0.006788278
-0.61254644
0.36359638
-0.6455204
0.49676168
0.12970644
-0.6096836
-0.66819656
-0.20314297
-0.17618811
-0.11461258
-0.093199484
-0.64207786
-0.18414328
-0.22845736
1.0121584
0.0808576
0.31059736
-0.98724854
-0.019260079
0.33730093
0.06442735
0.00915364
-1.1350945
-0.96793354
-0.9946991
-1.2725552
-0.054600965
0.5262149
0.4049146
-0.12581412
0.53359306
-0.7683947
0.92135924
0.37743703
0.16597068
0.42151895
0.12549369
0.075413875
-0.78020066
0.05521651
-0.20512795
0.034975626
0.85984176
-0.6444519
0.78174907
0.015114778
0.56072944
-0.21808046
-0.2779042
0.44717026
0.04736289
0.15038608
0.6274639
0.07990408
0.3613784
-0.0202921
-0.6495084
0.88283
-0.09240651
0.061589334
0.30799556
0.13705136
-0.2814483
-0.6110864
-0.8892839
0.66914517
0.25994867
0.40585113
0.21453707
0.34048784
0.23336084
-0.2934495
0.84112495
0.22896564
-0.44813287
-0.1612567
0.22913684
-0.32600266
0.61972564
-0.15039097
-0.19601837
-0.052209813
-0.9543367
-0.72325367
0.48496944
-0.3501994
-0.22256926
0.49866655
0.56472605
0.2899442
-0.023568178
-0.19941445
0.45352182
-0.9136059
0.63905305
0.5444591
-0.44870406
-0.60380644
0.21139753
-0.72322845
0.096987024
-0.4557752
-0.048990075
0.23590478
0.40925416
0.7585412
0.34754547
0.16546431
0.6833358
-0.33544147
-0.19711536
-0.20097561
-0.44529325
-0.5627135
-0.056976154
-0.2758805
-0.2834024
0.07726077
0.34089413
-0.51048553
-0.17010966
-0.4277968
-0.14826825
-0.7055195
0.6268249
-0.09106085
-1.3760273
-0.17007537
0.22185978
0.42994404
-0.15484178
0.5177079
0.0869847
-0.25583294
-1.1101621
0.6316469
-0.2628541
-0.9749852
-0.22970839
0.33923173
0.029131318
0.13465011
0.25645977
0.4602856
-0.21298112
0.13704784
-0.02832701
-0.6672603
0.31155193
-0.6743301
0.24734741
-1.1467162
0.41810825
-0.50267565
0.48734617
-0.664682
0.7008358
0.24484202
0.8413828
0.9677517
-0.707912
-0.7956417
1.0006567
0.29412806
-0.16175395
-0.29774135
-0.09803483
-0.34337318
-0.40699345
0.6205577
-1.0368444
-0.5592613
0.254425
-0.20564678
0.47107297
-0.5035018
1.1046185
0.16854346
0.791897
0.70606405
-0.07775994
-1.030283
-0.5701326
0.51117224
0.1913787
0.3487597
0.13907807
0.7389133
-0.09835578
0.65684086
0.31344166
-0.8465737
-0.07494853
0.55533665
0.60846215
0.6288073
-0.813739
0.013002365
-0.6114088
0.27456325
-0.27636123
-0.24468522
-0.24865131
0.699488
0.40237308
-0.10654683
-0.55552876
1.0675741
0.13851804
0.46868426
-0.5573028
-0.5155994
1.0140917
0.59427273
0.83521855
-0.6630224
0.09356134
-0.6810008
0.76109874
0.9013851
0.047601476
-0.6289973
-0.5581204
-0.59462893
-0.088403575
-0.4823347
-0.32336736
0.48823398
0.6247657
-0.8171133
-0.02861603
-0.69113505
0.88668305
-0.71640986
0.072799735
-0.16996971
0.7722926
-0.22845052
0.45435467
-0.93815917
-0.19899698
0.98909783
0.8170449
-0.93856776
0.27590564
-1.0638322
-1.1026745
-0.1304525
-0.44297317
-0.513972
0.10138065
0.15666923
-0.7629439
0.013938935
0.29955682
0.09225995
-7.5885706E-5
-0.070047
-0.093057245
-0.579009
-0.7972336
-0.4366111
0.40921846
-0.33505562
0.21758947
0.111676656
-0.38738394
-0.43355674
0.45527893
-0.19683383
0.49566513
-0.10503885
0.8363425
0.76835984
0.29522535
0.120621145
1.251471
-0.21300535
0.010345362
-0.7264042
-0.20151538
0.27621707
0.23220396
-0.18643813
-0.2827984
0.565945
-0.051869728
-0.253715
-0.43214667
-0.5418404
-0.048029874
0.20328091
-0.6053257
-0.52672195
-0.23893934
0.8492099
0.3181866
0.41641244
0.3790419
0.315129
0.0054854793
0.67603844
0.34438103
0.42321867
0.05123533
-0.24400085
0.8962229
0.9056392
0.58726966
-1.2036881
-0.004297895
0.1716861
0.6989593
-0.30809295
1.4285648
0.60811466
-0.46560824
-0.51552933
0.5391129
-0.05585184
-0.62297326
-0.12207815
0.2590461
-0.1968665
-0.6238398
1.186699
0.22455975
0.75423557
0.47505856
-0.24088535
0.98563373
-0.44565168
0.55009824
0.7110496
0.2821944
0.026217507
0.38785136
-0.41246843
-0.38034502
0.24609742
0.07759655
0.24520487
-0.26129508
-0.34613514
-0.8581459
-0.39826325
0.26204175
-0.5439837
-0.3996011
0.047688473
0.85879153
-0.37848598
-0.51077396
-0.3219101
-0.8869996
-0.33674604
0.5533682
0.649983
-0.14298867
-0.7580848
-0.7918078
0.11823354
-0.12952504
0.8227202
-0.5451806
0.36357868
-0.53640074
0.1688802
-0.6853192
0.22131647
0.98577845
-0.37054923
-0.5444697
0.2989088
-0.5149871
0.18295813
-0.018484576
-0.9845827
0.62345827
0.22876254
-0.31188115
-0.732223
0.5505479
0.54961866
-0.47797087
0.12711766
0.7961641
-0.4088818
-0.35167894
0.023454348
-0.51464385
-0.92070615
-0.107993856
-0.46444052
0.092197776
0.9706107
-0.5080814
0.9024344
-0.57722425
-0.7485708
-0.24062046
0.06562503
-0.70567334
-0.3127954
0.478174
-0.28697333
-0.39810708
0.36514768
-0.6950511
0.5878083
-0.8425037
0.1344729
0.40818208
0.43343535
0.13903753
0.77503234
0.45819363
0.40707302
0.7106764
-0.6541
-0.12168526
-0.08240062
0.67555004
0.7071409
0.53575337
-0.3516515
-0.4063814
-0.6164031
-0.56952596
0.85135716
-0.3364585
-0.43779474
0.6329804
-0.49733573
-0.16263989
0.08707982
-0.3834613
-0.4833752
0.29704228
0.1502636
-0.48023906
-0.35522696
0.18732585
-0.6176065
0.26495188
-0.85779786
-0.8952678
-0.36585674
0.305913
0.27394745
0.079832114
-0.6906483
0.35577485
-0.24114716
0.5208016
0.16251424
-0.18875383
-0.32540426
-0.5673671
0.94142264
-0.0018712777
-0.24767742
-0.55404705
-0.48519877
-0.26552022
-0.5752884
0.13685454
-0.15280655
0.43171737
-0.033529475
0.7065223
0.7504489
0.26316118
-0.4306709
-1.0589739
-0.3345276
-0.12682134
-0.5629652
0.37553015
0.31320402
-0.59229475
-0.22140805
0.74054587
0.8205296
-1.0377668
0.33913526
-1.3631812
-1.0714821
-0.060958575
0.21999586
-0.55015063
0.13845988
-2.409263E-4
-0.7282516
0.19657151
-0.7516393
-0.41392037
-0.113653585
0.08800023
0.1328315
0.108656645
-0.8764457
-0.5728844
-0.9775556
-0.4144523
0.33191517
-0.13590929
1.1083602
-0.34687456
0.20601243
-0.9587095
-1.0418352
0.12091031
0.43541956
-0.65867853
0.6424608
0.23475894
-0.18452507
-0.004156449
0.36207408
0.37817436
0.99121
0.2538948
-0.60794723
-0.2714955
-0.2777018
-0.23229922
-0.51392674
-0.014404458
-0.39670578
-0.6130566
0.26658455
0.29979688
0.44765863
-0.053677324
0.43515193
-0.17645925
0.5496904
0.7094484
0.63751817
0.30576548
0.5626974
0.6276324
0.26979005
-0.3421058
-0.56132287
1.0386306
0.20814684
-0.23965888
-0.25340602
0.4006466
0.71338904
-0.24516042
0.24184668
-0.17431276
0.55632734
-0.58626705
-0.5706199
0.62953186
-0.5273233
1.0579163
-0.29985738
0.1725587
-0.33288568
-0.31202078
-0.44104597
0.5859405
-0.91556096
-0.05899358
0.8848943
-0.5769087
0.3602817
0.75040853
0.48978072
-0.34605336
-0.8774774
-0.85459155
0.057345353
0.5382177
0.76352835
-0.5208245
-0.4582347
-0.5679636
0.32355058
0.11094808
-0.17197439
-0.41280395
0.04759025
-0.3107592
0.70087093
-0.848577
-0.050842993
-0.15004987
0.44288093
0.10243089
0.8344687
0.6013967
0.21559823
-0.4260431
1.0644882
-0.4096811
0.17332141
0.50785
-0.5579354
-0.09253383
-1.0701004
-0.05142116
0.54998714
0.22478709
-0.07402792
0.61040205
-0.7510325
0.69190717
0.22894455
0.17674619
-0.11791295
-0.090920076
0.74188536
-0.4019357
0.1333049
-0.31327352
-0.48785168
0.26040193
0.42573923
0.16639309
-0.058535796
-0.8314997
-0.4279206
0.22581121
-0.056081917
-0.8341401
0.7063334
0.16624677
0.58469546
0.02431204
0.21996547
-0.56666815
0.8131769
0.44397822
0.4010853
-0.23035127
-0.29736745
0.42293784
1.1368113
-1.210306
0.08592545
-0.48480052
0.26139492
-0.54682785
-0.68016565
0.9390403
0.11000332
-0.19426702
0.4296151
-0.1175221
-0.8239408
-0.8655828
-0.7020603
-0.32475308
-0.27935487
0.5011036
0.20588316
-0.29810613
-0.40590295
1.138054
1.2391931
-0.36424267
-0.14479731
-0.6986013
-1.4751153
-0.27911824
-0.6003003
0.7020129
0.39828688
-0.84462714
0.011958953
-0.16792777
0.6141275
-0.2003852
-0.5137988
0.0986123
0.38403583
0.96842724
0.36096287
-0.26100463
0.9327621
-0.8953597
-0.3361419
0.07903705
0.31060767
-0.008564649
0.2665923
0.42310098
0.2733262
0.48058107
-0.44465634
0.7552592
-0.38959426
-0.28283995
0.2904821
0.5497341
0.9386348
1.1281422
0.6411533
0.5452968
0.67235696
-0.49717906
0.7900848
0.8581962
-0.98327386
0.4487262
0.40630585
-0.20944303
-0.12263012
-0.2632276
0.047825247
0.08935338
0.37549144
0.74483263
-0.10247271
-0.31786737
0.3479284
0.20100248
-0.15679368
0.700994
-0.85381055
-0.4711475
-0.1137796
0.62514246
0.43106493
0.14711514
-0.71848315
-0.7223012
-0.03774863
-0.51213115
0.3591616
-0.38456246
1.0468686
0.99922657
-0.32761446
-0.65244305
0.6139961
0.30075768
0.15874167
-0.073276475
0.4748298
-0.22999999
-0.30353197
0.65439785
0.0064776223
-0.22344151
-8.89476E-4
-0.09347126
0.19090912
0.09824473
0.031397298
0.18628813
-0.10846779
-0.051526237
-0.8777414
0.79337037
-0.34706178
-0.50066656
-0.44217846
-0.40253687
0.5337586
0.7990239
-0.38955498
-0.18036143
0.2865066
-0.99711466
0.65712994
-0.13452661
0.50640666
-0.105072
0.869388
0.018610282
-0.07502276
0.7376915
-0.24079458
0.7754193
0.29102638
0.55954
-0.6377963
-0.1583767
-0.74805015
0.30512652
0.968266
0.30670834
0.27702424
-0.5053079
-0.6026843
0.32028526
0.09960064
0.23968169
-0.2935202
-0.65870935
0.06486059
1.1536126
0.7912767
-0.5220729
-0.13997892
-0.20308979
0.62941074
0.27518305
-0.7983388
-0.15475957
0.80716693
-0.8037148
-0.67825556
0.08121212
0.61244434
-0.25140747
-0.61380285
0.29260615
0.59354776
0.863574
0.4996025
0.033869002
0.38042924
0.9617359
-0.217491
-0.44073626
-1.0803536
-0.9292745
-0.25336155
-0.103903174
-0.036669202
0.45096794
-0.09505513
0.52939916
-0.49296555
-0.31696093
0.36378855
0.30400452
0.3327958
-0.7363351
0.37844816
1.0829697
0.14973141
0.73944026
-0.64155096
0.47877905
0.6976028
0.9001991
0.5604451
0.23176873
-0.63562924
-0.25883496
0.4211108
0.3729889
-0.02182783
0.2867255
1.0654472
0.075609736
0.762195
0.57685316
-0.63824695
-0.3118747
-0.5131241
-0.6369754
0.6256287
0.058389746
0.6961414
-0.51659167
-0.34061274
0.5636658
-0.018176395
0.69682735
-0.69565445
-0.64184624
-0.096533686
0.5779518
0.06185541
-0.60969704
-0.6082014
-0.23289411
-0.30726993
0.2718641
0.4866969
-0.5959857
0.7744048
-0.064698726
0.12025356
0.45138338
-0.14980297
-0.51315475
-0.3334615
-0.15286775
0.46812212
0.4856639
0.1103098
-0.47404325
0.8228541
0.38588306
0.6951127
-0.123696096
-0.62787837
-0.15673186
0.4696474
-0.031315655
0.46045434
-1.3128406
-0.037628207
0.6414392
-0.12628876
-0.32736978
0.21826689
-0.76056606
1.1860106
-0.62588304
0.23264249
0.05957951
-0.382311
0.9066089
0.08358775
-0.101542905
0.011957076
0.74364924
-0.08489261
-0.7971427
0.13758163
-0.9566439
0.19919667
-0.41808215
0.18036155
-0.5940325
-0.28264737
0.009177272
-0.059983034
-0.40439996
-0.010654673
-0.2984302
0.5639248
0.041849755
0.5768865
-0.5434914
0.7531332
-0.4640564
-0.24333104
0.33147243
0.7312868
-0.5182488
-0.19901529
0.3280095
0.44459182
0.7323926
-0.06676936
0.55689996
-0.55109227
0.60619897
0.82684493
0.28976527
0.99308544
-0.809048
-1.2974601
0.3658417
0.2183354
0.1742896
0.12756817
-0.9434191
-0.28464034
0.6638011
-0.30008647
-0.024942793
0.03818199
0.39916545
-0.3923568
-0.08725508
0.8054015
-0.07756749
-0.9720562
0.28107476
-0.8746108
-0.82418406
0.15449883
-0.5805089
0.58022404
-0.3901081
-0.15178704
0.435444
0.9494422
-0.48106536
-0.09691949
0.17098264
0.059855912
-0.09038674
0.786834
-0.105866775
0.37103122
0.20287432
0.11202326
0.7160067
-0.85975254
-0.9571418
0.12630346
0.690524
0.4229501
0.3492095
0.51933676
-0.33502424
-0.5109532
-0.45658103
0.021886162
0.6380761
1.0196401
0.0062975558
0.26136473
-0.98635304
-0.4443519
0.38008058
-0.38193935
0.30253634
-0.18833356
-0.17929843
-0.08741662
-0.43615907
-0.352934
-0.4456312
-0.5106724
-0.5308058
-0.03004263
0.6085388
-0.11212496
-0.021708148
-1.1260446
-0.507346
-0.46320778
0.72799814
0.019818759
0.23683015
-0.17496581
0.36962286
1.0569887
-0.11500822
-0.51859075
-0.15283783
-0.050328698
0.120282106
-0.7984172
0.49238613
-0.031744283
0.012320632
-0.19839558
0.5824354
-0.4995037
-0.061740376
0.8922475
0.76381403
0.5838147
-0.14367174
0.0998392
-0.19246456
-0.3209794
-0.105376
0.04251308
-0.62850887
0.62316483
0.33325636
-0.38533443
0.02339342
-0.30560544
0.06932709
-0.35207078
0.7822521
0.13633496
-0.4688986
-0.4346496
-0.44111007
1.5660002
0.6097399
0.32767257
-0.61349094
0.013740414
-1.1767498
0.43985245
-0.13043404
0.10717116
-0.24823189
-0.10366252
-0.3820304
0.9688197
0.019663278
0.10278677
0.43548945
-0.9317801
0.6728545
-0.6411034
0.2172718
-0.6413435
-0.44769558
-0.3164285
-0.1851848
0.58214986
-0.65100694
-0.7070824
-0.26310602
-0.19564678
-0.24719852
-0.4142746
-0.17576814
-0.7053462
-0.13192913
-0.5879067
0.9557706
-0.3871616
-0.25551152
-0.86494017
0.5243075
0.18980618
-0.38354647
0.6822811
-0.87983793
-0.95648676
-0.9635474
-0.4855846
0.27937347
0.11119153
0.18181132
0.088930085
0.46593687
0.22137177
-0.6172313
-0.7914458
-0.1333161
0.442816
-0.95913094
0.28219336
-0.65832335
-0.965711
-0.2895859
-0.13132872
-0.18629952
-0.80818325
0.47363538
-0.3375094
-0.496846
0.45614302
0.96818477
-0.86943054
-0.27253333
0.4472355
-0.99770164
0.056607887
0.16300222
0.35097942
0.7224644
-0.3432876
-0.51623774
-0.41088864
0.35631213
-0.105885185
0.9095465
0.37579465
0.4887832
-0.25520068
0.11314667
-0.7551079
0.43397847
0.13570152
0.1591771
-0.15774754
-0.6680783
0.6516236
0.4805427
-0.05669263
0.13022001
-0.32363948
0.12844749
0.3672131
0.4930317
-0.51177895
0.17840385
-0.34643376
0.7803691
-0.6968483
-0.49195373
-0.0048715654
-1.0695598
0.04234885
1.0165682
-0.28055012
-0.40302178
-0.119314976
-0.4965495
0.5672121
-0.9465291
0.09592914
0.34086886
-0.30906668
-0.9283505
-0.57060283
-0.1484735
-0.6096451
0.5116471
-0.1499387
0.6407171
-0.3450588
-0.46662998
0.27872226
0.7681869
-0.36994
0.217773
-0.34199542
0.702804
-0.72325164
-0.008976417
-0.28094557
0.54531926
0.07778301
-0.41382813
-0.76299703
-0.45755213
-0.469699
-0.26235038
-0.29714638
0.11732709
-1.0246564
0.01259805
-0.23515862
0.26296756
-0.84541595
-0.50338465
-0.4411463
0.72393715
-0.20593424
0.5966207
0.8312441
0.6556313
-0.14591773
-0.2959308
0.44936106
0.39691404
0.071913116
-0.50407606
0.12877057
0.69707453
-0.61060965
-0.3976909
0.35489303
0.32120806
-0.2996426
0.42301136
0.9159284
0.5263711
-0.50954306
-0.6942372
0.11789459
0.65335536
-0.9082548
0.32757264
0.24371277
0.22849506
0.94962686
-0.5225609
-0.65215415
0.028102374
-0.7093027
0.3640042
-0.5094831
-0.18489176
0.3696709
0.3936184
0.5420808
0.19097827
0.19205412
0.5280002
-0.11460734
-0.6323171
0.40969324
0.7960614
0.42869806
-0.30002975
-0.80219984
-0.7632976
0.31208256
0.5668144
0.48622328
-0.036509056
0.23601484
0.0035327568
-0.72172725
0.7583822
0.017234117
0.47341523
-0.24042192
-0.76508987
-0.19427836
0.08929581
0.55005753
-0.4477411
-1.068798
-0.4091258
-0.27029717
0.6755198
0.56062496
0.66529685
0.38702464
0.08914186
-0.96375686
1.1653798
0.7091537
-0.30068704
-0.6861273
0.21075064
-0.27241912
0.8571642
0.5985794
-0.1252998
-0.4982035
-0.12935679
-0.98583925
-0.33229986
-0.2080042
-0.3343487
0.63544476
0.15440495
1.0583825
0.72635674
0.13891435
-0.8318328
0.95369196
-0.032609016
0.72057605
-0.023422986
1.224247
-0.47505197
-0.3690351
-0.40809178
-0.72819436
-0.55915725
-0.16838406
0.024709186
0.16224054
-0.35820037
-0.11543661
-0.37887186
0.0068100346
0.59576905
0.65060824
-0.45912844
-0.367482
-0.36118713
-0.05147458
-0.5579427
-0.54296124
-0.9669197
-1.1251673
-0.20223148
0.3343685
-0.77443266
0.0488626
0.17207916
0.008183492
0.3505416
0.5894319
-0.4024484
-0.19692478
-0.71037155
-0.57564443
0.3012751
0.6209553
0.6377539
-0.6219441
-0.33735704
-0.2103187
-0.33707437
-0.8087595
1.1059952
0.44445348
0.71249306
-0.8797198
-0.5002256
0.22564557
-0.051034093
0.74940795
0.55733156
-0.11039359
0.68059134
0.6511
-0.8930381
-0.28229758
0.5014354
-0.0061942157
-0.24949664
0.18859082
0.12981957
0.5053455
-0.32220435
0.32968032
-0.16774125
0.109804824
-0.5656836
0.3805537
-0.60092354
0.31229776
0.31866753
0.10590382
0.04647511
-0.37453598
-0.70051897
-0.6656453
0.10206767
0.13637526
0.48345688
0.73840696
-0.45331404
-1.0297955
0.65678966
-0.32785457
0.57706034
0.4809829
0.045976687
0.2685544
-0.50512475
0.83350325
0.13669118
0.5458014
-0.9433062
-0.7228015
-0.12467638
-0.13430902
-1.100767
0.018757664
-0.19691093
-0.64520586
0.7622901
-0.4308798
-0.6960188
0.3810903
0.108274296
-0.5403412
0.25320116
0.17434555
-0.4750235
-0.60464704
-0.27682823
0.17637588
0.12614986
-0.6148993
0.05582849
0.45047206
0.110406615
-1.0579017
-0.33436552
-0.5328783
0.45488885
-0.070152365
-0.8648624
-1.0201521
-0.018938499
-0.19638821
0.50610435
-0.17669003
-0.76345265
-0.64690673
0.022795
0.08976235
0.6623665
-0.12480042
-0.6896074
-0.038173962
0.39582273
-0.1264842
0.8902482
-0.21664551
-0.474923
-0.98793966
-0.75120604
-0.5820883
-0.9231956
0.4836258
-0.24190211
0.02967695
0.6042811
-0.47587678
-0.18870752
-0.39601296
0.16018598
-0.09853346
0.11661551
-0.06864291
-0.3253934
0.39309326
0.35128656
-0.15444793
-0.28926188
0.29027113
0.0049906946
0.17701358
0.71571815
0.2057808
0.4403118
0.41131982
0.34111652
0.759628
0.5819348
0.057951007
0.88533336
0.40455058
0.015758784
-0.32980534
-0.15835726
0.72036576
-0.37115026
-0.37850493
-0.12395525
-0.06807713
-0.834374
-0.18174322
-0.67331374
-0.68771374
0.2740595
-0.095021755
-0.7347813
-1.2641321
-0.033922076
-0.49180043
0.41926935
-0.100527845
0.0534073
-0.7363734
-0.7301921
0.3142303
-0.0756041
-0.33647102
1.039365
-0.44916126
0.2693444
-0.27112272
0.2516276
-0.061445568
-0.13924886
0.3903815
-0.54484755
0.28165576
0.6477642
0.47434795
0.903315
0.043255277
-0.21923913
-0.9123704
0.7270778
-0.14456053
-0.38682637
-0.8123292
0.02463272
0.5049376
0.9996099
0.10985172
-0.15691008
0.121616095
-0.13513617
0.3648616
-0.07072658
-0.55467683
0.074131384
-0.14252166
1.2174954
-0.1694124
-0.31993395
-0.19943689
0.3063861
0.7128392
-0.612999
-1.0239226
0.6073791
0.67762816
-0.47873962
0.41514122
0.70786315
-0.39400032
-0.124904215
-0.22138494
0.13775946
0.889728
1.0585136
-0.90354276
-0.86937624
0.63591164
-0.70321345
-0.6721424
-0.13903682
-0.79160964
0.6452569
-0.0076370947
1.0992423
-0.31768692
-0.30983353
0.68468
0.5280939
0.04931217
0.50603867
0.46893257
-0.35329002
-0.6716021
0.97799444
0.3671764
0.37077275
0.2815153
-0.09082436
1.0533688
0.34105
-0.43301436
-0.5031472
-0.37831756
0.08132152
-0.19955616
0.13981336
-0.47265425
0.04339073
0.26315197
-0.8830699
1.0911332
-0.25319955
-0.32237065
-0.3288263
0.35060397
0.59059036
0.7317628
-0.18849991
0.63079077
0.18735212
-0.10666138
-1.2626559
-0.8757666
0.55733365
0.58633834
-0.015686598
-0.58211875
0.09858326
0.75710195
0.6058928
0.4385388
0.059677176
0.34104523
-0.5751026
0.21433885
0.5366418
-0.3350662
0.348031
0.7678613
-0.09857316
0.27964434
-0.2722761
-9.400606E-4
0.24677147
-0.13192251
-0.5681859
-0.16409205
0.19142741
0.458242
0.14192577
-0.065454446
-0.4946824
-0.49249998
-0.57350093
-0.4845022
-0.8982619
0.73808813
0.4546855
0.07441558
0.3251139
-0.91945934
-1.0033796
-0.24890026
0.53777033
0.35098016
-0.14723101
-0.48587584
-0.6506304
0.03158694
0.092038184
0.9157623
0.36891222
0.13324092
-0.56752485
0.9175954
-0.71987677
0.10024624
-0.22219318
-0.30411783
0.3472367
0.08237159
-0.24163647
-0.3306072
-0.13231677
-0.8603984
-0.91061485
0.4918694
0.20475435
-0.6563843
-0.6035543
0.5397426
0.082813375
0.15658377
0.502992
0.7863851
0.76292616
0.44929633
-0.6722589
-0.13942271
-0.9072602
0.07714192
0.18475458
0.4796946
0.7170757
0.8267279
0.7361004
0.5590767
-0.25451633
-0.5140229
1.0108666
0.51353806
0.5721224
0.6115204
-0.17404158
-0.47718373
-0.8373742
0.6572825
0.041938126
0.063488714
0.7702183
0.17930536
-0.2648049
-0.8903016
-0.01067121
0.76131743
0.3967018
-0.02067321
0.21436681
0.39175963
0.13798165
0.8483924
-0.03995593
-0.24060199
-0.59457225
0.8588373
0.0889078
0.6948467
0.57459676
-0.19096246
0.2287733
-0.26591462
-0.16538794
0.49885532
-0.061299097
0.34393337
-0.669148
0.6133236
-0.24902552
-0.47769308
-0.35792327
-0.0044838176
-0.81113994
0.80209315
-0.17803551
0.3578108
-0.46425158
-0.2752417
-0.2624135
-0.9535576
-0.041138824
0.56693405
-0.23315284
0.09369902
-0.9820435
0.9545611
-0.6707464
0.63417745
0.6046265
0.676851
-0.25008598
-0.099434875
-0.30925012
1.1871648
0.340111
-0.6992649
-0.15330568
0.41206372
0.49601272
-0.2521241
-0.29398
0.020361323
-0.49117765
-0.48650137
0.37578368
0.423107
-0.31332034
-0.7314752
-0.2999066
1.2173395
-0.31648445
0.3818491
0.49220833
-0.066571765
-0.16950293
-1.20465
-0.183598
-0.6573669
-0.4210793
0.6518316
0.85945404
0.4084032
0.09644328
0.12598532
-0.23045735
-0.78980494
-0.44822732
0.6021392
-0.06687136
0.5930884
-0.34268385
-0.3814886
0.66446257
0.3276442
-0.20485257
-0.4017838
0.81584656
-0.36848432
-0.22339776
-0.63498265
-0.24423529
-0.39280206
-0.39988524
-0.28999195
-1.0308515
0.53543824
-0.32531226
0.15577322
-0.24324001
-0.14746258
0.32729316
-0.6939778
-0.27389997
-0.72710764
0.29234716
-0.06513219
-0.0030586296
0.32708037
-0.5801226
1.0670575
0.23836051
-0.23289892
-0.11754861
0.76219636
0.17626943
-0.3185545
0.54336685
0.40901834
0.55535406
0.044999957
0.41004065
-0.064464584
0.61149246
0.3246179
1.2624669
-0.474322
0.5388542
0.17059629
-0.16151182
-0.59625
-0.93040603
-0.36171097
-0.6790199
-0.38957423
-0.5624871
-0.48785132
-0.097559
0.16685404
-0.16600437
-0.40338185
-0.42507794
0.64882904
-0.27052626
0.6393623
0.16946305
-0.93924063
0.028832177
-1.40875
0.24976793
0.09974257
-0.19214356
0.40286893
0.47003308
-0.28777438
-0.32226533
-1.043907
0.10946033
-0.6089687
0.64472693
-0.4066364
-0.7947728
0.5496095
-0.06960529
-0.060522687
-0.08279816
-0.033132073
1.271629
-0.5285639
0.07126873
-0.5893497
0.021776937
0.23961052
-0.15592967
0.4539155
-0.24818325
0.20717858
-0.19590229
0.85113686
-0.39045954
0.38223627
0.71984464
0.29013565
0.52147204
-9.851512E-4
0.2881399
0.12875222
0.45263493
-0.12105785
-0.34427467
0.07025328
-0.2724673
-0.87241334
0.66813403
-0.35081667
0.45841393
-0.3556757
-0.44192588
0.3911636
0.9832836
0.2514722
-0.39753908
-0.4934526
-0.5444471
1.0464239
-0.2050861
-0.47940803
-0.35481808
0.2951491
-0.7361572
0.090962455
-0.57702744
0.58614266
-0.9918229
0.75039226
-0.35630196
-0.5336947
-0.6811313
0.313181
0.5717877
-0.18890886
0.50256205
-0.12288892
0.5034514
0.40918005
0.45068127
-0.6178801
0.23236257
-0.60404086
-0.4625549
-1.0193763
0.7666397
-0.15769954
-0.28166416
0.4260279
-0.6060109
0.06343066
0.34356394
-0.35356566
0.59377867
-0.80298734
0.42731506
-0.15391493
0.9091867
0.8499867
0.46634376
0.39580402
-0.6110659
-0.46506423
1.2282284
0.20832308
-0.11565775
-0.078808896
0.19121432
-0.3724525
0.3737404
-0.1447131
-0.20625201
0.6373604
0.22664596
-0.18862379
-0.30124515
-0.20455448
0.075067006
-0.084363446
-0.6736525
0.5828807
-0.7518902
-0.26544356
-0.79749405
0.5920487
-0.5184172
-0.47309902
-0.41499692
-0.026036363
0.20841666
-0.7571185
-0.6909344
0.41797963
-0.703691
0.6119281
0.05314895
-0.45091355
0.2789188
-0.5050218
0.9067603
-0.21262585
0.21494019
1.1118644
0.44033897
0.3234213
0.36092338
-0.23066193
-0.428509
-0.3854887
-0.098976806
-1.2426796
-0.14328879
-0.32239014
0.046688862
-0.613488
-0.052874394
0.575264
-0.48095495
0.3003962
-0.15390539
-0.98251903
-0.4202964
0.40598834
-0.82904404
0.38240123
0.26574978
-0.59793186
-0.59076595
0.5473277
0.40204865
-0.735856
0.24837676
0.67531383
-0.5532324
0.20078507
1.1071031
-0.26762503
0.85311836
-0.42388868
0.0508031
0.7037137
1.3289838
0.5672145
-0.03468973
-0.18078616
0.29269755
0.43501198
0.6711967
0.07929738
0.7048925
0.68611825
-0.16648665
0.8820286
-0.62474716
0.16211808
0.27767462
-0.6317251
0.93155724
0.31222975
0.35342255
0.92619187
-0.7416929
-0.5410391
0.70026594
-0.23820157
-0.24146783
-0.08247115
-0.8462224
-0.8338094
0.22861162
0.40715316
0.4661621
0.6052981
0.8729723
0.523645
0.36802375
-0.9344817
-0.40481287
-0.71022016
0.37671837
-0.8413792
-0.46727878
-0.5485985
-0.3283442
-0.020157255
-0.22191297
0.6709625
0.31890014
0.14833196
0.22058001
-0.07374458
0.06239572
-0.54464376
-0.13232496
0.9506932
0.2520858
0.43613383
0.091947295
0.23212963
0.07053772
-0.2176996
0.15938608
-0.6902686
0.24514943
0.72667646
0.7029395
0.05708423
-0.41659352
-0.29345226
-0.016091403
-0.45337868
-0.0056162337
0.071325086
1.3715396
0.13232468
0.9402307
-0.14551227
0.6419146
0.47971007
-0.3557744
-0.09277917
-0.12578653
-0.4074141
-0.052225254
0.86288464
0.5907286
-0.5143776
0.8797964
-0.5470302
0.6155611
-0.12182856
0.37702933
0.74697936
-0.6828945
-0.9444894
-1.1139245
0.1917722
0.6451459
0.02003421
0.7653453
-0.9795331
0.91018826
0.95397854
-0.025497759
-0.15852255
-0.36978182
-0.3228
0.62993485
-0.74616504
-0.051369
-0.8742518
0.47766453
0.39935195
0.77216166
0.20036435
0.0028928325
0.10971331
-0.8001751
-0.13668612
-0.45887148
0.063530095
-0.54935414
-0.56803
-0.4592355
-0.7879371
-0.11424823
0.4979531
-0.35832763
1.08463
0.13930427
0.974702
0.8077462
-0.54568726
0.5448482
0.9199009
0.422855
-0.9226105
-0.28811568
-0.5649029
0.45354065
-0.07229764
0.27613276
0.5208054
-0.1663551
0.08491065
-0.02079343
-0.8264217
0.39924747
0.04320869
0.63863736
0.15438724
-0.76070124
-0.23284101
-0.52401215
-0.6755709
0.1874383
-0.2268062
0.3658116
0.3580188
0.30114603
-0.29963052
-0.41424373
-0.5301507
0.95849615
-0.21503176
0.3671381
0.6386711
-0.77102005
0.72477275
1.1405199
-0.022804007
-0.071500406
1.0354552
0.7549054
0.12420923
-0.27681124
0.7837742
-0.08567523
0.047624454
0.19992264
-0.27091488
-0.9202038
-0.7213227
0.040642593
-0.7078185
-0.7330538
-0.73597604
0.71177846
-0.8925156
0.39342666
-0.4891132
0.06850492
0.80333483
-0.24457249
0.30840412
0.19584778
0.8890458
0.004429906
0.3623457
0.8087204
0.48391953
-0.46913037
0.8174818
0.13298613
-1.0988724
0.29875943
-0.9207498
-0.63615716
0.24749808
-0.23589066
-0.28113022
0.5140375
0.7740746
0.3117776
-0.34796667
-0.28654543
0.42800406
0.6994903
0.6705665
0.6479872
0.32464203
-0.037641354
0.18614312
0.5238034
0.12282482
-0.4084706
0.4017619
0.07049883
-0.14868684
-0.2024807
0.41562802
-0.3734146
-0.012572343
-0.43481022
-0.73803777
0.48527566
0.27604255
0.07152244
-0.86344326
-0.5639122
0.6414825
-0.39519593
1.2323776
0.28330025
-0.4914092
-0.551345
-0.97187924
0.71315217
-0.6187265
0.07829414
0.6154105
-0.023674894
0.8975418
-0.26542705
-0.56463265
0.5024037
-0.63412714
-0.8276533
-0.8197838
-0.77365893
-0.598359
-0.16232136
-0.14037456
-0.04852349
0.34145194
-0.39286128
0.73039794
-0.09423045
-0.45400056
-0.042265356
-0.006916641
0.38541934
-0.5544208
0.38543984
-0.07364075
-0.015512284
-0.40738767
-0.049503155
0.55013055
-0.3321804
0.5633891
0.40976578
0.34547648
-1.0956693
0.09524323
-0.3302323
0.5586507
0.4451609
0.16945685
-0.3696526
0.19864275
-0.43201086
0.56317717
-0.6407294
0.29465005
0.91394025
0.4487201
0.43853426
-0.3871183
-0.5231756
-0.7015267
0.13136992
1.0642818
0.40405172
0.25317273
-0.36815175
-0.21315147
0.74767005
0.21858843
0.19295
-0.0413951
0.4214683
-0.1500833
0.3863702
0.6179375
0.32184252
-0.1890097
-0.33365726
0.2442417
0.84048516
-0.91411763
-0.1747782
0.09638543
-0.5452396
0.60393256
-0.15450136
0.20385616
-0.5045195
-0.86797607
-0.33067897
0.2392122
0.4057941
0.5759215
-0.66377443
-0.20087962
-0.50975406
0.5875007
0.4714462
0.2629517
-0.40520376
0.033479214
-0.35912097
0.21952324
0.994135
-0.226023
0.10150734
-0.3960489
0.7614624
0.28162542
-0.30784175
1.1615411
0.07871371
0.5508033
0.10954706
0.3488571
0.5787792
-0.33945608
-0.92202586
-0.34808794
-0.36289605
0.46207777
0.7880617
-0.23245053
-1.0130807
-0.49905345
0.36041033
0.24653615
0.2359777
-0.80694014
-0.23356578
0.3071899
-0.6218258
-1.0904881
-0.89731497
0.7593826
0.67597806
0.19194403
0.56148916
-0.5092452
0.9428622
-0.7914484
1.0026156
-0.8424393
0.6151937
-0.05493377
-0.60231334
0.021432914
0.60539615
-0.39437118
0.38862523
0.09916542
-0.41423875
0.018715873
0.9641573
-0.43752587
-0.8222307
-0.4817913
-0.37682328
-0.013185911
0.3575152
0.5881601
0.21567592
-0.394501
-0.4998525
-0.27129462
-0.7076175
0.5437906
-0.32585973
-0.6600537
-0.6568424
0.2617569
0.7799976
1.0749558
0.21261045
-0.48351955
-0.70755446
-0.83072877
0.5078612
-0.57135373
-0.44048846
-0.8637073
0.2203921
-0.74149644
0.11609787
0.37027216
0.16404682
0.29518503
0.5862322
0.73734754
-0.9052508
-0.55242723
-0.5736818
0.1407632
0.8865642
1.0523517
-0.96349937
0.13088664
-0.44497904
0.35101223
0.13959622
-0.4831761
0.54892373
0.13043058
-0.37005353
-0.14630696
-0.59460914
-0.7183061
0.7409908
-1.04959
0.8062607
-0.5747836
0.68180674
1.267251
0.059245285
-0.679486
1.0027753
-0.17452143
0.77248013
0.2549082
-0.44074643
-0.08105197
-0.6013167
0.32719395
0.40028846
-0.57376736
-1.2218761
0.40982097
1.1139169
0.0036947841
-0.45078
0.30908424
-0.06700759
0.68866014
-0.6925203
-0.30514917
0.11801644
0.5714132
-0.60761136
-0.95063746
-0.77796793
0.4501014
0.24344702
0.4186106
0.1993067
-0.8027807
0.65705985
-1.039986
0.42949855
0.13350692
-0.04719253
-0.4329303
0.2933382
0.09503134
0.31367934
-0.4490999
0.16474779
-0.30245373
-0.16005784
-0.48556554
-0.1597224
0.011129012
0.6280245
0.49389413
0.99218535
-0.9453701
0.035856947
-0.4541882
0.55058444
0.43393978
0.4930809
-0.25805593
-0.5126731
-0.30659342
-0.10958557
0.50644827
0.45010847
0.78489006
0.40792823
0.2818059
0.37085584
-0.54670936
-0.94468737
-0.07326227
-0.7741102
0.68265873
0.7004472
0.46893764
-0.10917425
0.3829609
0.606034
0.6052403
-0.15983203
-0.36573976
-0.21350753
0.21116148
-0.12499012
-0.5626088
-0.42978624
0.2058957
-0.38678414
0.9756304
0.6850049
-0.6574224
0.6209826
0.006268169
0.41273913
-0.25021896
0.13044032
0.30899343
0.87183857
-0.46899796
0.82753223
0.09834227
-1.0003029
-0.33388495
1.2071934
0.41835493
-0.016749104
-0.74766517
0.1298894
0.12284992
0.65114963
0.585978
-0.44686857
0.16513045
-0.42641252
0.14094484
0.2841857
-0.59475553
0.35388184
0.41793126
0.0015093933
0.8387517
-0.11634811
-0.5094694
-0.51094425
-0.54713756
0.9158688
-1.0582081
-0.9693388
0.19419046
0.22189273
-0.24296695
0.42526
0.38389447
0.6356261
0.93085486
0.48444283
-0.04628112
0.779552
0.13931246
-0.14379765
0.5170074
0.43980378
0.8330816
-0.48007414
0.47854257
0.60209596
-0.4505077
0.74626076
-0.28245568
-0.2471141
-0.75211245
-0.40453136
-0.33565247
-0.19261569
0.37372404
0.18568803
-1.3068756
0.4324698
-0.38567343
-0.3717457
-0.46885118
-0.52229893
0.73972046
-0.5293116
0.48768288
0.7618297
0.100190505
-0.5494467
-0.06922816
0.6736569
-0.75398797
-0.31345168
-0.14709637
-0.19997346
-0.8498329
-0.6301652
-0.060976874
-0.56383544
0.18922518
0.60141695
0.4698356
-0.5914643
-0.5537386
0.45768142
-0.20730749
-0.5097045
-0.17447557
0.14900102
-0.15050152
0.88599956
0.4980988
-0.3802419
-0.7593485
-0.36840022
-0.048164904
0.8506576
-0.37039292
-0.1823018
-0.32266402
-0.07944886
0.6234093
-0.3953548
-0.8056151
0.39302397
0.2502584
0.42582297
0.21456155
-0.6744468
0.17444544
-0.86938053
0.19989645
0.23601176
0.011242812
-1.0561982
0.30403453
0.92142737
-0.8720194
0.80737513
-0.2497813
0.8255287
0.30355185
-0.18698046
-0.1924282
0.5639562
-0.8317034
-0.7002184
0.3923129
-0.31604758
-0.32160512
-0.6732138
-0.41128108
-0.573277
0.67642623
1.0750368
-0.89494056
-0.939518
-1.0819964
0.39871535
-0.03213117
-0.111132145
-0.49149674
-0.57395536
0.39588565
-0.6018835
0.25499094
-0.22175442
-0.4426074
-1.0371436
0.27226192
-0.4457175
0.3420861
-0.4626443
-0.28552502
-0.10172247
-0.052700862
0.7568599
0.7068597
0.7473001
0.029548833
-0.6346009
0.55105007
-0.22006066
0.1642911
0.28864303
-0.37376413
-0.4531552
-0.37524834
-0.21926089
0.3889834
0.663882
-0.4641342
-0.27286348
0.07062585
-0.11100577
-0.8329928
-0.763227
-0.16173162
-0.24998549
0.7133192
0.41356492
-0.5134091
0.103085704
0.3552007
-0.3596683
0.20533653
0.09042144
0.5389259
0.3946465
-0.84249544
0.20020118
-0.16278403
0.582513
-0.23862465
0.39405003
1.0278871
-0.7512174
-0.55054855
0.08799536
0.14774163
-0.55864656
-0.7227331
1.3229953
1.2465272
0.23338112
-0.5706201
0.57338184
0.95962536
-0.14123651
0.5710043
0.3257813
-0.46598765
0.015245976
0.5878774
0.040759616
-0.6524333
1.1062728
-0.71797514
0.4027814
-0.38642144
-0.034801453
0.38710836
0.6750314
-0.724942
0.01428241
-0.63711554
-0.7000484
-0.630731
0.36366436
0.85156924
1.0140686
0.6342657
-0.3122064
-0.24285482
0.7236001
0.44791025
0.0132052535
-0.72253656
-0.382377
-0.07396397
0.83440804
0.53418744
-0.6285585
-0.14317828
-0.8142618
0.12190456
0.2256919
0.8322974
0.36344978
0.5711
0.35143116
0.23644173
-0.29373118
-0.25430626
-0.3230094
0.2402073
0.10716392
-0.30951414
0.2869354
0.86149615
0.07458275
-0.4976035
-0.25543743
0.15638311
-0.84203637
0.6795521
0.8671846
-0.09897533
-0.1288142
0.5100339
-0.21116684
-0.36741075
-0.52521926
0.2414441
0.13068405
-0.7275106
0.47555518
-0.23243655
-0.5310633
0.17558429
-0.7668253
-1.0288966
-0.48038155
-0.80381304
0.46669278
0.19744621
-0.09468618
0.3653256
-0.58723414
0.7141444
-1.1591864
-0.834372
0.0017815796
-0.80324394
0.36923563
-0.56350976
-0.019368472
0.24713406
-0.60825545
-0.08086829
0.7280425
-0.20027642
-0.8949997
-0.0936157
-0.5118805
-0.25020662
-0.6906173
0.27449986
-0.34806716
-0.008948595
-0.37478003
0.6445695
0.18657188
0.38142917
-0.03599358
0.17680857
0.7228767
0.49252024
-0.311878
-0.4227937
0.2706484
0.6702104
-0.8705895
1.2171168
-0.36661184
-0.6069153
0.018588439
-0.077326424
-0.1341144
-0.353317
0.1817048
0.071912825
0.32872334
0.22718547
0.4005981
-0.57442224
0.48563936
0.5768729
0.7825616
-0.2378856
-0.072222605
0.042321064
0.068494014
0.82202405
-0.7627779
0.8666935
-0.6164832
0.531157
-0.90512556
-0.5795432
-0.5183211
0.13470407
0.80429876
0.8880128
-0.37555322
-0.48213238
0.32706404
-0.057150073
0.24842434
-0.7109826
0.5488136
-0.5300947
1.0215356
0.6244495
0.42084017
-0.45224902
0.37584904
0.42423213
0.21450348
-0.085611954
-0.060059126
-1.0317029
0.18007755
-0.9077308
0.42319015
-0.12234571
-0.24365401
0.32591152
0.13477775
-0.72734004
-1.0915657
0.33063605
0.16541001
-0.03471706
-0.79873663
-0.27238044
-0.60785913
0.38030526
-0.6551559
1.1274931
-0.41569185
0.7716727
-0.61497223
-0.34940913
-0.12538907
-0.46240076
0.85263485
0.49004102
0.21812257
0.35373303
-0.614706
-1.0859419
-0.44012654
0.033704653
0.6916494
-0.37352672
0.6853457
0.3746519
0.5622899
0.08506466
-0.10852744
-0.090949036
0.36498195
-0.25219962
-0.1824141
0.103672326
0.35806575
0.6465772
-0.7610631
0.87428737
-0.63933355
-0.15540676
0.74301547
-0.43911135
-1.020541
-0.86639374
-0.5235324
0.54769677
-0.6926499
-0.5283054
0.92166525
1.046274
-0.38904476
-0.86669326
-0.69174993
-0.28933394
-0.24199449
0.14630328
-0.7926976
-0.20587377
-0.4464323
-0.13721356
0.088382415
0.94911593
1.0212301
0.10650124
0.25510824
-0.15303244
0.12920837
-0.3688294
-0.12761603
-0.770428
0.6204938
-0.7061738
-0.44371158
1.22135
0.49463972
0.9336115
-0.09579864
0.1132472
0.73979086
0.19385195
0.7463343
-0.44456723
-0.37341362
-0.25630608
0.21294335
0.41140345
-0.50413215
-0.82361805
0.30796906
-0.9539104
0.38030034
-0.6047323
0.52944905
0.757967
-0.3704744
0.14320636
0.41428033
0.14757976
0.6152067
0.25758466
0.47545826
-1.0704039
0.0711046
0.7910664
-0.34807986
0.82728845
0.15949869
-0.4278619
0.8067026
-0.021321107
1.076009
0.3711099
0.10756099
0.22926067
-0.2473508
0.22253141
-0.5430812
0.01228209
-0.74483
-0.4823237
-0.45866325
0.58524555
-0.5686154
0.40720293
-0.37988865
0.2725745
0.019127287
-0.55267155
0.70689267
-0.30705485
0.99368984
0.49118522
0.91540754
0.010711317
-0.9007127
-0.43352255
-0.17029013
-0.36914453
0.56459945
0.7120716
-0.33086318
-0.44645736
0.48187903
0.29516193
0.20979616
0.17506407
0.36654633
-0.13509507
-0.20174484
0.7417882
-0.24018918
0.23264052
0.2964865
0.5077481
-0.13549802
-0.5431426
-0.5654754
-0.05285301
1.1317692
-0.21817677
-0.37316722
-0.060522042
0.3331126
0.58209115
0.35714626
-0.3944471
-0.9206734
-0.60767406
-0.5362672
-0.7984952
-0.60978854
0.354248
0.54703075
0.87478405
-0.3670324
0.020927489
0.60493493
-0.46344158
0.82625705
-0.61109066
-0.25264055
-0.041239962
-0.39447317
0.71146905
-0.15529564
-0.18266673
-1.0758464
-0.6477245
0.15081856
-0.22639836
-0.5044168
-0.5133482
0.1634296
-0.53371865
-0.19889633
-0.9591976
-0.72322905
-0.51308984
0.9377102
-0.6504618
-0.05389209
0.4511972
0.029317003
0.2201066
0.1447699
0.5231721
0.9662735
1.5882899E-4
-0.64610904
-0.41902933
-0.45298985
0.46206135
-0.16429761
0.16460241
1.003198
-0.25790483
-0.35151473
-0.20774144
0.6627037
-0.0222064
-0.43345442
-0.7991545
-0.87543285
-0.3602336
0.50400025
-0.16844407
-0.9606462
-0.027352775
-0.03189228
-0.659075
-0.7445737
0.17296761
0.39732936
1.261034
0.64260924
-0.33392185
-0.23223428
0.5754772
0.14446104
0.34192386
-0.2854724
0.45983493
0.5599178
-0.20755716
0.13414793
0.090592414
-0.28382897
0.9066133
-0.4373886
-0.50195026
0.5669436
0.31848478
0.0968607
0.49440855
-0.7553983
-0.13965566
0.53533655
0.4101838
0.66106355
0.59862775
0.7226915
0.43526062
-0.094922036
0.71731484
0.074774764
-0.4185492
-0.5842512
-0.46850067
-0.19442904
-0.44995224
-0.7563289
1.0864189
-0.3114898
-0.34466472
-0.38183507
0.12017769
0.46353328
-0.4132036
0.0731536
0.10327417
0.3336588
0.80253613
0.06147693
0.54420227
0.51935005
-0.22043154
0.2449749
-0.5281639
0.34557003
-0.13113473
-0.7789056
-1.3371031
-0.5975459
0.19327499
-0.15338372
0.09240312
0.33293808
0.323382
-0.053195953
-0.3597149
0.6260411
0.3259184
-0.7107432
0.79640734
0.013151129
-0.47546515
0.29839388
0.6196695
0.89630884
0.76323885
0.53264666
0.10113988
0.5269246
0.86991453
0.859557
0.39519247
-0.109542206
-0.2974924
-0.35738093
-0.58673453
0.5248117
-0.26304218
-0.56638986
-0.3109546
1.0213866
-0.31479123
-0.6060234
0.49497306
0.54869187
-0.15775552
-0.6988433
-0.9629382
0.8577756
-0.7574805
-0.40788752
0.07838551
-0.099503346
-0.7587276
0.27255923
0.5324536
0.3079081
-0.07834177
-0.14255413
-0.667262
0.27095202
0.24757257
-0.60642767
0.30100203
-0.30501518
0.20953733
-0.25360817
0.06557571
-0.20651355
-0.82405764
-0.101041704
-1.0007638
0.3101487
-0.44122708
0.12435952
0.09808646
0.30494285
-0.6660784
0.24812774
0.9363339
0.52386993
0.079835035
-0.30331674
0.41482785
-0.29239652
-0.47611502
0.37980616
-0.68581355
0.24821424
-0.579457
-0.56325704
-0.38770553
-0.16435897
-0.2061372
0.39605045
0.38275838
0.24776997
0.7438953
-0.7561522
0.35116452
-0.24743716
0.81316024
0.41629693
0.20238678
1.2240399
-0.106554225
-0.82402134
0.8363511
0.82313734
0.59173906
-0.28114685
0.31435144
0.62583715
0.25591466
-0.57252586
-0.56001437
-0.3373634
0.10794177
-0.047935657
-0.0680245
0.38210785
-0.5860557
0.5801385
-0.26835334
-0.43056566
-0.97350925
0.14120746
-0.23204522
0.044306993
-0.5047096
0.95825064
0.6817048
0.041937582
-0.6451578
-0.2719468
-0.14838834
-0.24877554
0.10293349
-0.6093025
-0.40449214
0.7292858
0.72683233
0.46971577
0.8578237
-0.5253464
-0.25740695
-0.35216776
0.25449154
-0.3622467
0.24602227
-0.13130738
0.6781155
0.2918538
-0.14780103
0.43032005
-0.80906653
0.330524
-0.49860895
-1.2051023
-0.20149459
-0.107820414
0.0915529
-0.6947463
1.5227569
-0.11418488
-0.58702904
0.13908397
-0.8527353
0.4068173
0.025020566
-0.33328605
-0.7792958
-0.38050252
-0.84801465
0.2616002
0.2366927
0.59932745
0.13884893
-0.58185935
-0.3847741
-0.7647094
-0.8537134
0.21292031
-0.39253592
0.15839009
-0.47025952
-0.13726601
0.38856325
-0.23405549
-0.9688105
-0.81984043
-0.5728971
-0.68659496
0.41075888
0.29875317
0.46854973
-0.89957345
0.44935936
-0.23700787
0.0857118
0.18462281
0.37804157
-0.9985382
-0.9451198
-0.08329419
-0.869454
-0.26024154
0.62894315
-0.7099097
-0.37655613
0.40578884
-0.43602428
-0.8961417
0.53242844
-0.43014127
0.50507474
-0.024919497
-0.38981482
0.10328609
-0.304826
-0.31459334
0.4487481
-0.22471698
0.40813228
-0.33380947
-0.6741494
-0.570604
0.2277049
0.46752083
-0.22504966
0.9456841
0.32106468
0.5730698
-0.055733837
0.1027081
-0.20850617
-0.09643126
-0.6572183
0.3460293
-0.18085063
0.02679713
0.16963048
0.33213845
0.05684642
-0.44201037
-0.39291075
-0.08122485
0.0679491
-0.26198956
-0.12088339
0.5956848
0.5207104
0.37973854
-0.09125552
0.46319258
-0.96016896
-0.06809212
-0.2176727
0.68741333
0.3031041
0.18418896
0.32051787
1.2649432
-0.15695415
-0.68391883
0.26846206
-0.33671844
0.47237563
0.30149114
0.74071705
0.6448254
-0.5948521
-0.64984137
-0.55931604
0.5634301
0.22461982
0.4919427
-0.2826707
-0.6593194
0.28136224
-0.3824127
0.83004564
-0.2630862
0.23767538
-0.36741608
0.28515112
-0.4827383
-0.593949
0.110505536
-0.90336823
0.6512373
-0.39020494
-0.70243424
0.9308502
0.36883748
0.112203315
-0.562612
0.022102313
0.22044283
0.14035536
-0.055958483
0.9227475
0.5050124
-0.7784182
-0.35987094
-0.67629963
-0.009859511
-0.19757321
0.19960456
0.38983846
-0.23138446
-0.016996115
-0.16360609
0.36116788
0.13288051
0.25975454
-0.6423806
-0.59729666
-0.25324738
-0.2011573
0.8622919
0.038659513
0.2885273
0.425604
-0.24232443
0.29482025
0.3610955
-0.050937407
-0.4603419
-0.20277266
-0.2833599
-0.56216735
-0.45029384
0.03000485
-0.060667973
-0.38549623
0.46842352
0.40857002
-0.7268584
-0.6741493
0.47305256
0.40250883
-0.24912186
0.03126559
-0.7710437
0.58409566
0.40481973
0.0422949
0.11492907
-0.19159913
0.5728343
0.33214685
-0.4943242
-0.42244446
0.2958376
0.094393075
0.5505712
-0.2146323
0.22307664
0.08777028
-0.5787927
-0.16768642
0.2881353
-0.6432409
-0.67995894
-0.56966996
0.7610172
0.24143796
-0.46227536
-0.5408092
0.10273356
-0.30624068
0.3997178
0.55151105
0.47740442
0.71014756
1.0537558
-0.77310246
-0.43076044
-0.37683725
-0.69701886
0.17278275
0.7210784
-0.50542784
-0.089154735
0.067050196
0.56833
-0.34294683
-0.23648918
0.40889546
-0.055678107
0.4050747
-0.037778117
-0.69052416
-0.52657825
-0.6589216
0.72554916
0.20790774
0.96834147
0.30424607
0.4609117
0.09488334
-0.20449983
0.2228031
0.42618164
-0.26270694
0.48910412
0.8171188
0.20586589
1.1952751
-0.66991574
-0.42592916
0.68449336
-0.22054867
-0.18807423
-0.7958285
-0.06693534
0.3054246
0.08024603
0.52402693
-0.646485
0.37566423
-0.7105209
-0.0133943185
0.040841054
0.82157695
0.529388
-0.47431526
0.4717492
0.10356684
0.8825825
0.5019176
1.183194
-0.8317001
0.5289075
-0.42010573
0.26720417
-0.12007127
0.31590214
0.18739957
-0.32950446
0.6175525
-0.10792708
0.845424
-0.9132079
-0.54709363
0.2849688
0.4309927
0.4188976
0.2652945
-0.84044987
-0.62964815
-0.708434
-0.26886624
0.14250654
0.43532607
0.483159
-0.28267628
0.21805625
-0.20531663
0.38839364
-0.8260916
-0.6639636
0.5639524
-0.04019483
-0.4220326
-0.817353
0.6134258
0.5397371
-0.09199249
0.03131298
0.29773015
0.779661
0.41057596
-0.58991164
0.59919643
-0.004319516
-0.25600934
0.022984762
0.2625839
-0.1360746
0.13805772
-0.15164949
0.3785627
0.09006756
0.2805841
-0.4990756
-0.26676038
-0.0011512934
-0.20226231
0.112972915
0.8669633
-0.0150048295
0.26686385
0.13208549
0.10698813
0.31364647
-0.6140644
-0.2072371
0.6381813
-0.9303977
0.25665292
0.6307903
-0.4192009
-0.45057854
-0.10873863
0.23488425
0.02943452
0.51635325
0.43546808
-0.14781594
0.021051498
-0.19370176
0.60285413
-0.3173774
0.33331242
-0.47167087
-0.81408054
0.4891483
-0.5891846
0.067199424
-0.26056105
0.49932125
-0.7291525
0.30124915
-0.4349525
0.18328217
0.7886293
0.41789296
-1.0062696
-0.17494489
-0.65788484
0.34804505
0.1557397
0.28887218
-0.9427486
-0.029150914
0.44161442
0.6574296
0.37487477
0.99664783
0.9576547
-0.455787
-0.3877315
-0.25333488
-0.5278485
-0.5998276
0.69460034
0.39847863
0.63413584
-0.09543617
0.3085217
0.21758401
-0.39196137
-0.1455405
-0.8062391
-0.516426
-0.65490246
0.5696816
0.08347106
0.771595
0.689843
-0.19383928
-0.48633236
0.4333219
-0.02877331
1.049274
-0.5447458
-0.61660206
0.33964
-0.76770675
-0.15267967
-0.1386697
-0.6205162
0.7176481
-0.020226756
-0.7236651
-0.5350394
0.4601755
0.20053063
0.8724838
0.5586061
0.60711604
0.75985974
0.4873791
0.27855292
0.4733244
-0.7973806
0.48237005
-0.079996094
-0.5168256
0.05337377
0.15496951
0.543542
-0.17350444
0.029678248
-0.098636955
0.89110965
-0.098768696
0.4232504
0.75675786
-0.39448553
-0.90680003
0.081231475
-0.27496314
0.7305162
0.3272145
0.045107327
-0.75979596
0.5198028
0.33491492
-0.31297192
-0.5372648
0.03262162
0.87320536
-0.21632618
0.16754739
0.791921
-0.12138758
0.18314803
-0.16449341
0.7930009
0.14087069
0.48220026
-0.068766594
0.3020195
0.7103548
-0.8517122
-0.78227586
0.9539008
0.4002779
0.015269047
0.05418164
-0.2241245
-0.40984002
-0.0036995944
-0.47351852
0.19241337
-0.3338905
0.7588342
-0.5739442
-0.27044988
0.30317518
0.16373374
-0.54234535
-0.0045720707
-0.18853971
0.49458686
-0.07132737
-0.8779606
-0.4336325
0.45770833
-0.57844836
-0.3385194
0.07236176
0.043401673
-0.55736864
0.04823828
-0.27793494
0.32940137
-0.42016527
0.28409582
0.5338533
0.12394406
-0.68128085
-0.51596314
0.6845254
0.39507
0.70843893
-0.34622967
-0.21607189
0.31406507
0.42713538
-1.133855
-0.40298402
0.58671445
0.6044256
-0.47882357
0.30214795
-0.9730297
-0.9151146
0.18995693
-0.08103724
-0.6704385
-0.2899129
0.04119932
0.132091
0.67415947
-0.38594002
-0.17970033
-0.7282132
-0.54613507
-0.021698738
-0.066974744
0.6873521
-0.29494596
1.0130749
0.02240559
-0.5542416
-0.16714698
-0.43141672
0.13590609
0.11064817
-0.25817636
0.16384979
0.4138003
0.7639973
-0.67743444
0.04716148
0.056403417
-0.73548687
-0.042218834
-0.41229907
0.21597214
-0.1782223
0.38566092
0.60303193
0.12484025
-0.15106757
-0.0860132
-0.066697374
0.17990425
1.2345028
0.52716786
-0.68568116
0.5963899
-0.073401585
-0.45444867
0.66319615
-0.55927485
0.3281199
-0.31539473
0.19534987
0.45746267
0.5332098
-0.67125815
-0.09804325
0.72544664
0.15750836
0.5031471
-0.10993045
0.7693898
-0.31692287
0.26116428
-0.038539674
0.57913053
0.32666895
0.6800917
-0.7819065
0.35224876
1.0359961
0.7242861
0.47031114
-0.97242004
-0.13208576
-0.32767606
-0.106001794
-0.11444702
0.10788481
-0.9637607
-0.41322598
0.86596495
0.124830864
0.44596764
-0.015130488
-0.29424155
-0.9915247
0.2744072
-0.46981436
-0.30690622
-0.8529455
0.59876615
0.93292606
-0.21649756
0.38160717
-0.6068133
0.12519473
-0.3421787
0.59619784
-0.7645383
-0.48905993
-0.24018729
-0.31067196
0.12367645
0.44784847
0.69221085
-0.40480563
-0.057670984
-0.32647038
-0.50348294
-0.31888732
0.6679822
0.26040667
-0.30978808
0.56617594
-0.7162443
-0.16349734
-0.36623594
-0.39989868
-0.2629367
0.10848908
-0.2639828
-0.27106562
-0.34281003
0.88050973
-0.16108193
0.5371463
-0.4128127
0.6266904
-0.6910247
0.4386924
-0.38785684
-0.3257193
-0.41252792
0.6759618
-1.219163
-0.3845488
-1.0283169
0.43386152
0.21363617
0.43739972
-0.49592093
0.09840989
0.5415851
0.58341426
-0.40714097
-0.6952742
-0.28895444
0.26938632
-0.2514245
0.32566184
-0.3463941
0.38719296
-0.64286774
-0.5500056
0.3404689
-0.06391834
-0.2114435
0.06402257
-0.7401173
0.7328938
0.3204337
-0.41844833
-0.09398174
0.78517395
0.5889432
0.8862093
0.05516462
0.4779087
-0.7579446
-0.2317098
0.05654169
0.536113
-0.14522788
-0.6087342
0.36945087
0.90804935
-0.1955053
0.38959
1.0773411
-0.53206587
-0.66165656
0.49780422
-0.3967617
0.6159773
0.41144317
0.93935865
0.33222306
0.9616601
0.18331128
-0.67823184
-0.5794715
0.9011277
0.5468023
0.1866539
-0.0015882613
-0.6376351
-0.014925999
-0.69818
0.48630357
-0.7592672
1.4288548
-0.4440855
-0.45322922
-0.309391
0.93729067
0.4819105
0.5482215
0.3945475
0.54128844
-1.0057253
-0.38647056
-0.13934012
0.4007284
-0.79827344
0.19253135
-0.47470972
-0.6292197
0.3871115
0.5781334
0.6591416
0.6175753
-0.6607407
-0.04386002
-0.65048003
0.27400884
-0.5635925
1.0524323
-0.94298947
0.47604603
-0.16589761
-0.02526894
-0.4697002
0.15482168
-0.29658297
0.24271831
0.71430373
-0.36649972
1.0795174
0.098769836
0.12818472
0.09673515
-0.6198354
-0.9400073
0.3418428
0.26417756
0.06360887
-0.26162544
1.0104867
0.66794866
-0.19841985
0.42414632
-0.57156444
-0.53679645
-0.14153363
-0.6599112
-0.746156
-0.66914845
0.14504732
-0.48914307
-0.37613222
-0.66643935
1.1073933
-0.03021229
0.017346997
0.4970379
0.60647434
-0.6582222
0.32222468
-0.094118
-0.35845393
-0.11999202
-0.2067466
0.78198606
-0.6035964
0.019460347
0.006298092
-0.09560931
0.50057447
-0.17889254
-0.768635
0.9434049
-0.11839918
0.9216267
-0.50695586
-0.04098939
-0.14014056
-0.10189237
-0.09357186
-0.40711054
-0.24683635
0.562624
-0.32803577
-0.09292158
0.05180364
-0.41147774
-0.521118
-0.85276574
0.020056818
-0.39718315
-0.15030086
1.120157
0.47593307
0.28173807
0.3175038
0.6993627
0.3998125
-0.6691646
0.6245997
-0.5484974
0.5768546
0.34877688
-0.692406
0.6577858
0.70835024
-0.16372268
0.1890035
-0.11839431
-0.5848644
0.07909668
0.7004453
-0.28489408
-0.6002807
0.13636789
-0.49260432
-0.26569822
-0.4139492
0.34644565
-0.45277226
0.5698686
0.42855558
-0.111563794
-0.16120517
-0.93729085
-0.34007967
0.30009085
-0.34810522
0.42979622
-0.8700935
0.07149142
0.5136131
0.69868547
0.13192019
0.6319659
-0.9502152
-0.0018802648
0.1144742
0.40389836
0.56215936
-0.6034667
-0.26771203
-0.84928846
-0.38043365
0.104316995
-0.048416484
-0.19605222
-0.3630418
-0.50898993
0.6694499
0.6568899
0.95301074
0.10562873
0.28791094
-0.22078218
-0.37644625
0.074138284
-0.23222527
0.39397123
-0.5128925
-0.3338605
-0.66489595
-0.131377
-0.24735369
-0.10096349
-0.17725597
-0.23049636
-0.089074545
-0.3832129
-0.31523785
0.80688214
-0.2126932
-0.8579491
0.20876943
-0.575966
-0.59994084
-0.5283485
-0.81075025
0.5463202
-0.93988466
-0.31574968
0.38895416
0.58140546
0.4712791
0.1975675
0.30881914
-0.7040338
-0.019734632
-0.029980693
0.91112584
0.17887525
0.60801315
0.06719349
0.3000323
-0.5136139
0.33226532
-0.54874724
0.65505666
-0.54618907
-0.57254815
-0.73756284
-0.7510781
0.83268666
0.70078856
0.7354089
-0.21485281
0.55632234
-0.7400049
-0.9162451
0.8991647
-0.3473854
-0.19518559
0.054904744
0.95180273
-0.7506
0.79940486
-0.4475194
-0.29107758
-0.6846608
-0.20434691
-0.07711015
-0.21833132
1.0641539
-0.95872873
-0.25920656
-0.088793725
0.13807091
-0.044087987
-0.25575224
-0.2597186
0.33641267
-0.050188337
-0.17193282
-0.9942124
0.3129626
-0.19324467
-0.10582005
-0.5797459
0.4697549
0.46490332
0.8159082
0.16367592
-1.0113511
-0.3454237
0.23260757
-0.53476804
0.5812801
-0.57698286
-0.086464845
-0.1630488
-0.33755955
-0.36295837
-0.3437033
0.55868
-0.5706002
0.39729396
-0.81145173
-0.35047176
-0.16160347
-0.9225473
0.6207828
0.17981671
0.83231086
0.737638
-0.18611379
-0.46872857
-0.64842707
0.20120934
0.13950808
0.51294124
0.0016657888
-0.44387406
0.51012063
0.56779665
-0.51809317
0.15060233
0.012435203
0.15709199
0.86181355
-0.236067
-0.10137577
-0.30692938
0.26003984
0.18252686
-0.8013676
-0.57346636
0.18928364
-1.3220932
-0.183434
-0.34009507
0.903368
0.97768927
0.457835
-0.42410797
-0.094923876
-0.5784203
0.22194387
-0.4383016
-0.38118342
0.52295357
0.38240445
-0.13419528
0.09564178
0.44404593
0.7005976
0.08098392
-0.5280213
0.0063210167
-0.0029916605
-0.018561844
-0.05271297
0.28404272
0.4863227
-0.815646
0.5925138
-0.34245878
0.41090426
0.079549715
1.5506042
-0.47221744
0.40196568
-0.7254476
0.28208113
0.524801
-0.23115206
0.295825
-0.20300528
0.11562084
-0.8183387
-0.5892207
0.19733348
-0.8075417
-0.24568339
0.68392855
0.86516213
0.24209876
0.22651525
0.15370302
0.7151726
0.037139583
0.80300826
-0.4432045
-0.20374301
-0.38026664
-0.33822903
-0.56028
0.6501928
0.96060354
0.331587
1.2491924
-0.78106034
-0.7105132
-0.63191026
0.4633351
0.26400486
0.97375727
-0.42852393
0.011305396
0.4883944
-0.024809139
0.30969965
-0.7886732
-0.04362902
0.44285744
0.59554976
-0.41028398
-0.15440962
0.23906757
0.66006416
-1.3391086
-0.77235
-0.8028558
-0.5634746
0.91759455
0.66736126
-1.0703642
-0.37471226
-0.42944
0.71728104
-0.4230361
-0.64357334
-0.9386344
-0.23215562
0.75804955
0.82343817
0.79444855
-0.6038432
-0.6164169
0.20165913
0.98527133
-0.8170262
-0.23451243
-0.1573803
0.53094584
0.087448664
0.8528774
-0.5181343
0.048747133
-0.20872301
-0.3895642
0.7475495
0.23617727
0.43927398
0.35781783
-0.6465314
-0.46879077
-0.31554332
-0.35625732
0.6359986
0.42599672
-0.6518212
-0.6998624
0.053323533
0.68087137
-0.44577682
0.10400246
0.59092134
1.0765884
0.15350817
-0.76118827
-0.19508143
1.2363422
0.20833616
0.27962923
0.4638534
0.965301
-0.5244592
0.105964154
0.6312741
-0.35328212
-0.35311908
0.123809956
0.645178
-1.0431758
0.3003924
0.032262217
0.33529878
1.061227
0.90642995
0.5380116
-0.49874625
-0.049295653
-0.8772243
0.41071746
0.6920791
0.4341077
-0.0017998443
-0.55785793
-0.6575706
0.681807
0.39278796
0.7436768
-0.4767508
-0.8887904
0.17072167
0.22328892
-0.062543005
0.34870434
-0.14224046
0.18074572
0.26938048
-0.16655603
-0.42565456
-0.39294666
0.11758409
0.784613
-0.5856521
-0.5755072
-0.11706868
0.82294846
0.56448257
0.41562742
0.83806187
-0.5143309
0.95191026
0.05973428
-0.16703475
-0.15109691
-1.116386
0.42838684
-0.07701928
0.020116292
-0.3657531
-0.25330624
0.33340594
0.5171049
-0.23901494
0.52899146
0.3362514
-0.45192483
0.7431416
-0.4397142
0.6854634
0.17039575
-0.075639516
-0.813013
-0.009553341
0.14052892
-0.8130686
0.20495772
-0.35340163
0.4690563
-0.87311757
-0.055471394
0.63771194
0.5324375
-0.4190622
0.9270643
-0.6130252
-0.49105188
0.05441802
0.56118786
0.21813469
-0.22419712
0.6604823
0.11542822
0.043483913
0.14345868
-0.15169108
-0.66992307
-0.6603258
-0.90222585
-0.75389606
-0.167936
0.47558305
0.6404756
0.046010245
0.055542745
0.033483136
-0.8741287
0.026025804
-0.3750172
-0.010465247
0.59208196
-0.4147369
0.10325565
-0.1186951
-0.41228703
0.8012887
-0.14359544
-0.19383015
-0.08030622
-0.47431272
0.42746806
-0.65440255
-0.36571604
-0.004613936
-0.53773195
0.9636091
-0.21324122
-0.31590924
-0.11220465
0.008093536
0.2520385
-0.33934075
-0.05849469
-0.23610713
0.24033923
0.19854125
-1.1452461
-0.09978116
0.2027743
0.3519377
0.75498384
0.61437035
-0.45395422
-0.8374628
0.9371078
0.036788218
-0.5215534
-0.89034104
0.6444695
-0.25762025
0.47884232
-0.020479428
0.21068668
0.3098875
0.3111939
-0.56832767
0.42896044
-0.15393402
-0.19298588
-0.2611773
1.1496408
0.46690145
-0.20484406
-0.049840014
0.4481735
-0.23381062
-0.4355638
0.19152918
-0.82862633
0.61248887
-0.1577362
0.7868612
-0.7672581
-0.53239036
0.39117992
0.8526683
0.75437146
-0.3970453
-0.54731476
0.14667042
-0.015518895
-1.005783
-0.15672116
-0.3295624
-0.14525753
-0.47851712
0.116992295
-1.1677632
0.580439
0.78464675
-0.54768586
-0.7435952
-0.6560933
0.22102666
0.29132137
0.38211352
0.20003861
0.26938465
0.019548729
0.41034457
-0.79901534
-0.00403795
0.23897253
-0.5230237
-0.5041869
0.55694103
-0.2861607
-0.47085908
-0.7234933
0.7083833
0.5085185
-0.10553767
0.36102366
-0.7385906
0.13360077
0.022152998
-0.95324016
-0.8124789
0.39705318
0.15331127
-0.605805
0.33124554
0.5596659
-1.0324923
-0.16892348
0.6115276
0.37196925
0.53976125
0.39193642
-0.6446932
0.8917815
-0.62439376
0.9714475
-0.6720267
-0.6891553
-0.596565
0.147402
-0.39005753
-0.06829226
-0.58578616
0.25052893
0.267268
-0.6366842
-0.060355164
-0.31369177
0.14543068
-0.739157
-0.070891805
0.7178647
-0.4487286
-0.3128564
0.13654423
0.011925998
-0.29689682
-0.57256943
0.17112726
-0.89656043
-0.122689694
-0.7112198
-0.7981529
0.5589333
0.3635517
1.0165802
-0.78624177
-0.38198844
-0.6589894
0.029559415
0.9797774
-0.20241034
0.5759664
0.0087502925
0.61963034
-0.20300023
-0.18990372
-0.51746094
0.7164398
0.19669075
0.9144028
-0.85850793
0.16975772
-0.6890291
0.82753354
-0.28177366
0.17735846
-0.032714635
0.9810405
0.98952466
0.78689504
0.50846326
0.6780689
0.71217173
0.039857097
0.4267076
0.12887457
-0.19476524
0.46688712
0.43416032
-0.58723795
-0.37736583
-0.40265632
-0.12369238
-0.12160639
-0.13233168
0.6050858
0.06771248
-0.7626132
0.946591
0.13334236
0.23228572
0.04904968
-0.17818807
0.5821456
-0.57887197
1.171638
0.8332133
-0.24867257
0.12959895
-0.4618263
-0.69368756
-0.06806976
0.28962815
-0.34934926
0.45176768
-0.30894372
-0.88292634
-0.03226585
-0.5636169
-0.06962229
-0.17042834
0.7324374
-0.5284776
1.088923
0.58918256
-0.8153141
-0.56068915
-1.0617367
-0.020309743
0.534327
0.6134199
0.06588235
-0.28306267
-0.49144545
-0.60289365
0.50817543
-0.29566163
0.36904535
-1.1096672
0.36993143
0.031953357
0.29444978
0.7189518
0.75173664
-1.0387553
-0.33559602
0.53501487
1.0811709
0.015657568
0.42182463
-0.7384361
-0.7373745
0.15009761
-0.40848643
0.6478795
-0.53513753
0.6003615
0.02473309
0.8866787
-0.07579581
0.35107106
0.41204542
1.0782845
-0.09628365
-0.022740258
0.7705529
-0.15397386
0.43404213
-0.34168527
0.7777791
0.021724962
0.46113136
0.051277146
-0.1728943
-0.73586845
1.1277754
-0.15283418
0.23204687
-0.89987516
0.1305969
-0.35832396
-0.24700613
0.42142954
0.8419483
-0.22434935
0.08370495
-0.7988839
0.30443615
0.064837925
0.30423114
-0.4489512
-0.7354554
0.24309325
-0.558055
0.21659319
0.44767368
4.991744E-4
0.057715096
-0.3366598
0.52921844
0.36585748
0.14751518
-0.022477811
0.14389472
0.77650213
-0.63066757
-1.1034358
0.35864112
0.420033
0.25638664
0.29097793
0.07335707
-0.802207
-0.9688275
0.051162124
-0.6573046
0.96245635
-0.53600127
0.7182405
0.20016222
0.88379735
-0.82963943
-0.645272
-0.4118795
0.5729305
0.1646939
0.13183391
0.3515276
-4.920102E-4
-0.4180512
0.10416475
-0.20925102
0.6351909
0.49348745
0.8909029
0.2929204
-1.1992507
-0.3724841
0.8659197
0.7470425
0.34396487
-0.8687054
-0.37756655
-0.058245946
-0.5080185
-0.8458211
0.6061769
0.24682197
0.16264322
0.19030444
-0.1615406
-0.8040004
0.46815485
-0.42138666
0.86132795
0.29330465
-0.8564338
0.4947523
-0.3809925
-0.26718086
-0.6017882
-0.66757745
0.52332985
0.652508
0.21982388
-0.44394624
0.76439595
1.1562217
-0.87330365
0.4722846
0.43004134
0.028300047
0.7806482
-0.046101164
0.66031045
-0.18166152
-0.28729028
-0.87644935
0.51010096
-0.5152714
0.61256665
0.24811426
0.36421
0.045043066
-0.047230814
0.13927735
-0.29196477
-1.1282599
0.16861428
-1.0140054
0.3368
0.2587908
0.5866926
0.41232747
-0.24653316
-0.68752587
-0.015087903
-0.6648631
0.50509876
-0.6914466
0.9084156
-0.46893916
-0.061100654
0.40611747
0.042376634
0.35465914
0.09577548
-0.7986628
0.2698667
0.23336264
0.912885
0.065505855
0.17561075
-0.62635964
-0.1904785
-0.5424669
0.7286175
-0.14407708
0.57345515
0.26299274
-0.389168
0.7263589
0.075992905
-0.13488531
-0.9738175
0.7911742
-0.3467396
-0.874163
-0.18942964
-0.48939613
0.60836154
-0.5664789
0.08378651
-0.79126936
-0.34186837
0.32719132
0.60403526
0.6707468
0.3753247
-0.6687046
-1.0971189
-0.61270547
-0.4840645
-0.7263047
-0.045801677
-0.45031014
-0.9900953
-0.06191774
0.29046214
0.35802117
0.17857099
0.061484154
-1.0739466
0.93393636
-0.52529114
-0.5830801
-0.033125926
-0.3720002
-0.2741743
0.19453822
0.20498942
-0.91752416
-0.9066499
0.49856144
0.49752045
0.8579397
-0.66117775
-0.15379506
-0.11784731
-0.33539718
0.27967784
-0.6334477
-0.6042584
-0.13708857
-0.08898761
-0.35802117
-0.27060002
0.24545805
0.026826922
-0.7653446
0.86942077
0.66404974
-0.4418762
0.81871754
-0.35993174
0.13695873
0.76575667
0.7595511
0.18453847
0.23481262
0.22479394
0.56065446
-0.48773518
-0.4520146
0.8501514
0.40319237
0.32728842
-0.46816608
0.27920946
-0.24737494
-0.037282616
0.42745212
-0.8928643
1.1092161
0.35296658
0.97528124
-0.36294025
0.83017886
-0.57778996
-0.17334649
-0.6494964
0.44097292
0.3086891
-1.0347042
0.7814364
0.6827792
-0.009663747
-0.6534407
-0.026072107
-0.37639096
-0.43230405
0.07589324
-0.039470043
-0.44939443
-0.8183337
-0.5749245
-0.55018276
0.008477016
0.6523308
0.73411447
0.090943
0.4478431
-0.093539596
0.20252073
0.59056497
0.55907595
-0.2647664
-0.38623065
-0.4898742
0.005165542
-0.50542665
-0.24762562
0.30775863
-1.0705568
-0.42667046
-0.42430073
-0.7218045
0.044821974
0.24445456
0.21265125
0.09988316
-0.50774074
0.1963519
0.6093458
0.29361394
0.10144852
-0.7322448
-0.67325735
0.017039243
-0.52386177
0.11711389
-0.41532817
0.049478777
0.3200655
-0.51366353
0.5474776
-0.047367614
-0.1610987
-0.22630031
0.6658581
-0.10049584
0.6466026
-0.16709554
-0.24354084
-0.30572233
-0.14916773
-0.91319656
0.32963538
0.35255966
-0.10831781
-0.74551696
-0.18716064
0.58644396
0.77049315
-0.42024112
0.6261147
-0.3135608
0.026429905
-0.77833664
-0.8950041
-1.0785832
0.22389483
0.48587182
0.76241904
0.64788973
0.6462376
-0.27198693
-0.86501026
0.5797713
0.5210495
0.66109
-0.7238904
-0.71889997
0.2232969
-0.5089396
-0.127647
0.066471264
-0.33770397
0.5092904
0.38216498
0.09496153
0.866664
-0.2779296
-0.08173322
0.04916048
1.4286366
0.9062862
-0.41426846
0.5590379
0.6743501
-0.44863212
0.21064481
-0.55723697
-0.025635488
0.7942157
-0.543649
0.8031285
-0.6245944
0.20878445
0.73756033
0.15621918
-0.12164955
0.7939017
-0.5017724
-0.21824132
-0.24554224
0.7309456
0.9309269
-0.44859672
-0.16634595
0.005446399
0.4925973
0.10980797
0.41940445
0.0654233
-0.9065897
0.63367087
0.10662231
-0.17341754
-0.70924634
0.37384707
0.41136056
-0.75821656
-0.93804246
0.34234726
0.14451334
0.03877781
0.55991405
0.1551319
0.37936136
-0.01591228
0.9745326
-0.06803064
-0.6192731
-0.13847865
-0.4056334
0.18691474
-0.7694605
0.63560414
0.6550522
0.2157364
0.045482676
0.02128319
-0.66475964
0.008869173
-0.48814514
-0.11309347
-0.38230065
-0.22447681
-0.2152028
-1.0058651
0.13145764
0.79429144
0.9339081
0.67065
-0.2314415
-1.077783
0.22845961
-0.036100436
0.49962825
-1.1864558
0.3708766
-0.47128847
0.1899655
-0.71393573
-0.25152114
-0.9388806
0.51229393
-1.2026695
0.94506365
-0.6335307
0.56841505
-0.104779266
-0.2827133
-0.8018106
0.67606336
-0.38169682
-0.25228378
-0.53360915
-0.31691432
0.37478372
-0.32758316
-0.85955095
-0.25059053
0.11330328
0.78181255
-0.83135986
0.51547843
0.26019147
-0.47372696
0.5497153
-1.2807387
0.6151179
0.5484874
0.928325
0.5065558
-0.033117212
0.43314898
-0.16540286
0.260399
1.0708525
0.23561661
-0.07967815
0.10467191
-0.51813275
0.7097481
-0.5434471
0.7677603
-0.40412354
0.835612
-0.43307957
-0.7541486
0.6362705
-0.70637923
0.69775224
-0.38970533
-0.73250467
-0.21372405
-0.89868265
0.24735431
0.16094895
-0.32059464
0.27389884
0.46071574
-0.18646765
-0.47050497
-0.8208376
-0.96655065
-0.53060484
-0.20237777
0.54773766
0.19625401
-0.70041984
-0.87778103
0.3557756
0.1624359
0.066935405
-0.63553
0.56228894
0.19038695
-0.6797566
0.76988006
-0.6420244
-0.92131674
-0.07091174
-0.56198466
0.51506007
-0.50992906
-0.16210799
-0.66173375
0.012214818
0.88730884
-0.4565281
-0.1852962
-0.014270849
0.2943965
0.18846314
-0.18913423
0.17116632
0.60696685
-0.559056
0.14579947
-0.59261346
0.52519584
-0.6045344
-0.42362735
0.7026541
0.17576233
-0.34114236
0.77779573
-0.20850408
-0.7710765
0.66394985
-0.23158717
-0.44919416
0.30258226
0.7986676
0.058040835
-0.83287436
-0.54772425
-0.60141087
-0.37694934
0.5389866
-0.7091988
-0.5889329
-0.13974983
0.05279422
0.81727594
-0.17567901
0.4870889
0.6675356
-0.7180288
0.42498952
0.38571274
-0.3742465
-0.84079075
0.07076304
0.5538776
-0.6567613
-0.32428992
-0.8157093
1.0456398
-0.93075585
0.33076465
-0.50876015
-1.0273734
-0.34889877
0.13991638
0.83497113
-0.3274842
0.078378096
-0.6957493
-0.16554707
-0.4176837
0.53986377
-0.2650537
1.0157572
0.33832568
-0.77249175
-0.42088792
-0.68712866
0.28979862
-0.2011526
-0.38212854
0.18149705
0.19099692
-0.87195545
-0.44949806
-0.7492505
0.30621654
0.3106355
0.40213373
0.9190164
0.6474237
0.3964748
-0.7036013
0.7160076
-0.121748246
-0.86409837
0.40461513
0.18710044
-0.17881879
0.16986875
-0.08027892
0.13183469
-0.5540282
-0.61462444
0.38754734
0.508185
0.27010652
0.5624561
0.116511784
-0.5172341
0.18669522
0.92777014
0.45057645
0.7623725
-0.66504407
0.6632179
-0.31077227
-0.48721212
-0.4248689
-0.6358611
0.50134635
0.57769877
-0.39565292
-0.69485384
-0.30259198
0.0031688618
-1.2545735
1.141924
-0.23798107
0.9645121
1.0103579
1.1591334
-0.37470117
0.5034023
0.4500803
0.38215145
-0.93049955
-1.0494153
-0.028284542
-0.9358001
0.2460713
0.2506771
0.6199799
-0.47771677
-0.77981204
-0.44328848
-0.46842438
-0.8994101
0.3805191
-0.45165902
-0.12538916
-0.5317188
-0.86895746
0.8693275
-0.37321272
-0.9818928
-0.8682643
1.1848683
-0.0093304645
0.39431047
0.32190365
0.03133016
-0.27630714
-0.5303554
0.87859315
0.43648687
0.18010794
0.09087149
0.4004037
-0.6123759
0.5647178
0.77788883
0.655662
0.7348295
-0.04913785
-0.036947723
-0.89676005
0.012103291
0.2691558
-0.118687056
-0.83403206
-0.12529172
-0.9403717
0.27859598
-0.52687037
0.9385338
0.0736838
-0.3384815
0.62887055
1.0550108
-0.9162287
-0.39634562
-0.101770684
-0.96902025
-0.47228742
0.13435537
0.9908263
0.23723362
0.30585983
0.45087928
-0.42134544
0.67391163
-0.79956985
-0.17090032
0.59120405
-0.6927618
-0.15853922
-0.17917372
-0.4027403
-0.6577708
0.076917335
0.025176784
-0.43644506
0.7718378
0.7423172
-0.9510346
-1.0007125
-0.2731474
0.23909643
-0.51592386
0.86567545
-0.6283616
-0.26159048
0.58795786
0.95104593
0.7593528
-0.41354653
-1.1293356
-0.038725704
-0.054080114
-0.6280258
-0.37032986
0.35371593
-0.7005412
0.32356966
0.085079655
0.10851324
-0.6129349
-0.5926458
-1.0403837
-0.70973355
-0.07325577
-0.017897395
0.5617721
-0.2483904
0.30183983
-0.33847743
0.090092614
0.5223363
0.19854401
0.87865245
0.22841412
0.28618258
-0.30551925
-0.29141462
-0.3023194
-0.43261856
-0.50051457
0.6225839
-0.5668781
-0.41703042
0.74008787
0.31640017
-0.03889408
0.70404017
-0.2059236
0.81739
0.36218616
-0.29082957
-0.60391283
1.2319074
0.2501217
0.48999456
-0.50733685
0.030399129
0.806588
-0.2630865
-0.6985647
-0.5713056
0.30157357
-0.2403261
0.13887192
-0.055904236
-0.67765427
-0.049585003
-0.1704747
-0.07351818
-0.53687376
-0.72018427
-0.4178739
0.34412736
0.26782453
-0.67655283
0.67437273
-0.067044124
0.5579938
0.68805236
-0.56174654
-0.81769943
-0.4467126
0.588735
-0.6731398
-0.5319417
-0.3542237
-0.09377541
0.3531602
0.7171271
0.3348548
0.39282113
0.2432842
0.48534155
-0.6117297
0.11173646
-0.15092605
0.50099283
-0.48652175
-0.24538237
-0.5813201
0.3980468
-0.6645626
0.8839636
0.4030558
-0.6278319
-0.2818506
-0.74019986
0.3314651
0.34150296
0.29463646
-0.5454599
0.32848242
-0.5700537
0.39529234
0.38374543
0.6366617
-0.76125795
-0.64622617
0.7088837
-0.02063907
0.42522416
-0.25102696
0.27371565
0.90329605
-0.23568189
0.5048328
0.04130772
-0.050715704
-0.34651637
-0.5839916
0.33476037
-0.6082322
-0.709538
0.8655492
0.18677203
-0.050742045
-0.5550127
0.2357986
-0.37650436
0.12743072
0.03515708
-0.022959895
0.5794417
-0.15781751
0.32634038
-0.4597501
-0.25118676
-0.08729337
-0.516896
-0.7032449
0.47495732
-0.03136921
0.09617095
-0.21990882
0.1664452
0.23412
-0.7829785
-0.89901483
0.45115873
0.7189972
0.9496679
0.37038592
-0.3292721
-0.63202035
0.4965839
-0.036126215
0.77233326
-0.29728526
-0.12663691
-0.73792917
-0.485386
0.89954334
0.45191887
0.042120304
0.06515829
-0.40974453
-0.50498843
0.350762
0.7887764
0.12962042
-0.54879606
-0.6827503
1.0199144
-0.34148175
0.32671028
0.8825461
0.7724611
-0.5316101
1.2228187
-0.5894523
-0.16139464
-0.16155882
-0.44814712
0.84072524
0.34218863
-0.4752669
0.13049437
-0.45886737
0.32127368
0.049511928
0.21520548
0.869686
-0.39815316
-0.82471335
0.4001875
-0.39613622
0.04782343
-0.7227383
-0.15480405
0.8122039
0.4334036
0.3074208
-0.27634293
0.05213725
0.23416167
0.95492095
1.0236486
0.18996507
0.6359395
0.3822773
-1.317254
0.46827924
-0.6284738
0.49832815
-0.29195708
-0.7497332
-0.6165943
-1.0012888
-0.028403185
-0.040094703
0.46600145
0.5412307
-0.04433116
0.3482046
0.53133994
-0.61538666
-0.20576932
0.0052799615
0.65541893
0.52152556
-0.138581
-0.03471239
-0.56688744
-0.4787851
-0.52496314
-0.23745544
-0.18755409
-0.085379355
-0.39870098
-0.32186586
-0.71903324
0.27852908
0.5873103
0.4473722
-0.333467
0.5031017
0.20195144
0.31748092
0.1685287
0.004878115
1.2535466
-0.68294007
0.64593166
-0.15436706
1.0022846
-0.028737212
0.31304982
-0.24130753
-0.28158045
-0.32097477
-0.09254761
0.24252237
0.27785695
-0.16318743
-0.05358649
-0.2005815
-0.35468
0.5731865
0.34346604
0.96495426
-0.029624121
0.49252185
0.7081449
-0.4177161
-0.82902366
1.0255255
0.16539265
-0.06923454
0.084388934
-0.8583878
-0.6544294
-0.034282014
0.053273004
0.32194278
-0.43585524
-0.41646078
0.21168861
-0.14940539
0.29820076
-0.21732205
0.28217357
-0.27325073
0.409427
-0.31280476
0.5895455
0.58224833
0.43222815
0.31668583
0.3543926
-0.010261677
0.6613919
-0.34522352
-0.8353593
0.19151822
-0.14332707
-0.4097265
-0.44744173
0.9854966
0.050973248
-0.060474664
-0.058730647
-1.0135628
-0.22729804
-0.18318927
-0.10110386
0.49191412
-0.110528395
0.4414645
-0.602445
-0.15894517
-0.07855495
0.97470516
-0.94592315
-0.7997173
-0.38361433
-0.510817
-0.52986914
-0.61746037
1.0759321
-0.48649654
-0.6268506
0.18330844
0.9185776
0.72665477
-0.094914414
-0.517801
-0.19495182
-0.42358923
0.42828885
0.36310482
-0.5753707
0.44694006
1.0129844
0.26908845
-0.05168346
-0.049207304
-0.13633735
-0.85289186
-0.2220403
-0.13180915
-0.70385116
0.15915586
-0.24118558
-0.7959058
0.2963518
-1.0273095
0.9105769
-0.46856707
1.0875882
0.45819178
-0.590912
-0.33660072
0.5837832
-1.3662608
0.3462408
-0.21178216
0.42957866
-0.56471086
0.6576947
-0.5627842
-0.34221163
0.4512393
0.18466863
-0.24098895
0.9118285
-0.47931188
0.5384471
-0.07105027
0.3256629
0.6442899
0.09607664
0.9304868
-0.23530558
-0.51366436
0.519342
0.36535448
-0.26495317
-0.5980942
-0.0047924914
1.0017806
0.90511245
-0.51187515
-0.95177996
-0.13671309
-0.4692355
0.25234005
-0.3652977
-0.26577976
-0.16233702
1.0234487
-0.21437822
-0.35239062
-0.99033225
-0.7349716
-0.020580847
0.75848216
-0.2470464
-0.65810734
0.5290211
0.4597053
0.5863176
-0.88332987
-0.0247344
0.42397374
0.8738596
-0.017705075
0.1752088
0.0030202903
-0.5132562
-0.21666642
-0.042452164
0.392269
-0.2174182
0.054980263
0.2211513
-0.15968318
-0.14624146
0.42956042
-0.48530656
-0.5146039
-0.7350103
-0.24918714
-0.50371
0.04946273
-0.097445056
0.508569
0.621745
0.34950015
0.61503214
-0.45595166
-0.46574494
-0.14632504
-0.5740457
-0.6445216
-0.713429
-0.25850806
0.3446717
-0.89870065
-0.22361007
-0.52703965
-0.43293062
-0.8040371
0.630111
-0.06724444
0.7012204
-0.0023925933
0.4666138
-0.16197027
-0.2911993
-0.47229284
0.30597767
-0.19335659
-0.20431753
-0.9565423
-0.17257462
-0.0849259
0.5313517
0.058880463
0.7045046
0.72281235
0.05065755
0.06156672
-0.81582093
0.24350694
-0.28601572
-7.8821403E-4
-0.45077452
0.27610314
-0.19667229
0.38303387
0.06762755
0.28650057
0.51578075
-0.11811522
-0.87751055
0.18871364
0.38990328
-0.27901515
0.2360466
9.04572E-4
0.11155155
0.07471065
-0.6198333
0.58605903
0.3238288
0.57708126
0.616707
-0.28166854
0.5787702
0.56303704
0.1057011
0.39506254
-0.46443796
0.4791389
-0.21096879
0.36339128
-0.49336058
-0.55039483
-0.92522156
-0.025996646
-0.33668372
0.4039397
-0.789736
-0.70442414
-0.8613328
0.43891117
-0.57219946
-0.5491478
0.46705085
0.45295525
-0.59923196
-0.20613663
0.56396157
0.79846686
-0.7377696
0.095868096
-0.23934148
-0.92631984
0.49826333
0.74571913
-0.9229798
-1.6236446
0.9139695
0.15610096
0.20247746
-0.66703224
0.6690134
-0.048990045
-0.1252549
-0.03671325
0.13827664
0.77966875
0.19774446
0.15239686
0.21306206
-0.18651569
-0.5252045
0.50762963
0.12112961
0.03143984
-0.8063762
-0.9397392
-0.11308163
-0.1305446
-0.019695634
0.4229421
1.252191
-0.34606662
0.09794038
-0.42805573
0.64255875
-0.6524908
-0.13801506
-0.8155953
0.75335634
-0.32708415
0.34629878
0.06785855
0.31541762
0.076804295
-0.163361
-0.47341713
-0.36023217
-0.57341784
-0.9618348
-0.21460043
-0.12986521
0.07690549
-0.91680896
-0.08833274
0.10171007
0.8289159
-0.6143597
-0.14443359
-0.42781934
0.95472825
0.54845136
0.37462515
-0.2187034
-0.29554367
-0.22504437
0.054168496
-0.09971756
0.57383794
0.20432264
0.7294443
0.03887195
0.39827922
-0.7801467
-0.12653254
-0.90546936
0.42625436
-0.6805906
0.3325617
0.880518
-0.1552119
-0.24481374
-0.634892
-0.6810062
-0.32278225
-0.20088364
0.5128417
0.86788934
-0.701377
-0.22007048
-0.43791822
-0.384222
1.1523513
0.13568808
0.43558896
-0.8175573
-0.13677736
0.021259923
0.32586622
0.30688304
-0.25079134
0.9368448
-0.36726573
-0.01901328
-0.47981468
0.5930371
-0.3471797
0.17703938
-0.41960353
-0.38272285
0.28421906
0.0077789645
0.2617274
0.4588714
0.11998962
0.14170024
-0.22908415
0.3505122
0.41338378
-0.73370755
0.51142234
0.53891754
0.406169
0.9253095
