0.07401574
0.39861888
1.2204317
-0.121459834
0.9084469
-0.48500526
-0.11321198
-0.19220012
0.087149754
-0.6432855
-0.21740307
-0.75534195
-0.36256772
0.61501104
0.5707149
0.66472554
0.6179355
-0.75522435
0.9465864
0.19782469
0.4990456
-0.4019475
-0.5430843
-0.4178553
-0.60777664
-0.19639277
-0.63909674
0.93867505
0.64338934
-0.2650423
0.6680972
0.26329195
0.5582623
0.62833804
-1.2204673
-0.91714406
-0.5404304
-0.025503956
-0.87096417
1.1481041
-0.5774319
-0.14351483
-0.43413422
-0.4984367
0.2978789
0.2516682
0.26032478
-0.24132904
0.34512192
-0.13167912
0.0016809937
-0.97589296
1.0891582
-0.21504009
-0.42616692
-0.5737439
-0.44482294
-0.42506987
0.5278571
-0.96377265
-0.40575188
-0.12086829
0.1520592
-0.8349727
0.13419835
0.7323862
-0.12682435
0.009550376
0.3878936
-0.5535232
0.93690884
-0.22809955
0.32394904
0.35060215
-0.12123117
0.010625084
0.37825805
1.3403329
0.45189562
-0.81206775
1.0005406
0.102435775
-0.06163622
-0.22665952
0.6190486
0.19155952
0.5383383
-0.41911614
0.73144066
0.78667647
-0.16521452
-0.46210167
-0.2890562
-0.6285239
0.70514125
-0.9334157
0.22824155
-0.5445581
0.50943065
0.32021055
-1.0434505
0.33587882
-0.025910176
0.4342684
0.6784283
-0.73896426
0.28735167
-0.42517534
-0.5303026
0.82808113
-0.90091246
-0.021967458
-0.17517935
0.64865744
0.85230047
-0.25417933
-1.0316722
-0.1811298
-0.47412777
0.23202589
0.36228094
-0.03460117
-0.50897735
0.27080894
0.90036154
0.41536713
-0.65814626
-0.12002087
0.9899531
0.46070784
0.17827241
-0.5224986
0.4649499
0.12068289
-0.51195264
0.13421871
0.0919102
-0.22083537
-0.23487243
0.3829687
-0.1612278
0.33677387
-0.7412428
0.30687657
0.017332133
0.78804314
-1.1809394
0.052311677
-0.73596793
0.5454139
0.274668
-0.16237515
0.27493355
0.64004064
-0.26973087
0.23741029
0.30438337
0.04159931
0.21813819
-1.0871848
0.466319
1.0416294
-0.14759709
0.89305896
-0.4301154
-0.26289147
-0.7802417
0.7520732
-0.6364146
8.456149E-4
0.22465372
-0.69236416
-0.7977631
0.9590252
-0.93194306
-0.51925683
-0.46202296
-0.029232334
-0.3190198
0.42775214
0.4440273
0.20606595
-0.5613783
-0.35790387
-0.475582
0.6283857
-0.11709392
0.7131412
-0.10781695
-0.612356
-0.1515179
0.90412694
-1.0547148
-1.0007126
0.9740045
0.5294993
-0.17167816
1.1560209
0.15060757
-0.1552762
-0.07158219
0.63761777
-0.43634236
-0.22408333
-0.3302196
0.8124311
0.1709214
-0.895801
0.5907177
0.9472203
-0.45387733
0.004889709
-0.4010786
-0.6279747
-0.3409051
0.937697
-0.5622011
-0.14068733
-0.0062096016
-0.48756355
0.52387995
0.54941034
-0.5572349
0.15055613
0.5648047
-0.30162734
-1.1322898
0.8320723
0.89235175
-0.29689002
-0.7714351
0.6470051
-0.7609658
-0.62810135
-0.5182014
0.52742857
-0.3017061
0.32214534
-0.24758478
-0.15641549
0.43700284
0.036690496
0.22198214
-0.038024478
-0.3061506
0.10807682
0.098620094
0.71245456
0.94540524
-0.8597742
0.20994473
0.57114047
0.19991225
-0.80718404
-0.6860846
-0.65656483
0.084636815
-0.19548252
-0.19723864
-0.44406092
-0.0457345
-0.2165826
0.33144945
-0.2700049
0.9761432
-0.6978692
-0.5623445
-0.29444963
-0.13514419
0.233874
0.82620215
0.22636314
-0.6006364
0.29348916
-0.0738359
-0.45034772
0.14821102
0.27762458
0.3447772
-0.4369022
0.36504048
-0.27398494
0.14451696
-0.11236228
-0.14587064
0.21583696
0.4042617
-0.034223396
0.25053588
-0.3108519
0.24285837
-0.56100386
0.5850506
-0.4948609
0.6061162
-0.9564448
-0.15850677
-0.06858138
0.70092535
0.23237596
0.622636
0.6140223
-0.7407293
0.40932918
-0.22121039
-0.11891143
-0.7359545
-0.4740697
0.44816872
0.50883996
0.19335216
-0.6726321
0.8161236
0.17493346
-0.032796357
-0.94206786
-0.5500524
0.2525761
0.93442667
-0.45206654
0.44665894
-0.029678483
-0.51948035
0.22455725
0.36761892
0.49065065
0.6159717
-0.7446151
0.5231421
-0.12319011
0.2584161
-0.84775203
-0.37611347
-0.6847535
-0.28234467
-1.0355464
-0.34074703
-0.045903776
0.06659611
0.59743935
0.2765221
-0.17833942
-0.439826
0.7059733
0.41835856
-0.17151451
0.13530327
-0.14021553
-0.18720886
0.24862616
0.18590854
-0.37975472
0.66286176
0.07821745
-0.43547955
-0.7861262
0.39060673
0.6362157
0.38527584
-0.5886306
0.06212923
-0.14276393
-0.62260884
-0.10443031
-0.10428356
0.18856665
0.23630182
0.20799582
-0.8207603
0.6998344
-0.24059351
-0.4878025
0.588167
0.2761915
0.1279849
-0.30514875
0.85178196
0.22922273
-0.20775972
0.6738585
-0.69699216
-0.17042686
-0.19372529
0.21848084
0.76661515
-0.7388527
1.246856
-0.46351555
0.15724264
-0.26715863
0.10953028
-0.40968227
-0.6614366
-0.10801341
-0.08117682
0.753705
0.5510199
0.23964086
-0.2460715
-0.7787439
0.32408413
0.8904603
0.50791544
-0.7643662
0.20669761
0.0152322985
-0.35388613
-0.20690507
0.14487964
0.7456912
0.13241063
0.76229715
0.5900222
0.018577943
-0.27642828
0.811572
0.7880297
0.6457427
-0.9858445
0.5678954
-0.45720458
-0.04554685
0.47025013
-0.7430656
-0.7177417
0.36528996
-0.9482548
0.55137503
-0.71113545
0.63076496
0.35256177
0.6085716
0.78221184
-0.47930834
0.21774626
0.46614885
0.9321688
-0.53000975
0.3488732
0.6215432
0.536763
0.49413598
-0.26355544
-0.7832728
-1.2110795
0.6896948
-0.3796787
-0.1381542
-0.35827577
1.009592
0.49788302
-0.09972454
-0.47296712
0.6914494
-0.83658844
0.46083182
-0.49812996
0.26892614
0.7799272
0.1314601
0.77781004
0.842444
0.682856
-0.6953673
-0.13197143
-0.48382238
-0.49784827
0.27012753
0.88804895
0.1646523
-0.40490305
-0.4375325
-0.38603726
-0.22908257
-0.056897704
0.13194315
-0.12807658
0.4204328
-0.51786834
0.33348987
0.33473682
0.5995488
-0.47146124
0.5483457
0.8702091
-0.07212184
-0.027097648
-0.70303345
0.68128383
-0.32124066
0.38954994
-1.158603
-0.4848573
0.16999568
0.20814198
0.8603808
-0.09168173
-0.70589983
-0.42327303
-0.030308947
-0.32353637
0.4124787
-0.6078259
-0.6139742
0.5390775
0.46237242
0.9681658
-0.04839016
0.3203615
0.4113866
-0.49514517
-0.21464704
-0.3423312
0.5737056
0.18700354
-0.11498151
0.35834783
1.0581415
0.30845526
-0.83420193
0.6076052
0.059242826
-0.17653176
-0.23201811
0.403355
0.44438764
-0.46269417
-0.3411228
-0.8848139
-0.36501527
0.8950152
-0.7803538
-0.4600507
-0.83164835
-0.61572134
0.3690531
0.7478102
0.05153464
0.32014728
-0.019937923
0.48330614
-0.83791053
0.9504115
0.15698868
0.86960566
0.107302025
0.15191263
-0.4074786
-0.24952339
-0.9601617
-0.5297064
-0.7763852
-0.9213291
-0.40538365
0.6011105
0.5013715
-0.44561264
-0.8802836
0.7774144
0.54827636
0.99224085
0.37028614
-0.06234866
-0.39136615
0.74805224
0.039915
0.20698467
0.010342873
-0.82385415
-0.43984854
-0.22145076
-0.087878294
0.68005526
0.92350787
-0.035170667
0.010371007
0.81780964
0.39618242
-0.3174027
0.39226976
-0.8328463
-0.42631632
-0.5577805
-0.70506305
-0.8843983
-0.13021578
0.7018574
-0.551288
0.6983062
-0.011873191
-0.35179847
-1.0367069
0.43699574
-0.3741403
0.19915333
0.52182263
-0.16438141
0.5817144
0.02153446
0.42138243
-0.17426623
-0.29631793
-0.25318778
0.6869328
-0.3397711
-0.40610516
0.50230026
0.14461088
0.008699341
-0.8166982
-0.52337676
-0.6583281
-0.80793774
0.5888953
-0.37890142
0.35658818
0.08572115
-0.16633601
-0.042346492
-0.5338773
0.3530311
0.11003729
0.052048165
0.52220577
-0.21859087
-0.25018418
-0.3269877
0.21513127
-0.580159
0.10564182
0.8073051
-0.54207605
-0.7402036
0.38388333
0.52226627
0.4900799
-0.103356495
-0.332069
-0.31333634
0.24133278
0.21949561
-0.59882295
0.36695263
-0.39054003
-0.76336336
0.45310548
0.36097714
0.74600565
0.2041497
-0.21440212
-0.7639265
-0.5502765
0.55609024
-0.26029688
-0.3473576
0.7060038
-0.20924021
-0.810287
0.59990585
-0.9469285
-0.31443542
-0.027546756
-0.35634416
0.19255735
-0.4474368
-0.8652656
0.08005279
-0.3239933
0.17470203
0.7026831
0.60697687
-0.62636846
-0.8142372
0.19516477
0.0032768361
-0.007613658
-0.5928915
-1.0364127
-0.11260412
0.3574404
0.607537
0.49763066
-0.00765959
-0.03649508
-0.48037913
-0.08864028
0.32595137
-0.2876677
0.15450126
0.69050395
0.422727
-0.41268018
1.0475199
1.0681484
-0.018591741
0.069862835
0.041135617
0.0111793745
-0.77286357
-0.63241684
0.053269673
0.4294369
-0.13991298
-0.46219116
0.2918724
-1.145207
0.6051916
0.043761827
-0.31013247
-0.5404932
-0.45300648
-0.44438472
0.78102016
0.07018594
0.13985215
0.6962787
-0.26964357
0.16327082
-0.16927142
-0.91124934
0.36629272
0.21943878
0.29404095
-0.67494416
-0.6595212
-0.31785578
1.108705
-0.74485195
0.655548
0.15154633
-0.056580078
-0.79409426
0.23020753
0.40539837
0.35596153
0.21033187
0.06558965
0.6030112
0.41694942
0.5438441
0.6389461
-0.9298307
-0.65236986
0.4337585
0.63266134
-0.057739943
-0.19844154
0.5973674
0.24755067
0.0262939
-0.6724081
0.63185316
-0.57841635
-1.1018722
-0.08080266
0.606131
0.09874928
-0.03055464
0.5035031
-0.6284932
0.46757025
-0.22315238
0.087959394
-0.0496482
0.8033305
-0.76677173
0.3745978
0.19214426
-0.97173965
0.30376968
0.9316848
-0.59309524
0.24257782
-0.5466099
0.33126283
0.46890682
0.080183566
0.3349315
-0.4071839
0.43549013
-0.06734569
-1.0868698
-0.20112845
0.3640321
0.5672383
0.31679624
0.47889712
-0.03574499
-0.38932642
-0.9663422
0.7040634
-0.01314794
-0.7975701
0.06892268
-0.48020118
0.07049954
-0.79678446
1.1409719
-0.76580006
-0.86188287
0.52236766
-0.32659468
0.354833
-0.58823794
0.7874041
-0.05020257
0.3493887
0.15427259
0.8266803
0.7826677
0.6670473
0.30255803
-0.78698933
-0.26049817
-0.5627893
-0.35962
-0.25479952
0.54363126
0.26963213
-0.35530755
-0.2889214
-0.057921894
0.89093834
0.42854643
0.15928353
-1.039942
-0.20045313
-0.37152368
-0.3369837
-0.21929064
0.5987065
-0.20359533
-0.3953397
-0.026040638
-0.8132591
-0.6542965
-0.3933419
0.48566365
-0.38267154
-0.76552397
-0.0021250308
-0.18727224
-0.123901114
0.4556542
-0.11122157
0.539048
0.2215012
0.07072943
0.84682465
-0.25356907
0.7990869
0.8693798
0.2012176
-0.99957263
0.39026797
0.13372381
-0.7171428
-0.54315186
0.83881426
1.0070251
-0.10898311
-0.5394702
0.59393203
-0.03223114
0.26059553
0.20769872
0.64016104
-0.46374387
0.028263617
0.32567635
0.34064656
0.3026304
0.71633214
-0.5167163
0.051182684
-0.3230907
0.80309594
-0.17463884
-0.37109062
-0.3295538
0.38932776
-0.13996308
-0.35218096
-0.013958188
0.6281065
-0.2842281
0.031338647
-0.24299635
-0.13486208
-0.81127137
0.3256438
0.23866515
0.0041103563
-0.5137864
-0.47710997
-0.72517276
0.051494814
0.03515218
0.20137191
-0.41793063
-0.34031862
0.1214066
-0.8206765
0.078690656
-0.22608075
0.9183186
0.37285644
-0.6829118
-0.6996152
-0.67570776
0.5033004
0.13587949
-0.3695595
-0.6533129
-0.7080844
0.7683533
0.6162115
0.8760865
0.8875806
-0.6299737
-0.4779802
0.6703441
0.7901914
0.28892696
0.8368894
-0.007613892
-0.7701323
-0.4803893
-0.88296753
-0.77380794
0.07554157
-0.25420427
-0.6824285
0.7408806
0.1026364
0.7511274
0.6456081
0.3543547
0.64186656
-0.76785076
-0.119477056
0.40815118
-0.14592102
0.44840643
-0.6864692
0.37302414
0.75931174
0.77858853
-0.7912551
-0.40984806
-0.5810617
0.7652402
0.6668743
0.89968735
-0.0614686
-0.24200056
-0.22299185
0.20624617
-0.301573
-0.33897853
-0.018763531
0.27454486
-0.6443193
-0.08764107
-0.68234915
0.21904974
0.53177947
0.6614865
0.5311616
-0.7331402
-0.34700063
-0.34997508
-0.7111151
0.35625836
0.17046963
-0.9955958
0.18869495
-0.5248035
0.9812692
0.48107886
-0.27769098
-0.22626077
0.41890082
1.228892
1.0768515
0.07002184
-0.8627984
0.7203328
-0.97240174
0.78541267
0.21132475
-0.23507997
0.73441106
0.6708984
0.810807
0.19312206
0.35808814
0.7759738
-0.85390323
0.47514936
-0.18657526
0.75945336
-0.54916584
0.5451766
-0.69627917
-0.65318507
-0.6132261
0.94189334
-0.08981841
0.75678515
0.7885606
0.021350535
0.55975825
-0.71550137
0.019952333
-0.6224644
0.51196176
0.420304
-0.3791721
-0.5778355
-0.17102534
-0.048058793
0.659519
-1.1062104
0.43399146
-0.4258039
0.07326059
-0.74053615
0.050991125
0.63148564
0.7470525
0.22428018
-0.9401063
0.4015401
-0.39993387
-1.0502293
-0.1945134
-0.8597397
-0.68820786
-0.2928314
0.919803
0.30342364
-0.19735278
-0.5865749
-0.05632061
-0.5302705
0.060596164
0.24479228
-0.55211
0.27236202
0.439271
-0.7749064
1.101523
0.410274
0.14624926
-0.021996882
-0.26681912
-0.3880255
0.8877263
0.7947246
-0.19765022
-0.3633686
0.35195553
0.47015476
-0.4171866
-0.31894565
-0.3720955
0.979268
-0.5731979
0.28013048
0.30620137
0.40570247
-0.064741276
-0.12717983
-0.46344438
-0.5455124
-0.15112999
-0.9814916
-0.7615672
-0.2002858
-1.2061534
-0.24197052
0.5870797
0.4503212
0.23797937
-1.0067756
0.4525922
-0.18292576
0.07805632
0.05823239
-0.5273034
-0.70170933
-0.2086569
-0.7980128
0.76074797
-0.41749105
-0.6583805
-0.26502654
1.3451775
0.18653396
1.0319875
0.052021742
-0.5116118
1.0932024
-0.11819718
0.77913696
0.7182585
0.4231149
-0.43530777
-0.70319545
0.58210045
0.7076586
-0.9471119
-0.48128176
0.044383876
0.39751178
0.027449805
-1.1010703
0.32213554
-0.14313096
-0.78347665
-1.323677
-0.24594246
-0.037143808
0.22667775
0.13603272
-0.64379853
-0.47230744
0.77730125
-0.33025494
0.06475478
-0.06237794
-0.58689433
0.3768388
0.0778436
0.28635395
-0.08951214
0.44202378
-0.23578994
-0.7080944
0.72906137
-0.70705247
-0.091975905
0.5747046
-0.78909594
-0.77801645
-0.094211906
0.26395026
-0.11474385
-0.6639245
-0.031693477
-0.78105694
-0.022065772
0.12379318
-0.6262941
-0.7787505
-0.30075175
-0.50938225
-0.92782503
-0.35723758
0.5867712
0.20464772
0.5735471
-0.7407809
0.21833128
0.055435527
-0.2385563
-0.14921673
-0.7039919
-0.5272811
1.0297343
-0.46065566
0.9464912
-0.29237628
-0.060557924
-0.19822603
-0.12739088
0.009965122
-0.637374
-0.32785487
0.10929974
-0.6690382
0.6521891
0.06795737
0.6720466
-0.1537361
0.087373026
-0.31860065
0.32261762
-0.13919635
-0.19034344
-0.40611023
0.7088791
-0.19855668
0.21176034
-0.79273236
-0.4085173
-1.052187
-0.47962186
-0.50523216
0.21169321
-0.11574065
-0.3752491
-0.62566006
0.65860605
-0.12326798
1.0324719
-0.15849647
0.5958847
-0.20960546
-0.290559
-0.54699004
0.35379758
1.0927504
1.0505843
0.7485209
-0.6954019
-0.78188163
-1.036363
0.35768333
-0.45779487
1.2487558
-0.3219731
0.686158
-0.13719328
-0.6032692
0.19122517
0.35171193
-0.41927722
0.42346105
0.44708702
0.5443809
0.8219465
0.31581137
-0.4627264
-0.57662755
-0.9889742
-0.16131704
-0.5763532
0.019189266
0.48482794
-0.18322648
0.52061886
0.49435034
0.7128462
-0.3593679
0.27391514
-0.057929333
0.59179133
0.6192375
-0.040043037
-0.72086036
-0.6115049
1.0197042
-0.836853
-0.4683688
-0.20710108
1.0903524
0.66225725
-0.16090034
-0.022975408
-0.88878906
0.5197457
0.0858005
0.8900022
0.5028541
-0.39719823
-0.6177497
-0.2626105
-1.0708771
0.22689176
-0.4286127
0.36118373
0.80844146
0.47971365
0.5688627
-0.14023389
0.73610204
-1.20958
-0.22642942
0.76818484
0.5253714
0.16682455
0.011116041
0.5531754
0.7638352
-0.332424
-0.4290325
-0.135591
-0.35365707
0.6419659
-0.05213398
-0.22936426
-0.39962095
0.5988115
-0.5537212
0.16556728
0.20246017
0.74891126
0.75291586
0.6527927
-0.6407051
-0.5035597
0.7861269
-0.13251938
-0.6318249
0.03623464
0.47519147
-0.93290615
0.2435063
-0.5105122
-0.19644865
0.15148854
0.13203517
-0.17887421
0.59657913
-0.55774
-0.55409545
-0.2793989
-0.03316681
0.01726848
1.0664774
0.2093704
-0.2756045
0.79616493
-0.08620739
0.25981176
0.6132096
-0.9780768
-0.5084718
0.20629263
0.4867413
-0.16612165
0.07424003
-0.042646777
-0.8981829
-0.55645114
0.20183866
-0.11398527
0.23124254
-0.6397153
0.20389007
-0.7220965
0.023841683
-0.53106976
0.03647023
0.44277638
0.40183577
-0.34543765
-0.7266917
0.26152062
-0.21587837
0.14683536
0.83798254
0.60062516
0.24538736
0.30441713
0.14475955
0.18998562
-0.12545943
0.18454677
0.046605498
-0.45748675
0.6966571
-0.1911196
-0.13816701
-0.688712
0.21263999
0.47837093
0.5435286
-0.65148073
-0.004211498
-0.25714514
0.8401284
0.5489783
-0.40485758
-0.39198947
-0.4087546
0.18758844
0.1656818
-0.22501546
0.88790786
-0.049617726
0.5496519
0.35765824
0.53098625
-0.20663667
0.7123716
-1.023841
-0.76597625
-0.43831423
0.10455107
-0.24896392
-0.233456
0.21368736
0.6288416
0.72486764
-0.4184315
-0.21811754
-0.44614983
0.2105898
0.11385197
-0.30660805
-0.24443342
-1.0125859
0.28063974
-0.115583554
-0.0038662362
1.2497016
0.028838633
-0.7858882
-0.4689982
0.6941851
0.6902816
-0.2989588
-0.45830867
-1.1176262
-0.113379054
-0.42850032
0.32121384
-0.75453085
0.63801014
0.51338804
0.1839266
-0.9162552
0.57706225
0.2902161
0.81211925
0.4186383
-0.6030665
0.50888664
-0.1740542
0.37562612
0.13578787
-0.17008185
-0.053830262
0.31645018
0.18708271
-0.8821823
0.16256584
-0.24582258
0.3008312
-0.09322049
0.13239348
0.4277757
0.4055242
0.6539915
0.13716067
-0.67751354
-0.3251996
-0.23220365
-0.63986367
-0.63799417
-0.38450167
-0.8636012
0.7153245
-0.7261344
-0.52072513
0.40210387
1.002564
-0.24137837
0.12647276
-0.0037438245
-0.5966806
-0.70596075
0.2879607
-0.33481503
0.21683387
-0.82599044
0.40276375
0.8046711
0.28478664
-0.058341723
1.1891044
0.41894493
-0.80662346
-0.23370686
-0.21680066
0.2785343
-0.5805994
-0.026306253
0.7089897
0.10334244
-0.7286267
-0.50225466
-0.48334768
0.56707835
-0.7521979
-0.12290627
-0.23719478
0.40733597
0.4029708
-0.03560736
0.09156895
-0.1593693
-0.44393212
0.16514151
-0.15205881
0.73581785
0.34509775
0.7160461
-0.28388494
-0.07250832
-0.28137326
1.197509
-0.403737
-0.09941014
0.63754314
0.43248844
0.4332754
0.21388017
-0.04309284
-0.33400965
0.39065745
0.02717096
0.47540164
-0.67965484
0.4945207
-0.28302753
-0.27002728
-0.81352717
0.13605018
-0.5248541
-0.97028
-1.0020846
0.132223
-0.15297797
-0.081812754
-0.30886388
0.2581811
0.07546497
-0.69801015
-0.25338063
0.092809394
0.12135996
-0.1767409
-0.37255368
-0.76953024
-0.32964656
0.7194696
0.5117757
-1.1372811
0.43085063
0.03214688
-1.0027314
-0.88884884
0.4998156
0.67881155
0.3477234
0.11928149
0.2844374
-0.1685391
0.0283163
-0.020180395
-0.035901237
-0.02625902
0.9628324
-0.38806248
0.05702743
1.2451769
-0.062159687
0.40915683
0.96355253
0.65422606
0.4184868
0.09036907
-0.104879715
-0.5723187
-0.32676214
0.1860002
0.25777328
0.24445572
-0.8339368
0.701054
0.28695905
0.78943
-0.5050419
-0.3612215
0.21041663
0.05059591
0.501035
0.11257921
-0.1233955
-0.586446
-0.08311955
-0.48130572
-0.6268964
0.049492892
0.04363605
-0.25116417
-0.93784386
-0.3762854
-0.36211064
-0.3890179
-0.4072559
-0.5231727
0.010563124
0.6388584
0.20393236
-1.0357716
0.35790345
-0.0040263976
0.42956808
0.24141026
-0.34281895
-0.67597145
0.19702743
0.14864284
0.73514175
-0.63861465
0.05843373
-0.573975
0.68982226
-0.81917095
0.51653963
-0.38718265
-0.3481489
-0.5947294
0.77929056
0.5399004
-0.48707062
0.0040195226
0.7304952
0.81496567
-0.43478948
-0.22176473
-0.5349991
-0.5628316
0.33325586
-0.44755876
0.7125556
0.16177517
0.8298157
-0.123093404
-0.84030455
0.3051733
0.16033027
0.7938794
0.6112727
0.17281802
0.4155524
-0.6728172
-0.43189868
0.1340729
0.07937774
-0.15031426
0.5617642
0.3354191
-0.50428736
-0.84936446
-0.5774092
0.043913368
0.020573359
0.79588324
-0.4629321
0.44647393
0.66209054
-0.3196259
0.8653662
-0.08006632
-0.11884957
-0.538129
0.12405593
-0.21944198
0.69397205
-0.20822616
-0.2806682
-0.52905864
0.3173944
0.29155028
-0.057695493
-1.0255997
0.6623526
0.8014448
0.44183075
-0.51038927
-0.294173
0.8231534
-0.3092956
0.11942762
-0.11773892
-0.4034818
-0.6900622
-0.32580757
0.323732
-0.34537634
0.3768608
0.79320335
0.63115454
0.16368142
-0.4050339
-0.18478157
0.8292475
0.50861156
-0.48138732
0.28887832
-0.013277262
-0.25721613
-0.65898234
-0.1828976
0.13037379
0.21980453
-0.72772586
-0.09254726
0.19925313
0.5056822
0.5452366
0.6280541
0.49351826
0.3554045
-0.25934047
0.39596716
0.6434191
-0.6826885
-0.6267237
-0.73470676
0.53175926
0.28895712
0.77553546
0.33105087
0.44339442
0.5796367
-0.89979744
0.768399
0.5897366
0.5328418
0.39730152
0.83118534
-0.1497991
0.42845157
-0.20891127
-0.4405073
-0.6217108
0.27901185
-0.66552776
0.93830687
-0.22681104
-0.11335713
0.58976513
0.056611434
0.5059236
0.5880363
0.5340559
0.80285406
-0.6850517
0.07389224
0.4255714
-0.2974478
-0.72361225
0.47086084
-0.25463182
-0.5419157
0.6333289
0.6793796
-0.43527362
-0.24490508
0.78638816
-0.056057595
-0.29654023
-0.28891727
-0.35691434
-0.22618829
-0.36417
0.6374857
-0.24292296
-0.44175982
-0.019074704
0.66214794
-0.42322344
-0.48824337
-0.72386277
-0.49354982
0.3712962
0.4601427
0.46404007
-0.33937964
0.26618513
0.88234955
0.5070102
0.9756949
0.66516125
0.50475216
0.31467348
0.5173788
-0.054545846
-0.2895212
-0.31357872
-0.3479675
0.27871552
-0.43442655
-0.38334256
0.6517841
-1.0185409
-0.52488565
0.90500426
-0.011175934
0.74085504
-1.3297805
-0.59725875
0.83851045
0.4601596
-0.26872525
-0.57589304
0.17694995
0.37787256
0.37261912
-1.0983539
-0.5605972
-0.08303738
0.36579913
-0.71812075
1.0194342
0.61283135
0.26394284
-0.85597396
0.21651693
0.20487897
-0.8007829
-1.021354
-0.050176013
-0.63777554
-0.63060814
1.0869911
0.0799852
-0.682188
-0.66521615
0.20131776
-0.531168
-0.8914614
-0.06482195
-0.32624394
-0.52695686
0.34137288
0.68765163
0.286269
-0.20305458
0.60560095
-0.36173564
-0.21559486
-0.18579085
0.7697375
-0.5150138
-0.5752637
-0.22377133
-0.15609436
0.6766927
-0.12569879
-0.84686327
-0.64903945
0.83068526
-0.36796498
-0.48752758
0.55247474
0.6253357
0.8452903
0.5909877
-0.60178006
-0.6872248
-0.13091885
0.26215535
0.080091305
-0.30590388
-0.079963885
0.26998472
-0.0983915
-0.08996965
0.2228
1.0322503
-0.19975181
0.098466516
0.6157255
-0.8883395
0.6315106
-0.53503954
0.83327776
-0.81829
-1.3177333
0.04733079
-0.7348178
-1.2156763
0.22052234
0.5213969
-1.2238009
-0.5181277
0.09286745
0.12813045
-0.12022945
-0.5923503
0.60610753
0.5155334
0.34564254
-0.069267645
0.17142782
0.5725494
-0.15409678
0.55079025
0.9500361
0.09386355
-1.0018018
-0.053315494
0.8222098
0.79136
0.3451562
-0.6869811
0.68317044
-0.2482269
-0.3528408
2.3558445E-4
0.5318173
0.2368765
0.215218
0.37673327
-0.099414535
-0.18356012
-0.034382034
0.18146461
0.37712753
0.407365
0.18221347
-0.7039183
0.8759745
-0.6944916
0.6875476
0.056709226
0.98345274
0.43114933
-0.25290093
0.34670615
-0.62541777
0.98042727
-0.7418076
-0.41380057
-0.33042032
-0.6963596
-0.1607856
0.10922584
0.23050255
0.6711382
-1.1613586
0.97728616
-0.31835568
-0.71052635
0.40226445
-0.23906182
0.33545193
-0.52223724
0.33367613
0.30197072
0.20157714
-0.14009476
0.34018677
-0.9495393
-0.16675952
0.0070959097
0.6110698
-0.7373497
0.69038296
0.49553937
0.46158186
0.13903391
0.61622614
0.062026974
-0.076323494
0.33924866
-0.3594668
0.40837455
-0.5878847
-0.74282825
-0.04282198
-0.23682418
0.7450136
-0.56647986
-0.11826435
1.0602119
-0.23419102
0.60921824
1.0778311
-0.5225844
0.43397853
-0.049399257
0.3776792
0.36839014
-0.032342568
0.5258922
-0.8334195
-0.35368666
-0.05981379
0.5658787
0.65980864
0.73283964
0.09904484
-0.8601052
0.032289065
0.05982612
-0.58914506
-0.23824815
-0.5114335
0.21941605
0.6433261
-0.25057322
0.05383979
-0.34896958
-0.5383791
-0.4083375
0.885577
-0.5820473
0.5839242
-0.77924067
-0.14875855
0.21106207
0.39287806
-0.9253526
0.64506173
0.008985524
0.008833822
0.15723419
0.19306113
0.8840298
1.0541545
-0.47405455
0.47250867
-0.16049564
-0.19600937
-0.8114406
-0.5212531
-0.7235485
0.64759105
-0.11207701
0.99190396
-0.037096504
0.8634525
-0.6853706
0.123695575
-0.06555098
0.049759094
-0.35686916
0.7068151
-0.12517312
0.570714
0.67915875
-0.2668109
0.63099456
-0.5623868
0.47715214
-0.6410687
-0.4018845
0.62064624
-0.11376119
-0.24884488
-0.90203315
0.58515096
0.011343885
0.31171227
-1.0220175
0.5678581
0.117058575
-0.33146328
-0.53471625
0.29607457
-0.97926337
-0.2599958
0.042171814
0.6148248
0.4758316
-0.007816402
-0.9087313
0.2671998
0.25521803
0.40753144
0.787746
-0.61319804
0.47259837
-0.5241554
0.6931889
0.3257407
0.4126508
-0.246543
-1.1084081
-0.44907153
0.15267894
0.7055791
-0.6276403
-0.008241424
0.6837152
0.49949506
0.09048018
-0.011689567
-0.5800044
0.053710964
0.0058716787
0.008474989
0.05012565
0.17949544
-0.5898844
0.032334518
-0.011537326
-0.48583245
0.4730209
0.40823877
-1.0390534
0.38210166
0.2455103
0.09068124
-0.2645116
0.12798207
-0.42662326
-0.45715266
-0.6193086
-0.5685446
0.31067637
-0.8700162
0.92231166
-0.3975883
0.7828737
0.83143115
0.09653065
0.118894115
0.26846042
-0.8008435
-0.68048704
-0.60456145
-0.83161944
0.3366319
0.8243816
-0.31567827
-0.985508
-0.3798208
0.7869316
-0.16488269
-0.22869684
-0.14226486
-0.3963585
-0.9132394
-0.5089721
0.19904083
-0.68700576
0.27423006
-0.08113424
0.526978
-0.78061014
-0.7099431
-0.07153932
0.11448478
-0.46278757
0.4519036
0.67817205
-0.5068183
-0.36067972
0.1487861
0.6423262
-0.17520738
0.3110184
-0.03228818
-0.21901481
-0.2615991
-0.04043404
-0.44658887
-0.019561993
0.7304998
0.303187
-0.41834217
0.6340091
0.2273716
1.0768722
-0.20137656
-0.06328913
-0.095184214
0.50744134
-0.10775286
0.79157543
-0.17591995
0.008377842
-0.039452247
-0.38316545
0.38648716
-0.20743152
0.22520182
0.31450316
0.535852
0.5532343
0.15440938
-0.7939705
-0.78986627
0.50641215
-1.0175639
0.9969685
0.38358334
-0.111480325
0.47213492
0.058947805
-0.62292486
0.052166592
-0.38373837
0.23103613
0.647609
0.4126391
0.8462552
1.0900222
-0.10922904
-0.12534714
0.72040796
0.8615599
-0.30794248
0.5073967
0.18885307
0.6507362
-0.4398398
0.40743223
0.57039493
0.580408
0.6919799
-0.28443682
-0.6613406
0.90316975
-0.06758092
0.92110723
0.10523177
-0.19845532
-0.23750453
0.8330994
0.30115637
-0.7623361
-0.045878973
-0.071882024
0.52883214
-0.77818626
-0.69781154
-0.2812098
0.6735638
0.41559726
-0.33216807
-0.78037596
0.06748563
0.3653686
-0.21284668
-0.068394214
-0.7033842
-0.561563
0.39897743
-0.08687711
0.6351412
0.6012516
0.03756855
-1.1627821
0.056132257
0.9021699
-0.13484626
-0.35203528
-0.32109714
-0.7098918
-0.16904952
-0.084035195
-0.33950397
-0.2879677
-0.187462
0.3831435
0.004631706
-0.115382105
0.69749266
-1.1038414
-0.09754333
0.6457639
-0.6327016
-0.56874317
-0.980104
-0.031991836
0.0904368
0.8586043
-0.8072057
0.44777223
0.5517254
-0.016219134
0.69925183
0.9952322
-0.15238456
0.082060926
-1.1275519
-0.62210155
0.7473049
0.6054015
0.15725262
0.24030262
0.27129665
0.674833
-0.36800078
-0.33893
-0.16523287
-0.32231915
0.37394097
-0.3349075
-0.12645191
-0.08686316
-0.5412773
0.16808265
1.0056305
0.8932794
-0.6871077
0.5115947
0.1284715
-0.26385438
-0.5489882
-0.90672314
0.7372429
-0.03544155
-0.9304272
-0.49937218
-0.6117797
0.07154751
-0.093256555
-0.7783085
-0.17633195
-0.632436
0.5057013
0.7898748
0.014608475
-0.19911261
0.7920505
0.14853546
-0.23321187
0.19044738
0.67063063
-0.10744811
-0.28306007
0.75552934
0.41681084
0.6739009
0.42876786
0.26305228
-0.12029903
0.55906206
-0.8403121
-0.16483267
0.667264
-0.98389125
-0.9530905
-0.39059708
0.5606869
-0.031151513
0.31601626
0.4027503
0.41159192
-0.363363
0.19411065
-0.7436568
-0.3258084
1.0338516
0.045801084
0.019668017
-0.26094788
0.15358579
0.3006596
0.41381627
0.009049357
-0.37007353
-0.4731521
-0.5117623
-0.9779433
0.018455824
-0.9529345
0.15195572
-0.32785264
-0.60511893
-0.5369278
-0.4905329
-0.70193714
0.30377704
-0.3863984
0.71136695
-0.31471533
0.79791564
-0.66724837
-0.4048511
-0.044460874
0.52312696
-0.18013553
0.29215917
0.7474119
-0.29878056
-0.57127464
0.5454846
0.60727143
0.12279294
-0.50064516
1.1330581
0.573133
0.7800833
-0.09835848
0.4396123
-0.08198845
0.27629697
-0.12922606
0.07616028
-0.6728527
-0.36726117
-0.4432856
-0.4727575
9.241302E-4
0.6405114
0.7088982
0.21888334
-0.33332098
0.6885142
-0.022157859
-0.4311337
-0.4255934
-0.6079085
0.021025121
-0.78919995
-0.42101544
-0.9501689
0.32392403
0.41604403
-1.0085344
0.12113925
-0.7075835
0.51858646
-0.64214474
-0.46317467
0.093006425
0.57964253
-0.6674137
-0.11893844
-0.3971752
0.2514521
0.510547
-0.4129725
0.6059572
-0.40182716
-0.12127317
0.37919652
0.7160374
0.32856196
-0.3916967
0.27230725
0.07029339
0.12008471
-0.75413185
-0.45936558
0.30269942
1.0922865
0.37277308
-1.076196
-0.31384575
0.24822973
0.5901435
0.18063717
0.54879504
-1.2399169
0.26731932
0.17612748
-0.5140696
-0.024535771
0.064844646
0.62225753
0.44899642
-0.121462174
0.4940299
0.20362332
-0.60780454
0.35606816
-0.54098696
0.3737197
-0.47790253
-0.5006158
-0.18286966
0.6772618
-0.15511027
-0.4417082
0.8234166
-0.714105
0.8300056
-0.18262687
0.69492877
0.758425
-0.86498797
-0.2321532
-0.43638882
0.055491943
-0.66799223
0.6067083
0.37635696
0.42448786
-1.2051071
0.08201449
0.871501
0.73382574
0.08432315
0.4307473
0.67238545
-0.64807355
0.47935992
-0.5464994
-0.69239664
-0.4696025
0.35222793
0.9624381
-0.4891383
0.066924706
-0.032678284
-0.3726298
-0.896786
0.35777864
0.33045572
-0.022757357
0.027804315
0.054742288
-0.61957467
0.3586031
-0.06633933
0.678175
-0.1883144
-0.582536
0.459553
-0.383352
0.7234098
-0.90401536
0.58831966
-0.1388601
-0.8481826
0.19089791
-0.40436116
1.2045683
0.49460727
-0.17353404
0.105043225
0.5143864
0.73721534
0.6038221
0.93742585
-0.09709088
0.79869854
-0.2640461
-1.0560075
0.12147318
-0.14708607
-0.06971994
1.0471174
-0.74059576
-0.26806056
-0.5034866
-0.17202841
0.6074072
-0.59571815
-0.55253035
-0.6701638
-0.3268596
-0.0013657649
1.0643362
0.5741952
-0.26962337
-0.09818748
0.66339964
0.7748265
1.0772729
0.88997144
0.35700372
-0.22286151
0.65054035
0.33136842
-0.7326686
-0.38863248
-0.42349958
0.42853808
-0.20417964
-0.5195692
0.18232581
0.51724017
0.42416018
-0.48807842
-0.06591626
-0.5660393
-0.012784328
-0.054564536
-0.73987544
-0.31022575
-0.4350063
-0.6252349
0.86474574
-0.0879457
0.4752285
-0.92417336
0.0052641225
-0.74443614
-0.5225651
0.012509919
0.49936622
-0.09486791
0.13462006
0.664072
-0.011021198
0.24853745
0.32740876
-0.26225638
-0.69453824
-0.2733281
0.33084676
0.5752666
0.083253495
0.14647089
-0.71242404
0.4377285
0.09018383
0.25547618
-0.4431525
-0.78592515
-0.18530081
0.9933881
-0.3038424
-0.07350845
-0.013993939
0.3118244
-0.37700284
-0.8775726
0.8036166
-0.47026616
0.6461994
-0.45966792
0.8821975
-0.6527247
-0.54438114
-0.3174146
0.020359326
-0.41753197
-0.58516806
0.028252238
0.32531244
-0.19760624
0.45395187
0.29631728
-0.50640595
0.120725416
-0.4992253
0.19218168
-0.9708433
-0.2634482
-0.8629936
0.60619104
0.65891874
-1.2835178
0.21652836
-0.6210364
0.053322267
0.71736836
-0.11293065
-0.38448977
-0.18215339
0.06376944
-0.7242047
-0.8682372
0.6856364
0.64988655
-0.38976827
0.30600995
0.19603719
0.26944265
-0.08418352
-0.007237109
-0.58940053
0.6607292
-0.14542037
-0.0073637
0.59045076
-0.9899705
0.3656444
-0.6286928
-0.6483686
-0.53904366
-0.5951189
-0.7885662
0.27312073
0.68925244
0.70282745
0.38547403
0.015159455
-0.2893684
-0.6563116
0.6245962
-0.14058803
0.28286383
-0.50957805
0.44267446
0.51586044
-0.51013565
-0.121307984
-0.29794723
-0.41408527
-0.4147541
0.42272958
0.6890589
0.2862617
0.15843125
0.11451515
0.48119387
0.656388
0.34729287
0.31788245
-0.30237755
0.3653671
-0.16075167
0.3092324
-0.22967117
-0.14553864
-0.94819915
-0.3301227
-0.5034664
0.77543676
-0.5473149
-0.7266971
-0.34368315
0.30360624
-0.21732195
0.048520107
-0.016293863
-0.2762444
-0.82832927
0.57139885
-0.74496996
-0.5447182
-0.57406485
0.3063406
0.5093326
0.1442069
-0.041198533
0.39322338
0.221053
0.18106565
0.14770904
-0.22007863
0.012018029
-0.28804228
0.58587027
0.45135778
0.6971515
0.5571762
1.168564
0.0072836047
0.12375479
0.12517683
-0.3293076
-0.47699842
0.76756644
0.56363004
-0.10871483
-0.21313678
-0.016954357
-0.14557451
-0.9246635
0.043826684
-0.9410113
-0.72483766
-0.9577159
0.59478235
-0.39613065
-0.1306952
-0.23591767
0.26317123
-0.7213012
0.7562287
-0.3449195
0.46408725
-0.64538586
0.13892332
-0.36503136
1.0327044
-0.6341215
0.26642388
-0.7490402
0.6734369
0.40109915
-0.33482814
-0.1234605
-0.7651864
-0.1447543
-0.37763724
0.48700893
0.079973444
0.28364837
-0.8387634
-0.67904365
0.32820114
-0.11810158
0.55619323
-0.58732355
0.052525505
-0.090929225
0.34307823
-0.436484
0.82689655
-0.47164735
0.15082705
-0.3984322
-0.51243085
0.06285212
-0.23376326
0.072707154
0.20065261
0.45805928
0.55614173
-0.53173757
-0.22013725
0.2835771
-0.09070006
0.39950526
-0.15043123
-0.44938183
-0.0686081
-0.7223393
0.7614538
0.12544784
1.0791802
0.20427713
-0.87725645
0.68383276
0.69167006
-0.5314105
0.2983065
0.06235724
-0.21184674
-0.17279862
0.1149797
0.18535066
0.812395
-0.40259045
0.15960868
-1.130081
-1.0849025
0.07805805
-0.08489135
-0.26770216
0.34621948
-0.41689673
-0.398447
0.03456495
0.58485883
0.96768516
-0.16488469
1.1571385
0.6149878
0.79304534
-0.6444512
0.85700834
-0.29282466
-0.721694
-0.8855765
-0.94811666
0.26609898
-0.6850275
-0.43568704
0.09310127
0.6932545
0.32171607
0.37455428
0.21505782
0.8494561
0.06993855
-0.4889483
-0.5639038
-0.35394755
0.79617655
-0.30981007
-0.5595953
0.1728077
-0.24749553
0.30380103
-0.08591331
0.51638967
-0.2851786
0.47542202
0.12926933
0.6633751
-0.66343904
-0.87350124
0.24826877
-0.6366771
-0.009611252
0.71766376
0.34072116
-0.3354251
-0.6339665
0.19796526
0.73822194
0.42499742
-0.752275
-0.022454886
0.25735313
-0.23377036
0.19857685
0.74211603
0.25507003
-0.86153376
0.7260199
0.7523036
0.0196687
0.18380614
-0.60501766
-0.21015704
0.49439615
0.33163688
-0.28887555
0.37753233
-0.35822496
-0.2548427
-0.68383026
0.8638317
-0.116613545
0.21848825
-0.35942328
-0.16916995
-0.8246958
0.11196464
-0.05066853
-0.43742344
-0.44947952
0.083455585
0.58921003
-0.2733076
-1.0200002
-0.32118356
0.32162914
-0.40216538
-0.22568072
-0.6841738
0.52633625
-0.45312607
-0.074538015
0.8433604
0.061533127
0.34792328
0.08047237
-0.6293911
-0.5905064
-0.90319806
0.3251581
-0.03276322
-0.452149
-0.22965299
0.008650933
1.186403
-0.04665502
-0.513931
0.7150177
1.1468124
0.024111362
0.35944802
-0.22391057
0.76780003
-0.5491846
-0.062656306
0.05957706
0.8897366
-1.0996943
0.41536635
0.49129972
0.048364766
-0.010758946
-0.0628646
0.71307546
0.041659113
0.1447468
-0.5324706
0.4763421
-0.106238484
-0.060608704
0.031156301
0.65035933
-0.05597766
-0.34514993
-0.07265335
0.16237134
0.53453517
0.4877537
0.63423485
0.06607432
0.5310817
-0.89217854
0.6027663
0.02503199
-0.8088317
0.4580903
0.60879105
0.7025758
1.0209028
0.70320475
-0.008490836
0.14192303
0.50089633
-0.28243187
0.27682814
-0.33580467
0.52469355
0.4480996
0.98324186
0.65434754
-0.17251445
-0.3396287
-0.620905
-0.62910956
-0.45016146
0.3665917
-0.9503195
-0.03475984
0.8848153
0.37635037
0.7675474
-0.10903675
0.030370308
-0.16881137
0.6365972
1.0610873
-0.1885662
-0.6584645
0.22934741
0.19655745
-1.239481
0.74897665
-0.31857368
-1.1162969
-0.08518376
1.2635224
0.36344013
-0.19856441
-0.44936138
0.312323
0.3979249
0.29850087
0.7752162
-0.1979599
-0.8648663
0.29702497
-0.83699644
0.49638999
0.5569146
0.09716251
-0.61692315
-0.90130424
-0.21777302
0.5096142
0.7670428
0.068623655
0.9629056
-0.57996184
0.61474824
-0.28656927
0.04662792
-1.0931432
-0.5378212
0.42804024
-0.22853516
-0.75514257
0.48475027
0.2077722
0.4496194
-0.10102581
0.7232079
0.51330507
0.3611564
-0.33108774
0.6585842
0.813333
-1.0393308
-0.31297925
0.2819711
0.73644155
-0.8016834
0.41879952
-0.20755582
0.54785806
-0.36262277
-0.2114948
-0.064753674
-0.076028265
-0.1183841
0.07183855
-0.11047698
0.88223976
-0.41407663
-0.26195115
0.28693318
-0.19878402
-0.7766795
-0.032282237
0.62697744
-0.35938928
-0.38383666
0.03070186
-0.28526655
0.87916714
0.8237921
-0.3459158
-0.5106777
-0.02836597
0.16723141
0.556743
-0.13077733
0.72337943
0.6090905
0.20961687
0.38860935
0.71509594
0.14544535
0.7594173
0.1343478
0.29483828
-0.04418111
-0.23186636
0.20781188
-0.39910316
-0.501951
-0.59871286
-0.11701162
0.53049076
1.0721043
0.48571417
-0.29636183
0.7124942
-0.13133857
0.5273098
-0.9918645
-0.39013138
0.12096221
0.7864212
0.7388189
0.044243578
0.40986034
-0.37288535
0.03711485
0.32044217
-0.0788813
-0.82173914
-0.2386871
-0.9767014
0.46382707
0.80742574
-0.5714567
0.042045027
-0.3248522
-0.034415524
-0.56256
-0.09402728
0.49244744
0.109723076
-0.10286562
-1.1561456
0.78445286
-0.95411795
0.75173753
-0.35196176
-0.11263104
0.14957525
0.8163404
-0.15925057
0.17865345
-0.26384342
0.31136093
-0.39643994
-0.0043087145
-0.6310541
-1.2537885
-0.16014479
0.6908757
-0.6784525
-0.37644967
-0.38787267
0.3817073
0.0625991
-0.81988204
0.31093812
-0.015833855
-0.26076457
-0.05124768
1.2608007
-0.48275536
-0.5994748
-0.016062837
0.10909409
-0.16052137
0.6027587
-0.16455875
-0.14970672
-0.43212235
-0.22356737
0.62233204
0.7223882
0.67418116
0.0704643
0.90246105
0.003029429
-0.18920216
-0.45449704
0.47345555
0.6057917
0.85823214
-0.5612652
-0.30677697
-0.54968524
0.15649123
0.3963685
1.1613785
0.46162948
0.09375021
0.49686593
-0.4028636
-0.31902742
-0.28204325
-0.08612784
0.098594695
0.44233325
0.36642575
0.07907666
0.81149584
-0.43031228
0.4596973
-0.075620234
0.85233825
-0.17869453
-0.39102224
-0.7783359
0.2974604
0.224512
0.8140849
0.09120555
0.7705164
0.63534135
-0.33514357
-0.20521173
-0.41726142
0.75872016
0.15601698
0.3248138
0.7833482
-0.8965571
-0.19882305
0.03922338
0.049930178
0.11010692
-0.23708223
-0.1543578
0.044526353
-0.013137617
0.8709044
0.074564
0.5690397
0.9034675
0.31064153
0.6155174
0.009321391
0.9600336
0.433999
-0.09567571
0.06905601
0.020808551
0.16444401
0.21240802
-0.52345735
0.61568743
0.60348034
-0.60018677
-0.35933575
0.3634861
-0.2522219
-0.061110955
-1.4040487
0.55330807
0.024176316
-0.30230403
-0.16578147
0.673161
-0.037823796
-0.26186734
0.65393674
-0.57573104
-0.33963233
-0.55851424
-0.92009467
-0.6532326
-0.79112107
-0.602389
-0.5630101
-0.15525736
-0.3408425
-0.43305564
-0.3757088
0.66417485
0.4912022
0.008601044
0.13862003
-0.015242277
0.3047306
-0.43799114
0.17176759
-0.72546554
0.32466736
0.5729427
-1.0469992
0.46816206
-0.29513487
0.21160556
0.115611315
0.5873943
1.1717441
0.56835145
-1.1696013
0.26478344
-0.09725852
-0.18374892
0.10756784
-0.3908147
-0.025193574
-0.61850005
0.22329222
0.19563536
-0.56935406
-0.4820526
0.7072895
0.41087857
-0.34334728
-0.8518989
0.53634
-0.055646814
1.5126812
0.44276488
0.14279519
1.0246314
0.5429627
0.57663
0.66300863
0.5029341
0.6686969
0.20540226
0.25925943
1.0519805
0.46817467
0.4140691
-0.7816835
-0.6232123
0.14268729
0.70127296
-0.09554078
-0.70181215
0.35339698
-0.6688314
-0.23282102
0.30858845
0.24558812
0.2521295
0.24355225
0.22047147
-0.5666673
-0.14334927
-0.29786885
-0.9072518
0.22937895
0.52799493
0.814006
0.054349933
1.1975532
0.26096418
0.31221783
0.502947
0.8607724
-0.75180715
0.01335034
0.57991815
-0.50479764
-0.43574813
-0.26243207
-0.45794994
0.46358648
0.7405859
0.5629267
-0.3314187
0.61491513
-0.6643383
-0.4166635
-0.16458881
-0.50494576
-0.60179794
0.9579136
-0.4411686
-0.3404948
-0.6161
1.2475033
-0.1484358
-0.06462405
0.1324471
-0.6513049
-0.16692461
0.15371788
-0.2486178
0.48436546
0.08575158
-0.6497821
-0.8692781
0.89494395
-0.2336679
0.38198087
-0.10454058
-0.39515844
-0.27244818
0.102433175
0.4713307
0.007323832
-0.4099277
-0.2321978
0.16151729
0.872162
-0.3936678
-1.0309108
-0.8407824
0.038339708
-0.055876046
-0.10313684
0.37602493
0.72984076
-0.14866303
-0.1445926
0.8139502
0.54721624
-0.8498944
1.1649253
0.7337026
-0.6982564
0.8903972
-0.32467848
-0.028370589
-0.8979234
-0.40318134
-0.4801506
-0.04853209
-0.07096492
0.24101736
-0.6013587
-0.6712368
-0.38042426
-0.14412232
0.09865952
-0.5626425
-0.60046214
-0.029027613
-0.6080982
-0.82125705
-0.3208262
-0.23535392
-0.7725398
-0.044465166
0.17893928
0.5373826
0.69282025
-0.3856699
-0.38646638
-0.0911568
0.3036876
-0.40810475
-0.15513138
0.21327394
-0.5487859
0.35508972
0.17789961
-0.8102837
-0.6204167
-0.38743997
-0.6559965
0.779978
0.8186322
-0.9675829
-0.8197648
-0.69585365
0.2712249
-0.39656875
-0.16852292
-0.9457301
-0.64445907
0.5960123
-1.0535226
0.5997671
-0.8863498
0.88818896
-0.52384686
-0.24517976
0.21943596
-0.1808333
0.07413851
0.19199237
0.10561997
-0.07066371
-0.45081735
-0.7825572
0.29128274
-0.64738286
-1.2018845
0.32418448
-0.22110115
-0.32701322
0.8672496
0.6192172
0.21572126
-0.5866896
-0.06814626
0.17475347
0.7907203
-0.39489534
-0.3835053
-0.27437416
0.44628885
0.13541745
0.6289434
-0.6569129
0.63753235
-0.80438644
-0.92003906
-0.27904296
-0.516718
0.1853776
-0.5921631
0.44931117
-0.2746392
0.9645167
-0.10926632
0.14934558
0.3487506
-0.73521763
-0.23071855
0.22479804
-0.07412569
-0.5887749
0.71925586
0.48186025
-0.34173575
0.67242384
0.64240324
0.70766336
-0.6315304
-0.5874241
0.43672404
0.31931162
0.64833564
0.44742578
0.683196
-0.56413776
-0.24213052
-0.2691235
-0.511803
0.83636886
1.259927
-0.25016123
0.67716354
0.15136051
-0.5543954
0.3911802
-0.029051092
-0.08550921
-0.9755001
0.5512137
-0.26152346
0.6205974
0.79421425
-0.5336558
-0.24049793
0.3611784
0.23658814
0.10499388
-0.49938163
-0.4680349
0.5381849
0.4976951
-0.58897835
0.9491801
0.48530504
0.35747734
0.038373508
-0.40362716
0.40470606
-0.13502377
0.4525101
0.38659477
0.69198257
0.062724255
0.12024156
-0.3931311
-0.12859887
0.2123611
1.1699679
0.30343398
-0.7937384
0.2677101
0.107541464
0.02124808
-0.34573275
0.12725729
-0.55337876
0.68982315
-0.90816367
-0.41100535
0.72529334
0.5641424
0.45165443
-0.1861224
-0.58671206
0.23591885
-0.09686262
-1.0319169
0.5442027
0.47217536
-0.7562726
-0.6103409
0.46988106
0.47740954
-0.2923616
-0.9802881
-0.38509488
0.51073694
-0.5677752
-0.6041659
-0.90526855
0.6093401
-0.8463773
0.6603202
-0.624092
-0.5177791
0.3045366
-0.67227465
0.2782079
-0.1830065
0.1392761
-0.6598441
-0.5213521
-0.020089895
-0.8588906
0.7010601
-0.16189937
-0.25627783
0.44750783
-0.6048578
0.67582375
0.36510527
0.7711009
-0.6478242
-0.52266806
0.48344395
-0.5541513
0.48041362
1.1272353
0.108393855
0.5850683
0.60132444
0.46715763
0.2105572
0.6975594
0.19451335
-0.23550528
0.14857763
1.0000806
0.64195234
0.68705577
0.26879644
-0.5774691
-0.34940672
0.6953157
-0.5852734
0.77499187
0.720037
-0.8145741
0.32266748
0.75869924
0.004499908
0.30379352
-0.48632127
0.45126188
-0.6469411
0.4203342
-0.30044553
0.7529521
0.71060467
-0.33297986
0.39357272
-0.36709112
-0.94078076
0.3459751
0.27600613
0.28671452
0.6899883
0.3126099
0.040297322
0.7699557
0.5296423
-0.8295173
0.096578225
-0.46341673
-0.46418315
0.08766712
-0.042328347
0.64076823
-0.76996344
-0.47889143
-0.11470482
0.32834092
-0.10266218
-0.48284706
-0.7781263
0.26314518
-0.3053213
-0.6791495
0.3198562
0.3085871
1.0423852
-0.87660533
-0.7482471
0.5375062
-0.6852568
0.8354057
0.700632
-0.45551774
-0.49397263
0.7990313
0.56163174
0.03160024
0.025611779
0.54313254
-0.6937701
0.7379283
0.56021005
-0.41749305
-0.712147
-0.41630796
-0.36046392
0.8599341
-0.9645803
-0.019130478
-0.39665043
0.6768148
0.8609397
0.20477924
-0.84613246
-0.132111
-0.34115937
0.029202642
-0.0366121
0.47642103
0.2909151
0.42132494
-0.46902797
-0.81993604
-0.6600795
-0.632826
-0.5127907
1.2217681
1.09543
0.45443556
0.6154292
-0.20607509
1.3291764
0.40624586
0.14151269
-0.12981719
-0.2672771
0.38601136
0.951432
-0.03523233
-0.6513558
0.43400112
0.24696836
0.6974892
-0.8196072
0.8202439
-1.0191802
-0.11610406
-0.11537859
0.73985356
-0.5618617
-0.64666295
0.22032383
-0.23620127
0.5043957
0.6970742
-0.8286083
0.5647885
0.6917628
0.095255315
-0.662983
0.5394484
-0.47160336
-0.5814466
-0.640663
0.2954941
0.2858337
-0.18157016
0.18064052
0.5445053
0.43286648
0.2881066
0.5120954
-0.11359814
0.72746396
-0.42625254
-0.5602391
0.3451413
0.94677484
0.23682293
-0.4099504
0.31343278
-0.24565075
-0.79656297
-0.022278657
0.038579293
0.24108817
0.6265322
0.30596167
0.45636365
0.5469453
0.94774806
1.0134528
0.034413073
0.6914814
0.6794941
0.21794155
0.7319515
0.06364282
-0.2539796
0.2269872
0.3205085
-0.34953082
0.5686628
0.034967292
-0.36358413
0.20996793
-0.653061
0.01088716
-0.4506089
-0.21300639
-0.43951383
-0.12228412
-0.4912784
-0.69200003
0.1068736
-0.29455125
0.30812958
-0.16986103
-0.016552538
-0.2259924
0.3802875
-0.20046772
0.56701416
0.65291226
-0.32092065
-0.3501682
0.41821438
-0.40230733
0.27059862
-0.79731596
0.21464667
0.49853948
-0.87172985
0.31334347
-0.15826574
-0.18165289
0.79015183
0.50187606
-1.1072695
0.2960481
-0.90929025
-0.66209835
-1.2061529
-0.56816214
0.7048823
0.80571026
0.5424718
0.07093674
0.0071500316
-0.123720005
-0.08107524
-0.118151166
-0.14881027
0.24317877
-0.30389208
0.35505795
-0.6135996
-0.87323266
-0.27617115
-0.08700613
0.6123064
-0.02035546
-0.6997909
0.21426198
-0.09842059
0.48036888
-0.07273405
0.18224481
-0.16033986
0.65034556
0.45455998
-0.13532397
-0.8002405
-0.8160678
-0.5955549
0.24165653
-0.6634847
0.9640888
-0.6308603
-1.1204007
0.070291094
-0.5879268
0.39511725
-0.4110976
0.31080544
0.7532456
0.31914803
-0.010215854
0.31050733
0.95485693
0.12085403
0.9287898
-0.3471183
-1.1062325
-0.58587027
1.3509803
-0.69957787
0.38776925
-0.7732447
0.06512965
0.19028142
0.5924197
-0.6366341
0.043427765
0.19155882
-0.10660024
-0.19173534
-1.0130833
1.0352508
1.1957316
-0.53139037
1.2496861
-0.022492517
0.44468445
-0.09233068
-0.036445417
0.29738522
-0.6118504
-0.41392413
-0.48553485
-0.3401892
-0.30453262
-0.29584053
-0.311592
-0.27463388
0.14073855
-0.044184428
-0.54700226
0.3873376
-0.15882237
-0.8541249
0.33361405
-0.16691412
-0.5460925
-0.28611222
-0.53523684
-0.6686502
0.8849509
0.8297962
-0.28346893
0.12426325
-0.36921334
-0.44231942
-1.2494724
-1.3954265
-0.30299813
-0.07547614
0.5930145
0.08638142
0.39339593
0.5025424
-0.7456579
-0.12760943
-0.08647407
-0.009025016
0.16847973
-0.8980281
0.16881804
0.6403235
-0.6970913
-0.59221137
0.54528576
0.5760528
0.5123253
-0.5519913
0.41878346
-0.4202806
-0.18598959
0.4361577
-0.1552766
0.026506158
0.28870127
-0.757844
-1.0101684
0.12033163
-0.7063172
-0.47045276
-0.3660978
-0.21113937
-0.6521377
0.8999595
-0.55587465
-0.81548244
-0.8702606
-0.12414659
-0.19504254
0.9776868
-0.47485834
-0.18625991
-0.61223006
0.38943028
-0.25804192
0.34176388
-0.11164321
0.46648812
-0.085510015
0.51074964
-1.0038834
0.08656697
-0.35223463
-0.23450819
0.4715443
-0.6224749
0.6441641
-0.5354492
0.2682982
0.23989636
0.027414378
-0.2949619
-0.9235191
0.8723253
0.8917285
-0.6897363
0.34994707
-0.13336228
-0.30348122
0.60568357
-0.4683351
-0.93523234
-1.0238801
-0.15428558
0.18442582
-0.43706682
-0.06173976
0.52905154
0.18732564
0.37990773
-0.7517951
0.6334173
0.5863164
-0.15693131
-0.24628572
-0.25515097
0.3392366
-0.6799703
-0.22331074
-0.35854784
-0.08517768
-0.0019058232
0.26120633
0.15623009
0.2757041
-0.8963553
-0.36458346
-0.0054250984
0.22094479
-0.058334023
-0.24186501
1.0177357
-0.3244974
0.12739898
0.5516808
-0.109128565
-0.4581533
-1.1388191
1.1354213
-0.44866386
0.49991432
0.4570593
0.3222081
0.016290842
0.9157619
-0.7386135
0.031069295
-0.049865622
0.85501724
0.0021999113
0.5940707
0.7818175
-0.814219
-0.41462955
-0.4146112
0.17051826
-0.6110341
-0.9581992
0.43299654
0.4127302
-0.29255587
-0.4688056
-0.84747446
1.0892946
0.7497607
0.28780833
0.14912875
-0.39281178
0.75105345
0.039364398
0.2780837
0.38682362
-0.6191375
0.020090265
-0.12045522
-0.063103594
1.0183424
0.82167286
0.58664334
-0.95237535
-0.4929572
0.42747155
0.42216915
-0.4428591
-0.08321257
0.5590789
-0.54849756
0.30986184
0.17743231
0.751436
-0.19992395
0.67273635
-0.634195
0.025360743
0.6578268
1.1561962
0.09330364
0.019557917
-0.7475152
0.50193226
0.8527044
0.55138344
-0.23863481
0.7885329
0.21632273
-0.608573
-0.6272126
-0.7783962
-0.7003655
-0.17023227
0.52462
0.90704733
0.45842344
-0.39777642
-0.3188682
-0.12518293
-0.6761477
-0.13544393
-0.8743799
-0.43262145
0.5291999
-0.57179254
-0.398633
-0.31791773
0.49533027
-0.11294704
0.5469464
-0.40610996
-0.58698255
-0.38918576
0.18531308
0.22526231
0.7504201
-0.59096974
0.2443332
0.31606215
0.41102296
0.64616644
-0.5858647
-0.03764145
-0.23296452
0.5939199
-1.2468255
0.07898999
0.022356324
-0.16824271
0.5788299
0.41769266
-0.92352366
0.31416965
-0.18682544
0.16619848
-0.25921214
0.39492407
0.41940477
0.44475892
-0.57260966
0.1346927
-0.5757088
-0.3663222
-0.59154516
0.050316576
-0.75203395
0.111161575
-0.07307727
-0.7202271
-0.33553854
-0.7786632
-0.809353
-0.62451893
-0.5989404
-1.0044849
0.6249164
0.7699535
-0.3330411
-0.083416365
-0.4243843
0.20335338
-0.068193585
-0.593104
0.11932413
-0.06375108
-0.52292985
-0.971954
0.70727146
0.4697559
-0.36773023
0.892152
-0.3518908
0.5419617
0.6936959
-0.866789
-0.0048451712
-0.38017184
0.3603622
-0.19123994
0.087804705
0.5245577
-0.1844546
-0.7209532
-1.1306001
0.40734214
0.014127691
-0.16908722
-0.38891965
0.39223573
0.57259065
0.58607095
0.48699346
0.6920752
0.53690004
0.21379153
-1.1014236
-0.21297672
-0.68196315
0.70753187
-0.108012535
0.2218783
0.62337154
-0.22152208
-0.6938679
-0.147379
0.43972313
0.24628174
-0.18222615
0.723581
0.012535151
0.101362355
-0.30171025
-0.7773345
-0.20924146
-0.14744444
-0.026197784
0.46560943
0.2521321
-0.80903107
-0.16423221
-0.46195212
-0.5501656
0.08790328
-0.18882848
-0.5743702
-0.6769579
0.6394274
0.6597353
-0.2298836
-0.8689205
-0.43716446
-0.2843798
0.983505
0.35245264
0.15167
0.009624026
-0.55495113
0.34001645
0.74142146
-0.7367328
-0.1967912
-0.55255264
0.4035398
-0.6934757
-0.28865126
-0.7824155
-1.0528715
-0.40145323
-0.3848006
-0.1723687
0.9365248
0.026941303
0.56604767
-0.015231951
0.09602817
0.36060804
-0.53673255
0.80906606
-0.23580538
-0.19370821
0.29659364
-0.5019436
-0.20052595
-0.5547034
0.6183772
0.5019868
-0.5561066
0.90677124
0.6918219
0.05996103
0.389309
-0.6890183
-0.09813907
-0.10646395
0.5547352
-0.80467206
0.60807484
0.5065065
-0.111236036
0.32082856
0.6770341
1.0608039
-0.46203783
0.6758461
-0.17393331
0.008403349
-0.054022852
0.6034266
-0.27567422
-0.03200517
-0.46697542
-0.11675688
0.87546873
-0.31182462
-0.1096179
-0.39357755
-0.09074981
-0.7772109
-0.21845488
-0.017578319
0.18515475
0.32967904
-0.5815352
1.0507954
0.5931501
-0.4447962
-0.12894823
-0.068839945
-0.12483493
-0.58855206
-0.8320604
-0.19349226
-0.40605786
-0.67655194
-0.9179594
0.3652625
-0.27241328
0.30939966
0.44721362
0.055417072
-0.09919095
0.72362137
-0.14940178
-0.769071
0.15965836
0.442342
0.1763029
0.32732812
0.64458627
0.58564734
0.30585817
-0.8452826
-0.63486284
0.07386467
0.33787593
-0.7938271
-0.8704062
0.07887286
-0.109698504
0.50635576
0.7210345
-0.13699643
-0.28876275
0.10215188
0.3844039
-0.3026159
0.33667374
-0.78488684
-0.774012
-0.5897634
0.98948413
1.3042551
-0.5220789
-0.36806405
0.12837882
-0.38941374
0.55745345
-0.64326954
0.31901398
0.004384562
-0.74752086
0.15693392
-0.52948505
1.1781552
0.47378668
0.8011682
0.6067256
0.030778158
0.2438977
-0.2612169
-0.4862109
0.67510915
-0.08760824
0.10267001
0.84764653
0.0885394
-0.8990118
0.7810094
-0.4436221
0.730396
0.8780515
0.12494968
0.28066725
-0.29189673
0.9254803
-0.15569079
-0.97430193
-0.2493398
-0.70917654
-0.42621136
0.1334163
0.27912927
0.046732407
0.5771131
-0.16476697
0.99991554
-0.6568848
-0.77740324
-0.6751112
0.5564955
0.8949448
0.47456324
-0.92587763
1.0170676
-0.27956012
-0.5031051
-0.058337227
0.17310128
0.4152194
-0.4317424
-0.99721926
-0.6985522
0.09335622
0.36389297
0.61970085
0.22540052
-0.7184911
-0.17071873
-1.148059
-0.4971607
-0.4425595
0.53625643
-0.70195186
0.5281685
-0.6246128
-0.8075049
0.26167318
0.6093258
0.33282337
0.20740183
0.68856835
-1.0295415
-1.0430921
-0.112274885
1.14087
0.26714334
0.41973943
-0.24386589
0.5845894
0.9586902
0.7257812
-1.0185761
0.21449253
0.6244338
-0.12838645
0.1962484
-0.8154827
-0.3724206
-0.6532285
-0.81192976
-0.55027896
0.7635747
-0.56663185
-0.7704611
-0.20313568
-0.009726473
-0.10840386
0.6741186
-0.5934957
0.40719604
0.8482552
0.49067792
-0.56356335
0.07408201
-0.82445496
-0.42471898
0.40359226
-0.77474135
0.56768876
0.48342922
0.37246987
-0.4791697
-0.6889009
0.9718333
0.117047
-0.12546512
-0.31625426
0.8389948
0.078756995
0.23214442
-0.41631773
-0.3950692
0.1683889
0.503706
0.27185023
0.59333956
0.39665866
0.9974413
-0.8027362
0.52147365
-0.44124755
0.18111101
0.20712699
0.21100634
-0.043179095
0.3842157
-0.7900704
-0.57830703
0.08741474
0.83202523
-0.22342639
0.16170877
0.37952834
-0.5404709
-0.244757
0.34234187
-0.44629744
-0.21521397
1.3119458
0.23138767
8.0512854E-4
0.18045184
0.21530071
-0.6842412
-0.54490024
-0.89425474
-0.044467118
-0.16527444
-0.059448455
-0.22052704
0.47715712
0.13798542
0.5253427
-0.0115130935
0.62677795
-0.31098694
-0.6152293
0.66812307
0.5627872
0.8090765
0.1328814
0.44288433
-0.35458973
-0.29351848
0.7669991
0.5559652
1.0469916
0.7999381
1.0876958
-0.22687508
0.9889258
0.032540206
-0.21449357
0.1911043
-0.2841898
0.48283422
1.0826144
0.25324374
-0.598405
0.113038465
0.1464983
-0.99347305
0.09083588
-0.6530686
-0.87567544
-0.4370785
-0.6232464
0.73668176
0.3706264
-0.038493145
0.8266979
-0.15734182
0.44266927
1.018258
1.0176139
-0.7403762
-0.6163741
0.6214029
-0.4862308
0.42653877
-0.7760511
-0.223698
-0.80243486
0.2201605
-0.8462147
0.78573096
-0.57485837
0.24293415
0.4354497
-0.7759687
0.21019723
-0.6662664
-0.33712357
-0.07622912
-0.3570004
0.14844443
-0.3967453
0.41147435
-0.032396622
-0.008352662
-0.37380847
0.8607507
-0.7835488
-0.16608451
-0.5810399
-0.761593
-0.42892626
0.10367292
-0.2606862
-0.06999486
-0.5522076
0.32081556
0.6462396
0.4501061
-0.047434777
0.8048119
0.24996929
-0.14322817
-0.50300777
0.020188708
0.69774437
0.3015635
0.3401087
-0.4898224
-0.6419283
0.5102687
-0.53034204
0.6517342
-0.764478
-0.30564222
0.6933672
0.6703373
0.17260863
-0.5252097
0.8833498
-0.369508
1.1220613
0.32418856
1.2499862
-0.922901
-0.5590363
-0.26089475
0.75309217
0.063521154
-0.6710889
0.9736937
0.29526895
-0.6552646
-0.7374568
0.1006536
-0.619431
0.6013426
0.13447984
-0.20975123
-0.23695442
0.42113233
0.061245278
-0.06424844
0.28393528
-0.060142424
0.49059254
-0.5806569
0.4660383
0.16060972
-0.8791576
0.7680829
0.868191
-0.7644173
-1.0346708
-0.6547001
0.52518356
-0.63659734
-0.4565034
-0.74836916
0.22349116
0.48725948
0.96345335
-0.5117628
-0.24098027
-0.12448155
0.08034033
-0.07616046
-0.112212844
0.43304944
1.4946647
-0.0755218
0.52348995
-0.049235377
-0.6997575
0.15222311
0.29135156
-0.421217
-0.27083528
0.88820225
-0.10069144
-0.6588052
-0.011825496
-0.5845095
0.94713926
-0.47943458
-0.26476967
-0.37881875
0.04613138
0.425657
0.5059946
-0.75542384
0.66593933
-0.4358334
-0.5925608
0.6208954
-0.1094335
-0.45741954
-0.64375806
1.0297673
-0.9335165
0.3314845
0.23825452
-0.59738773
0.23717359
-0.3409445
-0.121947065
-0.96087086
0.29724738
0.062161382
-0.3302041
-0.9195217
-0.3088831
-0.25875717
0.6184968
0.5804914
0.047026265
-0.5922171
-0.19829991
-0.40500516
0.74217314
-0.31628108
0.56177413
-0.6406815
0.7121611
-0.8200544
0.5000582
-0.7190266
0.50603235
0.26236343
0.3438383
0.24853325
0.42221734
0.55315495
-0.54907507
-0.9204984
0.78155947
-0.7112359
-0.072019055
0.020573216
0.9773344
0.29066652
-0.14458235
-0.68837637
0.48829564
-0.36914703
-0.3102253
0.07178052
-0.69504833
0.35620975
0.80428356
-0.26013908
-0.11662071
-0.38383684
-0.68795925
-0.4920207
0.51821876
-0.89912724
-0.6348627
-0.4545804
0.7807724
-0.44420102
-0.47638845
-0.089156166
-0.2395751
0.6624949
-0.028603498
0.94518846
0.7545996
-0.3721609
0.6649352
-0.76537913
-0.35702252
0.085778885
-0.11434268
-0.82524145
-0.8380768
-0.79029036
0.83862925
-0.23251654
0.84410363
-0.6400847
0.75016654
0.58783114
0.20666753
0.34499285
-0.7451338
-0.81756
-0.6881967
-0.6912646
0.4610837
-0.4560845
-0.10305247
-0.75374085
-0.030332461
-0.45162198
0.33382553
-0.100816324
0.19921039
8.47065E-4
-0.38152882
-0.35652038
0.053297877
-0.0052555283
-0.78956896
0.76864487
1.2502456
0.6104158
-0.15000552
-0.8251602
0.06688846
-0.9404251
0.28239036
0.2187535
-0.15902202
-0.7404471
-0.19731402
0.99000263
0.9480461
0.49655157
0.2049375
-0.34109405
-0.7205459
0.5100858
0.12774329
0.99981827
0.14618248
0.7071684
-0.095365256
1.0912251
0.37472656
-1.048273
0.20647946
-0.09734179
0.67214805
-0.72809553
0.82621205
0.031505086
-0.4572097
-0.26572746
-0.5894093
0.44025567
-0.39535224
-0.083665155
-0.0964265
-0.07345055
0.44794583
0.064443156
0.30187806
0.6020031
-0.078420445
-0.28112823
0.20077305
-0.044832416
-0.28013197
-0.13863464
0.45609584
0.70332843
-0.09469832
-0.3952472
-0.035984825
-0.1138091
1.0313771
-0.49463248
-0.29644167
-0.69312817
-0.614087
-0.87458265
0.39365795
0.60947216
0.36526933
-0.4515526
-0.070441775
0.119048625
-0.8425619
-0.64412856
0.49395767
7.0583614E-5
0.5647115
-0.45712933
0.25414628
-0.8764693
-0.37358576
0.7788485
0.3691126
0.7001326
-0.05173067
-0.18921351
-0.13011885
0.5291114
0.81126106
0.87958074
0.50907457
-0.24736378
0.11966938
0.9509117
-0.73958457
0.043927584
-0.5567
0.4880084
-0.86567456
-0.61900604
0.6050156
-0.13674194
-0.10482331
0.40056038
-0.4950564
0.4895842
-0.2607734
0.89322877
-0.4568665
0.8686435
-0.38377306
-0.22221085
-1.0075617
0.73952234
0.5067941
0.23713684
-0.7665179
-0.016261267
0.90793276
0.15084949
-0.26151028
-0.49165085
-0.96206
0.72106427
-0.19265412
-0.46579543
-0.2666437
0.65542346
0.58675766
-0.01825565
-0.5572122
-0.009641502
0.20738964
0.18856236
0.008799385
1.0713545
-0.68816954
0.25030848
-0.46490467
0.28891703
-0.19332092
0.80653
-0.0023068073
0.58039707
-0.3213178
0.37422886
-0.65748185
0.14344615
0.40608206
0.8868837
-0.57227635
0.77582985
0.8611807
-0.32609975
-0.19745041
-0.6166335
-0.45904875
0.6180444
0.685606
-0.2864533
0.1597145
0.9262101
0.39187875
-1.0151647
-0.32744998
-0.018541938
-0.5089641
0.24416703
0.17500588
0.5583102
-0.8305254
-0.87226105
-0.22327983
0.71713424
0.5774657
-0.05748858
0.39305854
-0.43901083
-0.38979277
-0.61246735
-0.960433
-0.3938036
0.22704364
0.33369312
-1.0170989
-0.612085
-0.20165701
-0.74274564
0.052108854
-0.6071508
0.44682077
-0.52467364
-0.15141976
0.53376424
0.49327928
-0.88019
-0.56305695
0.56876814
-0.3995262
-0.49727356
-0.61277944
-0.43913308
-0.2353741
-0.4913558
-0.059144076
-0.06102046
0.32073313
-0.5794748
-0.8274871
0.7026926
0.64096004
0.1730866
0.45747733
0.102135584
-0.4972844
-0.5474854
0.50022507
-0.28042
-0.14399847
-0.053955078
0.7177847
0.53693205
0.025876703
0.085580215
0.40126905
0.5525041
0.54094315
-0.6453366
0.97807366
0.08756536
-0.0590169
-0.40891388
0.38975418
0.28040627
1.0351194
0.015641011
0.12717034
0.9155973
-0.39539015
0.036472987
0.63258153
0.40399626
0.23613717
-0.6674809
0.02728458
-0.6877249
0.045793902
-0.6212662
0.6680073
0.612094
0.20078212
-0.4545019
-0.55496436
-0.2740471
-0.3279319
-0.11378444
0.09987779
-0.17561552
-0.7898876
-0.21302582
-0.11946638
0.40757957
0.9063524
0.57454973
-0.53831655
-0.5206521
-0.6325942
0.6146499
0.6790945
-0.35869873
-0.6996451
-0.6932393
-0.39305985
0.7260358
0.17861754
-0.25006473
0.5914359
1.4321936
0.049114335
0.31519654
-0.14294596
-0.5082024
-0.36212444
-0.6576781
-0.15138942
0.7591871
0.415581
0.27207556
-0.7430219
0.099433206
-0.29426584
0.09712175
0.75916445
0.124765605
-0.80316514
0.5481434
-0.4251107
-0.30534425
0.17368956
-0.11551644
-0.52551985
-0.8547896
-0.029983696
0.0417393
-0.51897055
0.2325958
-0.24056752
0.25526965
0.6083219
0.91365963
-1.067131
-0.2971239
-0.8514511
-0.5693823
0.33511233
0.09104915
-0.16891186
-0.088729285
-0.3052834
0.23754752
-0.25993243
0.49057052
-1.0471843
-0.6251097
-0.29923457
0.13923147
-0.84797984
-0.5837201
-0.39621985
-0.5656067
1.0036554
0.37781066
0.8014398
0.2634348
-0.042501096
-0.7603664
-1.0405736
-0.164058
-0.80164397
0.28088027
0.49473634
0.65212643
-0.38833112
-0.19371283
-0.85840136
0.22257411
0.45739305
0.35866287
0.47758633
-0.07632731
0.7000786
-0.03897899
0.48869935
0.12087584
0.65918696
-0.094826914
0.41957587
-0.9703932
0.33971223
0.2638985
-0.31570107
-0.61616594
-0.17258489
0.7382238
0.58411515
-0.04674387
-0.5200765
0.12843522
0.85599107
0.29923865
-0.28432846
-0.7463993
-0.61151654
0.4061155
0.6761622
-0.18743685
0.425749
0.5044797
-0.3083051
-0.34454536
-0.28401127
-0.6348697
0.039096203
0.11388278
-0.35970125
0.33146292
0.4610986
-0.45976037
0.6553406
0.52533436
-0.3354913
0.6232284
-0.52169895
0.14171281
0.041245718
-0.71290004
-0.07995948
-0.3248253
-0.17812374
-0.08660605
0.6234838
-1.030471
0.026531398
0.7601359
0.6504904
0.54074997
-0.5103465
-0.772599
-0.5951924
0.038270578
0.79207313
0.00798848
0.06333282
-0.012990919
-0.4965392
-1.2723783
-0.65024453
0.31579342
-0.40061927
0.4458809
-0.4627613
-1.0690074
0.44105345
-0.63430005
-1.058976
0.08998142
0.109055266
-0.5501649
0.9469577
0.10075312
0.6231866
0.9798933
-0.5252726
0.30479404
-0.0669115
-0.052028723
-0.86851096
0.47278467
0.88727087
0.17725056
-0.6682318
-0.46842214
0.16565879
0.5202115
-0.7050914
0.6642858
0.31040514
-0.31067902
-0.4570333
0.15085723
-0.12887053
-0.48696804
0.39707026
0.15611333
0.8038124
-0.5660091
0.08944697
0.8540318
-0.3229361
0.093660764
0.57550246
0.37558073
0.07762527
0.88139486
0.45231065
-0.2713034
-0.2681988
-0.08022891
1.6920919E-4
-0.07588253
1.1912351
0.44671932
0.46666196
0.6842028
-1.2594756
-0.11555084
-0.010112313
0.83104837
-0.040378146
1.0052173
-0.53477114
0.2800947
-0.62040937
0.5691932
-1.3105817
0.19720049
0.053522397
0.48745093
-0.10601993
0.5925244
-0.33359957
-0.5004718
-0.5228058
-0.8436848
0.90320754
0.09463415
0.1832317
-0.025770321
-0.566712
-0.2947723
0.51519555
0.23967578
0.10846151
-0.27522698
-0.43787852
-0.9029506
-0.713166
-0.25235733
-0.64329416
0.82605517
-0.25966427
0.6751236
-0.018927846
-0.77088636
-1.0177033
-0.6047919
0.6127014
-0.43783236
-0.10040139
-0.40312266
-0.8163987
0.5943255
-0.31221527
-0.57037103
0.9179181
0.14784217
0.6480742
0.7273395
-0.3908098
-0.5506839
-1.0184633
-0.07556515
0.86092055
0.29484215
-0.7907343
0.7262015
-0.9138289
0.56681865
-1.3272088
-0.025602533
0.43531787
-0.6246482
-0.9931028
0.24919878
-0.28969607
-0.9116585
-0.8763454
0.7377422
0.18027382
0.31644788
0.4038983
-0.62106997
0.71153027
0.26657778
0.34975898
0.8509777
-0.09159203
0.17204632
0.19534619
-0.82911944
0.45460555
0.545819
-0.40936005
-1.0138173
-1.0597112
0.12740368
0.44060138
-0.6278938
0.101414435
0.48810703
-0.49061468
-0.021198167
-0.6261639
-0.34083152
0.4643942
0.22135316
-0.3895178
0.78513825
-0.46789175
0.0017865602
0.32676443
0.21458805
-0.5710048
-0.1494204
-0.024432672
-0.78567153
-1.0415056
-0.80433446
0.11291536
-0.5220428
0.6144695
-0.32296842
0.473118
0.08400929
0.32525963
-0.29874554
0.1796656
0.81290615
-0.7174936
0.8720231
0.5839554
0.39845932
0.038881257
-0.66450405
0.19062982
-1.0812072
0.34719086
-0.23546194
-0.59548444
0.50133604
0.11632325
1.2709585
0.39305758
0.42454
-0.6488336
0.15245399
0.78047556
0.9396025
-0.4818829
0.03639473
0.53756255
0.8927674
0.6318765
-0.6086033
0.32534465
0.9258232
-0.31552273
-0.5205677
-0.42813805
-0.8717317
0.52118117
0.08253601
-0.36928147
-0.88566864
-0.27909714
0.007407727
0.2682195
0.38491693
0.331784
0.25346214
0.60438347
0.13803585
-0.03830768
-0.5242734
-0.48940715
-0.72156084
-0.63106555
-0.93416923
-0.6386422
-0.09540682
0.64423275
0.38366193
0.03715403
-0.71469647
-1.1363466
-0.8039154
0.14582339
-0.4880617
-0.06922751
0.38554993
-0.029019093
-0.49679983
-0.18584366
-0.31959575
0.11982984
-0.53807056
-0.8327855
-0.46176302
0.2748646
-0.7483031
-0.22454855
-0.8005564
0.25487334
0.7726925
-0.33448324
-1.0566416
-0.37606952
0.7421652
0.46521837
-0.60073936
-0.4658338
-0.765561
-0.43778303
0.37848967
-0.89795214
0.60119665
-0.7106389
0.36682275
-0.6813784
0.78960073
-0.8269665
0.73457104
0.7737213
-0.53424054
-0.22527969
0.03920022
0.35640752
-0.012400787
0.31379324
-0.08171288
0.10252839
0.7388886
0.08360227
0.38596782
0.4409674
0.7273853
0.4861697
-0.52265614
-0.34776396
0.74223
0.1652411
-0.5738875
0.8235866
-0.3574509
0.41618618
-0.51686716
0.8274662
-0.67392254
0.062557474
0.48969004
0.32400617
0.015830299
0.8434457
0.2463812
-0.7164234
-0.5442968
1.0690194
0.8130753
-0.19552842
0.5395389
-0.21770187
-0.3072002
-0.70120233
-1.1384323
-0.6370504
-0.15853794
-0.008474397
-0.28908736
-0.10994431
0.9036594
0.8937449
0.14880921
0.13785613
-0.47724622
-1.0264778
-0.6930937
0.15572554
0.6690942
-0.40370032
1.0290565
-0.38366693
0.431544
-0.2420371
-0.28301796
0.57440686
-0.4105248
-0.60253537
-0.22936606
-0.42756316
0.36112395
-0.41999257
-0.26879412
0.38065317
-0.86549956
-0.10758155
0.045055784
-0.06141516
-0.7816265
0.23665138
-0.51855564
0.35356888
-0.33657357
-0.3497267
-0.5114349
-0.6915527
-0.26715067
0.08885416
-0.5513355
-0.59930366
-0.18345284
-0.67636
0.13636765
0.6510229
-0.96484435
0.0192607
-1.0606858
-0.8150143
0.46389157
0.32524973
-0.45783377
0.2500395
-1.0109333
0.23408197
0.23432788
0.2154708
1.1050793
0.018990805
0.39617136
-0.410144
0.6003815
0.75180894
0.27794912
0.087330736
-0.21586044
0.0018111931
0.1564424
-0.22234549
-0.293996
-0.2837486
0.17296731
-0.05732626
-1.0714015
0.5223805
0.05853322
0.07486911
0.28375784
0.6661623
-0.7154519
0.02212886
-0.8983287
-0.3004963
-0.5077791
0.5428022
0.68018407
0.6139943
0.19332485
0.4125046
0.018919254
0.018743744
-0.6564893
-0.07297117
-0.12582089
-0.11412525
-0.44398472
0.236337
0.25157517
-1.1498547
-0.64352417
0.3492255
0.8274082
0.12124479
0.78212225
0.8569547
0.22252966
0.64181924
0.3332587
0.40778354
-0.85109216
-0.045687452
-0.3063378
-0.89150894
1.039371
0.24344523
-0.48158902
-0.14220564
-0.78486264
0.40606114
0.057319622
-1.1305457
0.12931639
0.05873367
0.105414405
-0.050212834
-0.09474774
0.6506825
0.26415187
0.26021108
0.20282829
-0.2971153
0.49645284
-0.3470325
0.33045346
0.8565709
0.5541441
-0.50238574
0.1688538
0.24980195
0.6669299
-0.52573335
0.17987566
-0.37346274
0.21303633
-0.65305537
0.3611659
-0.3699392
0.79224116
0.41751373
0.37734693
-0.0083939275
0.02645735
-0.55804425
0.21074708
1.0101491
0.20586985
-0.17916346
-0.7964788
0.53214866
-0.4287165
0.07554155
0.50469244
-0.32255808
0.78908896
0.5316589
0.79939765
-0.32520393
-0.47852278
-0.46590626
-0.16701469
-0.30290768
-0.9338314
-0.05953788
-0.2773361
0.6583
-1.1328938
-0.3107839
0.26370788
0.6040178
-0.6416606
0.5306772
-0.51888984
0.8250957
0.46806479
-0.33132637
0.9993264
-0.8121704
0.7185194
-0.008083795
-0.8939768
0.17133042
0.2484519
-0.075117074
-0.18100463
0.29474375
-0.80005574
0.7291605
0.577808
0.15973459
0.47928244
-0.58073574
-0.24377164
0.075126
-0.10809233
-0.84744084
-0.22807087
-0.14575417
0.78635544
-0.67392457
-0.10742608
-0.123650596
-0.30601296
0.538778
-0.858502
0.36647323
-0.14070544
-0.0063372348
0.28918868
-0.45203567
0.1205923
0.4861293
0.9242209
0.50973207
0.6878243
0.3100413
0.15810466
1.1803393
0.24740872
0.19772337
0.15816645
-0.5740313
0.13688292
-0.18942557
0.109501876
-0.4939006
-0.32593724
0.20274721
0.51658005
0.79816484
0.18539065
0.5191041
0.017959692
-0.44088468
-0.4640762
-0.041040543
0.29604363
-0.4094363
-0.5263485
0.6528992
-0.30194703
-0.33272666
-0.80402476
0.8276243
-0.24086618
0.5983996
0.24389252
-0.065111764
0.1470773
0.3441741
0.011837046
-0.111767575
0.7670019
0.4424552
-0.22462979
-0.58481866
0.049341496
0.34304625
0.2246238
-0.36866084
-0.27952695
-0.489169
0.22037096
-0.6533886
-0.3903952
0.49990287
0.7590088
0.28180867
-0.13249074
0.49954095
0.3188223
-0.06488593
0.20903978
-0.09676979
-0.78316605
-0.58080316
0.097396076
0.45003566
-0.002371208
-0.8708625
0.5044326
0.9010535
-0.51765573
-0.65146136
-0.37569943
-0.58330977
0.20819214
-0.3678698
0.69491255
0.43916932
0.10066151
-0.8468691
-0.41437465
-0.52777654
-0.961593
0.4557405
0.75038123
-0.5092321
0.22882994
-0.35592836
-0.33882922
-0.1994692
0.6836871
0.36157846
0.23740764
0.0497134
-0.30282184
0.38328952
0.13317984
-1.1759709
-0.10059741
0.31178257
0.36299783
-0.62895805
-0.121744566
-0.6870431
-0.057145886
-0.050167978
-0.017367687
0.43299234
-0.57194394
1.0537127
-0.53247344
-0.46114096
-0.560848
0.35474017
-0.72518384
0.73500866
-0.120034486
0.17163827
-0.35867888
-0.40836176
-0.5394007
-0.57790387
-0.33638385
-0.4481069
0.29052007
0.67658097
-0.25450882
-0.025337277
0.20287172
-0.25280723
0.46223563
-0.39282486
0.20913391
-0.31816167
-0.15968563
-0.92322946
-0.22968145
-0.1707866
-0.3211961
0.5313914
0.3510307
0.23182192
0.29456076
0.32791734
-0.11891992
0.38353756
0.21600279
0.07489949
-0.67866546
0.54423827
0.084719926
1.1107979
-1.0696975
0.21089256
-0.28972188
1.0838472
0.76725435
-0.054879375
0.15122478
0.14469686
0.33808774
0.2822267
-0.014456977
0.8368402
0.6768979
0.20510778
-0.11072124
0.21950103
-0.3283996
-0.7805032
-0.4277545
-0.09052026
0.21902288
-0.01241113
-0.12770441
0.60555696
-0.4034512
0.14080775
-0.046255622
-0.47344878
-0.21629682
1.0252905
-0.7876806
0.192348
-0.17090254
-0.49138978
0.76532876
-0.63056844
0.49653238
-0.51910406
-0.41243052
-0.53879607
0.12660135
0.07424397
-0.5804329
-0.6367484
-0.022159122
-0.02550319
-0.23463109
-1.1723458
1.3743159
0.54487765
-0.2038992
0.09860944
0.004230188
0.78677195
0.49367097
0.29178336
-0.6323471
0.21862656
0.9045075
0.645704
-0.575398
-0.114323564
0.42195815
0.4377539
-0.6023052
-1.2123863
0.83962333
1.0815088
0.48552698
-0.39910695
-0.570023
-1.0171728
-0.34539366
-0.20781304
-4.7241407E-4
0.09571086
0.70366067
0.63701457
0.90188056
-0.65780014
0.4502742
0.3295638
-0.4171738
0.53168905
0.63884866
-0.61968756
-0.20969678
-0.7512313
0.7862794
-0.381746
0.30336928
-0.10483655
0.7678214
0.28804627
-0.36395463
-1.0601736
0.531629
-0.29548258
-0.61898977
-0.16187528
0.05570979
0.6478382
-0.40203625
0.21775378
0.7673613
1.2158332
-0.2647382
0.0020057522
0.31598932
0.1954139
-0.9868435
-0.03950892
0.039557394
0.13392496
-0.5229332
-0.1852033
0.034364544
-0.5091728
-0.117626354
1.3470199
0.37140864
0.38415858
0.44977966
0.23377044
-0.5991273
0.026862798
0.46744013
0.73786014
0.5238826
-0.46026534
0.16629837
-0.4702991
0.035316423
-0.2132601
0.645466
0.31604448
-0.30191147
-0.006301182
-1.2205911
-0.26432344
-0.77759767
0.2973045
-0.28650656
-0.89285004
-0.57077694
-0.16601579
0.3591144
0.31285802
0.28535116
0.4444199
0.36139604
-0.009811984
0.8470459
0.17771646
0.15005994
-0.100830466
-0.036409296
-0.31829205
0.16653383
0.87056404
0.03802142
-0.41050234
-0.34133893
-0.570822
0.03114518
-0.65430117
1.2630539
0.6168027
-0.70071477
-0.07670283
0.20744264
-0.21743383
0.4455117
-0.3219533
0.35382932
0.01792642
-0.5105238
-0.5665031
0.7896333
-0.5134993
-0.09904442
0.067160964
0.1385686
0.77778107
0.3547103
-0.5512632
-0.10916466
0.36400136
0.1545733
-0.005109042
-0.025187863
-0.8460056
0.9630828
1.0111907
0.16621666
-0.64797276
0.1636303
1.0283725
-0.37897006
-0.24692255
-0.7598935
0.48684752
-0.6226814
-0.3436301
-0.32987756
0.54510283
-0.3161503
0.051197063
0.513128
-0.0046751187
0.10011704
0.61516446
-1.1438624
-0.54651767
-0.6664059
-0.08298547
0.3312925
-0.07466367
-0.15070114
-0.05960976
-0.103550844
-0.42753193
-0.87645304
0.14019184
2.2773606E-4
-0.124229886
0.100521944
0.6894557
0.20962033
0.09259894
1.133159
-0.111733526
0.09790054
0.27597308
0.90561026
0.5887953
0.21190716
-0.18440467
0.18762797
-0.17611657
-0.4267809
0.0052031977
0.3958873
-1.2439835
0.28839922
-0.94045466
-0.30052936
-0.52506655
-0.45186448
-0.31782925
-0.19225109
-0.503962
0.56682664
0.3338166
0.6847909
0.041151818
-0.30396262
-0.18566763
0.6723138
-0.59963316
-0.06567511
0.55230576
-0.35001948
-0.31503612
-0.4851603
0.28673503
-0.070138626
0.26601356
0.2429834
0.48103207
-0.4917968
0.050885387
-1.0541137
-0.70027524
-0.31555688
0.5082519
0.6352682
-0.797935
-0.6590076
-0.13659844
0.13303453
0.3515414
0.13971482
-0.7982309
-0.69957906
0.20843624
-0.2946492
-0.26473913
-0.73727095
0.3383473
-0.5254541
0.05151268
0.07044156
-0.83536154
0.120298184
0.4186037
-0.9258605
-0.055832386
-0.5409955
-0.07784268
0.61302704
0.22050282
0.12982441
-0.92768586
-0.38021296
-0.111948505
1.2123215
-0.018736934
-0.10940805
0.0371879
-0.4062701
-0.6168245
-0.14060637
0.3154844
0.1537736
-1.1868093
0.28959507
-0.039195824
0.5602955
-0.28674647
0.8957571
0.21837568
-0.6395082
-0.21175835
-0.16185312
-0.882349
0.10321817
-0.253778
-0.14679976
1.223634
0.45935604
0.6499662
0.6459873
-0.47450408
-0.77652997
0.17524345
0.7909573
-0.059539694
-0.9611549
-0.4722041
0.4247118
-0.16806751
0.54909885
-0.46950653
-0.17835101
0.2625776
-0.19880268
0.44126546
-0.11630331
0.390007
-0.9330624
0.821998
0.4110443
-0.22910511
-0.3150594
-0.36511803
0.83814764
-0.40710473
0.42017737
-0.5888894
0.75075036
-0.21215646
0.4505035
0.48737213
-0.4464047
-0.023060113
0.7398324
-0.6795896
0.18465137
-0.44194746
-0.069360174
0.030979635
-0.78289634
-0.9156022
-0.27064073
0.2469932
0.51158005
-0.21588413
0.24105367
-0.6638626
0.43304333
-0.5637759
0.57220316
0.668947
0.21134882
0.67652446
-0.031302232
0.14055638
-1.0547779
-0.651664
0.06546085
0.3564552
0.6415294
-0.16983995
0.43875864
0.2978823
-0.09591793
0.07930502
0.59883976
-0.8235349
-0.5134121
-0.9938253
0.627645
-0.3205133
0.5481721
0.001447411
-0.05989554
0.05928846
-0.7497302
-0.39944088
0.52734154
-0.7455272
0.49570447
0.061342783
0.34375435
0.024634467
0.09630123
0.38156694
0.6882212
-0.11407191
0.36102295
0.5204597
0.23335347
0.7943578
-0.77663547
0.56051946
-0.57837164
-1.0585141
0.11274168
-0.6125294
-0.06326809
0.45209712
-0.19499099
-0.03960988
-0.26788262
-0.18565612
-0.079536594
-0.6838086
0.94758064
-0.13804986
0.019978523
1.1252847
-0.51628464
-0.30541784
0.533162
-0.21024898
-0.73447084
-0.2664613
-0.5334904
-0.14501095
-0.84142756
0.94233024
-0.19635889
-0.3496259
-0.40851536
-0.7197418
1.2494371
0.31643367
0.36957353
-0.5505253
0.18064362
0.11470804
0.4903121
-0.022502527
-0.74479455
-0.27808252
0.46219972
0.31093454
-0.21730925
0.55055445
0.070326015
0.76789224
0.4251962
-0.3565561
-0.21880083
-0.3050901
-0.15932535
0.014404982
-0.645284
0.5181369
-0.28562644
-0.1735254
0.89674294
0.13899504
0.21008988
-0.4826322
0.34830543
-0.41604322
-0.8797991
0.09046247
-0.7711223
-0.35564324
-0.8800918
0.2777004
-0.56119704
0.076660104
0.46153796
-0.3837225
-0.28249678
-0.23723693
-0.6103526
-0.13765834
-0.17193626
0.01653241
-0.16348656
0.79914916
-0.10239932
-0.11429462
0.27125838
-0.09875333
0.39795852
-0.13343978
0.56092614
-0.96532136
-0.1181126
-0.4139655
-0.8278816
0.3036599
-0.17245772
0.90905106
-0.12721793
-0.46430248
0.03189233
0.57205933
9.4807195E-4
-0.6323083
0.68682677
0.6743302
-0.029240344
0.11204213
-0.6985612
-0.20694503
-0.2692524
-0.52673626
-0.49512497
-0.037134096
0.022340715
0.4886288
-0.12959987
-0.5633387
-0.6656959
0.5689524
0.09883183
-0.40576145
-0.7831462
0.74818444
0.17846204
0.06471454
0.7432349
-0.9005892
0.67764705
-0.80551875
0.32584193
-0.58711463
-0.0751364
-0.26193845
-0.30721104
-0.119471066
-0.53719926
1.3021905
1.0082974
-0.2834606
-0.455188
-0.3345536
0.5319157
-0.37937197
0.23476465
-0.18801384
0.4172468
-0.578895
-0.021776203
0.38411257
-0.67384243
-0.16099346
0.3416284
-0.86339307
0.1847967
-0.7786992
0.431972
0.46953696
-0.2025954
0.65795696
-0.1719396
0.7030177
-0.8543728
0.6878852
-0.1442971
0.24184434
-0.4697909
-0.8418734
0.1643989
-0.7152987
0.0014786449
0.11352831
-0.39287487
0.98195446
0.61913586
-0.16767925
-0.4801846
0.6972279
0.73188335
1.1951416
1.0136572
0.60662466
0.450902
1.0203793
-0.33156776
-0.62162924
0.47242007
0.631533
-0.3550935
-0.3302253
1.0382093
-0.059732262
0.67189604
-0.102158315
-0.6022496
0.054142375
1.4761152
0.67954445
-0.27294466
0.47984344
0.49491608
-0.87073237
0.23200962
-0.5351197
0.07210435
0.5386669
-0.29231504
-0.14213833
0.19386756
-0.53779733
0.24806014
0.59291875
-0.65432304
0.56253827
-0.16762269
-0.5039029
0.30078632
-1.0510316
0.41239053
0.6763025
0.042107686
-0.37453693
1.0455201
-0.1350384
-0.6878307
-0.74294007
-0.23475358
0.14627734
0.012867967
0.026146967
-0.31196427
-0.59243834
-0.23051476
0.47449005
0.27374643
0.036411367
-0.42425838
-0.38113818
0.9260205
0.44664696
0.39152458
-1.0386313
-0.47147745
-0.7257797
-0.07883009
0.2785632
4.4989135E-4
0.29976693
0.61642057
1.2021176
-0.032552794
-0.9290837
0.30456197
-0.051961876
0.15665242
0.7562794
0.6501948
-0.66294
0.67890686
-0.14323331
0.28667992
-0.2644325
-0.17739351
-0.5003915
-0.5112535
0.06598222
-0.2149556
0.051009227
0.7595636
-0.3000624
-0.1310018
0.29817966
0.4587107
-0.5452782
0.66593134
0.44424772
-0.26938587
0.18863524
0.062186334
0.96836954
0.2153856
-0.06305617
-0.2414418
-0.018377064
0.7448607
0.36711368
-0.3946105
-0.039187696
0.30930474
0.14604895
-0.88296604
-0.6732105
0.8878199
-0.20352629
0.3940456
0.21622846
0.16986628
0.82718307
-0.042639624
0.46498796
0.42653412
-0.29903105
-0.9341455
-0.05718006
-0.23123637
-0.29029658
-0.53075945
-0.21262076
-0.31011412
-0.29837662
-0.6238702
0.37276846
-0.5893412
-0.2562448
-0.37975034
0.23482788
0.18495472
0.058297317
-0.76321614
0.22627279
-0.40406838
-0.54728276
0.53644335
0.36738458
-0.23229247
0.16537096
0.66513234
-0.37348592
-0.30590764
-0.80381227
-0.7198305
0.40813118
-0.2208429
-0.8033056
0.52005213
-0.23022422
0.814876
-0.6793325
-0.69196653
-0.6534915
0.4909576
-0.89239025
-0.1830303
-0.20315634
-0.98453635
0.25886223
-0.25315288
0.47940415
-0.36696067
-0.5712558
-0.78899527
-0.071863756
0.53812295
0.041599836
0.2238384
-0.25385797
0.9066373
0.56948286
0.43361366
0.5281701
-0.3700725
-0.5044863
0.35666633
-0.03784636
-0.75724125
0.6361798
0.473929
0.7662111
-0.6040782
-0.2476909
0.06205745
0.033517916
0.63588583
0.025789369
0.1437579
-0.52159953
-0.12631254
0.30289605
0.5018532
-0.5391386
1.1048793
-0.5129971
-0.14433233
-0.82665724
1.2615302
0.09086892
1.0886545
-0.110830836
0.1916838
-0.32307112
-0.13805021
-0.69165695
-0.60784996
-0.6402162
0.8633954
0.73135304
-0.7754241
-0.4398082
-0.06342381
-0.6325246
-0.3711096
0.09233767
-0.43713042
-0.5513053
-0.60751355
-0.10457032
0.24476665
0.3291488
0.5453649
0.1178599
-0.1653728
0.3298785
0.17422105
-0.60130155
0.921334
0.49923402
-0.08269184
-0.29802516
-0.6264939
-1.010449
0.35742173
-0.38470617
0.7976022
-0.33718267
-0.53245634
0.35349238
0.25445467
-0.68714553
-0.8574303
-0.82474726
-0.39867106
-0.48020577
0.784176
1.0666931
0.15747474
0.08175092
0.30700526
-0.052140754
1.1616546
0.6026232
-0.60044664
1.3251672
-1.0465834
-0.783215
-0.517129
-0.23750143
0.32947382
0.5250968
0.7699351
0.3619643
-0.28565708
0.39019862
-1.0776595
0.38131753
0.015122373
-0.50518316
-0.79623604
0.7707177
1.0095423
0.30488345
-0.6967051
0.5320092
0.20358565
-0.8420759
-0.49173692
0.8389754
-0.7316846
0.84666324
0.038212586
-0.96151996
-0.39491546
0.19755039
-0.9064223
0.4937966
-0.13969755
-0.84946823
0.37008825
-0.25676408
-0.309704
-0.13332137
0.5004059
-0.013829524
-0.25205794
0.09445274
0.6941142
-0.10367999
0.52553606
0.7980381
-0.5628135
-0.984049
0.026590364
0.2885663
0.07097215
0.20104922
0.08031869
-0.7720998
-0.6426041
1.0299845
-0.5866853
0.27599913
-0.54040223
-0.01750247
-0.4232189
0.6591685
0.19899479
-0.036991175
-0.79206526
0.50029033
0.75209546
-0.120868005
0.18051861
-0.70603937
0.20561588
0.6526714
-0.11806921
0.030404447
-0.7608786
0.20189083
-0.14439435
0.38325027
0.47448623
-0.03018382
0.11111417
0.6046535
0.12677956
-0.8476273
0.3878314
-0.36087814
0.47925907
0.3589729
0.99900544
0.11969502
0.36159387
0.13488063
0.4410124
-0.15656947
0.31723922
0.43682525
-0.25881788
0.043098856
0.9759332
0.71364254
0.5979466
-0.55528814
-0.49519712
0.24876766
0.43649948
-0.38126522
-0.7734963
-0.3631877
-0.4181024
0.34964967
0.0430709
-0.18707211
-0.33165824
-1.1730403
-0.38055906
-0.68218
0.1201479
-0.71255136
0.3846409
0.70694876
-0.6243061
-0.028880626
-0.38120973
-0.8530725
-0.16692579
0.005939442
-0.32734933
0.30946672
-0.10188925
-0.38176322
0.104808584
-0.013508605
-0.38698164
0.4467905
0.08170685
-0.18789783
-0.52077854
0.06557827
-1.0097597
0.35706067
-0.23712361
-0.18988326
0.32992473
0.62234473
0.069036625
-0.43482554
-0.253756
-0.018933775
0.47535536
-0.15061267
-0.099088304
0.89002675
-0.21659009
0.37742934
-0.7373572
0.10306699
-0.78187543
-0.0122702075
0.6282615
0.69018555
0.09854776
0.9215571
0.676793
0.106609695
0.034613237
0.2296292
-0.107817754
-0.58588964
-0.22785947
0.17526987
0.70923996
-0.43650734
-0.530931
0.06740034
0.7773529
1.0520978
-0.12394018
-0.27209803
-0.48083052
-0.17098998
0.311295
0.8202251
-0.307839
-0.049899973
0.45708907
0.85976297
-0.5119819
0.41239938
0.4060057
0.04438654
-1.0594893
0.21464829
-0.65526646
0.41626233
-0.0045737103
0.24402435
0.50531816
-0.44331658
0.109050885
-0.5901475
-0.15016931
0.074155666
-0.730514
-0.8436024
0.6414321
0.9820085
-0.4705799
-0.57120866
0.24706048
-0.15122001
0.0013146398
0.71675044
1.182572
-0.051274985
0.41524568
-0.57680666
-0.41248083
-0.23078758
-0.39685413
0.12607779
0.18039389
-0.38631442
0.41183534
0.83734953
-0.46368757
-0.18251653
-1.2295926
0.123252705
-0.69589627
0.22447667
0.67987895
-0.16199091
-0.045806352
-1.021398
-0.4405713
0.47470418
0.65313256
0.003478277
0.6039276
0.65897006
-0.69207656
0.030003065
-1.0673876
0.33278102
-0.57787454
0.2100933
0.72745794
-0.207824
0.7942747
0.21518786
0.2762277
0.21987107
1.0216304
0.7152058
-0.0633654
-0.65166205
0.89167815
0.058659837
0.62111574
0.2729364
-0.6660541
-0.1655796
-0.27984148
-0.22228266
0.55062515
0.8898449
0.8817299
0.5902563
-0.0540279
0.3382231
-0.58921236
0.54577905
0.35027605
0.6347536
0.32652235
-0.10715526
-0.45508206
0.49371815
-0.123385735
-0.23589633
-0.9001104
-0.3959006
-0.20992772
0.31867155
0.07747647
-0.6711233
-0.37394446
0.4125261
-0.35785806
0.7580897
0.5874726
-0.20256436
-0.95143557
-0.65480536
0.059004743
-0.13519114
0.07366517
-0.0022713786
-0.18335868
1.110364
0.39122796
0.6804759
-0.32671648
0.7520613
-0.48026842
-0.057664417
-0.79953957
0.04652914
0.6063417
-0.012039873
-0.6754825
-0.45806986
0.33697966
0.053956803
-0.36567864
-0.4963348
-0.55026066
0.74833006
-0.033610668
0.65835315
0.61793905
-0.24255666
0.6185604
-0.9646455
-0.5151429
0.23761757
0.1404425
0.28469023
0.012451288
-0.7970575
-0.8169915
-0.14845182
-0.077109
0.15269129
-0.44796118
-0.1505484
0.49198636
0.20170581
0.5768342
0.5713457
-0.05845245
-0.7437644
-0.31084895
-0.4573477
-0.48531085
-0.19360287
-0.59783506
0.5004644
-0.12654908
-0.02064063
0.6761814
0.52091694
0.28275827
-0.19754669
0.21121654
0.0101360185
0.38519207
-0.76029116
0.36221313
-0.47750697
0.6730443
0.48694178
0.5249001
0.25208396
0.5295335
0.32190725
-0.80018425
0.60337794
0.33127403
0.23621942
-0.592641
-0.2096363
-0.9450776
-0.6719215
-0.4610472
0.4607036
-0.61037844
0.5736852
0.29733115
-0.76358503
0.6851657
0.10175477
0.046076827
-0.1461385
0.15683939
0.5929867
1.1632758
0.6076562
-0.797272
0.7918215
0.21123502
-1.2946216
0.73937774
-0.14893568
0.3445765
0.5354642
-0.6991378
-0.4477563
0.75071335
0.18158266
0.05532725
-0.2863565
0.8317967
-0.09146189
-0.5980706
-0.23870747
0.33543533
-0.60929966
0.67193615
-0.33344233
1.218018
-0.5200326
0.31921667
0.9544267
0.20196299
-0.28935274
-0.572822
-0.7329623
-0.6376762
0.110066295
0.014631233
0.513767
0.45082912
-0.42046946
0.22016628
0.54145676
0.49199685
-0.13088803
0.6355963
0.36776218
0.19216108
-0.47249308
0.55210406
0.8104994
0.10238006
0.2049574
0.20245576
-0.8533625
0.6519097
0.7657394
-0.68559873
0.4481306
0.40429595
0.59828484
-0.88775116
0.57658345
0.43208966
0.0064524966
-0.36014363
0.13281894
0.64897865
0.03326438
0.49720624
0.14066078
-0.45201802
0.07722494
0.7073398
-0.4783806
-0.6826916
-0.063922256
0.06627847
-0.8846943
0.9177777
-0.15125251
0.068155095
-0.44168127
0.099540085
-0.40718815
-0.72402346
-0.15228103
-0.27586016
-0.96469235
0.64664596
0.16328037
0.9382003
-0.06614483
0.95537114
0.81669265
0.122719705
-0.20934488
-0.9854543
-0.12597923
-0.5115101
1.0619218
-0.34524277
-0.57362545
0.2278966
-0.9918359
-0.60990137
-0.8280539
0.44281194
0.73129696
0.49666256
-0.6160096
0.11032702
-0.69707394
-0.10234556
0.7973516
0.27377805
-0.033688776
0.54182816
-0.21890032
-0.2985052
1.0695332
-0.29648593
-0.1187923
-0.2646254
0.39805856
-0.27172932
-0.7341856
0.22115006
-0.35190728
-0.7731665
-0.28598443
0.5121547
0.7317282
-0.11165667
-0.34144732
-0.22449385
0.2929072
-0.43314186
0.21652061
-0.6002626
0.9801966
-0.19993581
0.25609705
0.46938053
0.3556741
0.5409769
-0.37719104
-0.20368502
0.46226013
-0.43625212
-0.16433446
0.24086946
-0.16584888
0.12798505
-0.3002471
-0.56917715
-0.19049934
0.09157484
-0.6233917
1.129692
-0.83278143
0.54396415
0.6725539
1.2471684
-0.6159927
0.004590351
-0.36055517
-0.5470994
-0.3086525
0.14005977
-1.1449845
-0.009939443
0.24610353
-0.39422023
-0.8156039
0.6160774
0.0064798305
-1.1596701
0.0042810896
0.039157346
-0.045036156
-0.5340399
0.03451937
-0.35287052
-0.12011608
0.37250456
-0.3673964
0.64079463
0.83157015
-0.32841378
0.9774385
0.022717817
0.87682897
0.0075858687
0.5665
0.1127105
-0.47977975
0.23563454
0.76444155
-0.08176669
1.2814252
0.43032184
0.40208426
-0.36564526
-0.73562276
0.64691174
0.74712473
0.25882107
-0.7579024
0.09550668
-0.6339579
-0.9538461
-0.4578416
0.98145205
-0.7802478
-0.022683952
0.5767733
0.51828384
0.362887
-0.008126772
0.23543562
0.4107738
-0.6274127
0.6814166
-1.0364208
0.52601844
0.022413287
0.41180852
0.67983145
-0.28973243
-0.77145076
-0.29595914
-0.3310227
-0.43391564
0.74197906
-0.0758259
0.6237634
-0.7367853
0.05651535
0.5272061
-0.42662826
0.1563089
-0.82054347
0.43725756
0.18483958
-0.59178233
0.72544086
-0.8957789
0.53666115
0.44253027
0.28526607
-1.1325924
-0.6358188
0.89274687
0.6270904
0.19966285
-0.13317223
-0.6437607
-0.5258868
-1.0983348
-0.6496395
0.3729513
0.61744726
0.1415441
0.14079197
0.37964553
0.46425942
-0.8179152
-0.5727556
0.2123856
0.973584
-0.656646
-0.06522367
-0.5536321
-0.34499228
0.3057813
0.6434395
0.37029302
-0.23727599
0.33197394
-0.23125795
-0.7733183
0.6176352
-1.1291099
-0.91966724
-0.8828826
-0.30813763
0.28900996
-0.8176924
-0.5391128
0.13495533
0.27066466
-0.6779013
-0.120623
0.3284267
-0.8507897
0.91629046
-0.95339596
-0.037938345
-0.45917812
0.5913245
0.561852
-0.73367304
0.6985114
0.18454139
-0.078830995
-0.98892283
-0.2634385
1.1899023
-0.7693636
-0.043843873
-0.11042192
-0.28063476
0.79600596
-0.18385698
-0.3798417
0.5868878
-0.6024528
-0.099291675
0.3015785
-0.8029907
0.80576044
-0.59736747
0.21721649
-0.20529506
-0.26293936
-0.002003702
0.40437797
0.072137326
0.238012
0.42076212
0.8121819
0.071643226
0.059933063
-0.5973838
-0.7334906
-0.3790765
-0.36667868
0.12126075
0.5189168
0.34811857
0.089231975
0.029434675
-0.33227968
-0.9501346
0.87691367
-0.47592583
-0.06477917
-0.2761374
-0.13275109
0.55441856
0.24553958
0.013061451
-1.1562483
0.44583526
-0.19350936
-0.64587593
-0.7299157
0.011737875
-0.1782964
0.70717824
0.53392524
-0.7607318
0.08238601
0.546582
0.42333236
0.45106682
0.33103365
1.1670051
-0.37398875
0.90940756
-0.10011899
0.038321257
0.3117462
-0.5529014
-0.66389644
0.061134562
0.50424004
-0.02399621
0.2762093
-0.27078238
0.31388015
-0.66576105
-1.2665298
-0.83374584
-0.5788634
0.3770912
-0.19295828
-0.33521053
0.76258034
0.43913358
0.46907407
0.35752198
0.08931382
-0.929508
-0.8048193
-0.7923042
0.3399646
-0.104174905
0.67412984
-0.47554925
0.6481896
0.7540773
0.27896497
-0.63122916
0.3719562
0.44014698
1.0776659
0.51808345
-0.22355685
-0.7513198
-0.020825023
0.72113603
0.44767058
0.4732857
-0.26088595
0.35934922
-0.4510228
1.2622089
-0.48760885
-0.48381212
-0.46725345
-0.20722668
-0.5350463
0.5965881
-0.3057102
-0.33911812
0.6042494
-0.6949767
0.83794564
-0.3135403
-0.5395029
0.42142352
0.31021163
-0.22420122
0.34422794
-0.93502927
0.21713643
0.32147002
0.6880961
-0.81556034
0.48242083
0.11882862
0.13816087
0.054866154
-0.5772873
-0.73031557
0.08165591
-0.090277195
-0.020099357
0.717575
0.55474913
-0.7237465
0.27333203
-0.93461186
0.7316092
-0.61076784
-0.8283234
-0.1325421
0.48198375
0.3446545
-0.1354941
0.21798833
0.8368788
0.4040065
-0.1405482
0.48178118
0.3459514
-0.55901504
0.3647346
-0.5797217
-0.7112005
-0.55281925
0.93502146
0.59748626
-0.1337487
-0.5111855
-0.54208106
1.0080014
-0.08489779
-0.49254024
0.50778043
0.9653942
-0.48055494
0.36306897
-0.33439043
0.15735708
0.71636575
-0.16546306
-0.5554648
0.71151054
1.0580102
-0.13375479
-0.5662556
0.15905221
0.42987823
0.7409948
0.6615294
-0.7002681
-0.058116954
-0.09368447
0.574888
0.74617326
-0.13877174
-0.075122125
0.07412789
0.26209077
0.8236073
-0.412346
0.5372174
0.011993471
-0.6891262
0.4592219
-0.72987974
-0.17933728
0.2453307
0.8392631
0.23176897
0.50502396
0.570217
0.4222289
0.2972194
0.43260095
0.33791158
-0.25210544
-0.33441082
0.08094752
0.16879763
-0.18566388
-0.7203796
0.7516113
0.21497682
0.7702856
0.56959826
0.2740277
-0.2263018
-0.021039015
-0.6739608
0.49258968
-0.2889316
-0.3760468
0.3759056
0.22641383
0.9307613
-0.3738545
-0.12779723
-0.7173267
-0.72199553
-0.027132861
0.044173278
-0.6356111
-0.30265123
0.1400922
-0.528481
-0.4447305
-0.22783904
0.49151307
-0.8770337
-0.043742206
0.32744873
0.29045883
0.42537764
0.135927
-0.5225851
-0.26654992
0.8465523
-0.5849651
0.39472067
-0.5009355
-0.28413925
0.7315297
-0.3491439
0.27506655
0.41766614
-0.3089408
-0.66110027
0.5704635
0.13595183
-0.6751804
-0.8699813
0.44579268
-0.16470212
-0.11318123
-0.6568774
0.25374192
0.10522387
0.52522105
0.051025808
0.44073296
0.31525046
0.094574824
0.02936164
0.83592737
0.054644033
-0.29974335
0.9415134
1.0087332
-0.62242216
0.2708331
-0.68510914
-0.32405457
-0.5289666
-0.5596787
0.44776478
-0.96738315
-0.5310244
-0.6157712
-0.26302963
0.964758
-0.100472026
0.88211596
0.8512377
0.84119284
-0.6778655
0.12814969
0.58221716
-0.3097536
0.82457507
-1.1354483
-0.63468117
0.71090806
0.6943288
-0.47004917
-0.3378605
1.0327113
1.2042788
-0.18634523
-0.20008683
-0.89959234
-0.5501481
-0.069527686
-0.5649528
0.24075428
-0.6466663
0.3319471
0.49458763
-0.7499602
-0.048024748
0.3919717
-0.77506673
-0.067833014
-0.6381965
0.0010807995
-0.7282214
-0.42356527
0.39341146
0.41685697
-0.5230374
0.28454706
0.49261126
-0.40554157
-0.9878858
0.30671495
-0.49851358
0.25994727
0.14568385
0.6839456
-0.75112087
-0.58436024
-0.5774535
-0.61136585
0.9912509
0.73646665
-0.2677775
0.4460033
0.15992142
-0.43115738
-0.61362606
-0.3816937
-0.366518
0.57670605
0.40121228
-0.8963093
0.99847347
0.39601153
1.009888
-0.25219387
0.110362984
0.6934504
-0.1596832
-0.37970805
-0.009370751
0.41702992
-0.0868079
-0.025912177
-1.1078593
0.46434692
0.6318739
0.48454094
0.5583907
-0.7200017
-0.24972303
0.006700902
0.054413665
0.13206175
0.50441617
-0.02649582
0.40159318
0.012767999
-0.30041745
-0.18661307
-0.41328776
0.9083887
-0.6919425
0.42144465
0.27886274
-0.3454007
-0.46602517
0.04644233
-1.0353062
1.2372235
0.69221413
-0.6156693
0.815928
0.26317945
0.75948936
0.7045696
0.3809061
-0.56415194
-0.6351678
0.2772502
-0.28289464
1.0533804
-0.9813934
0.44956136
0.20180666
0.9836697
-0.49425572
-0.15216558
-0.25582883
0.8106978
0.742579
-0.33072054
-0.057660293
0.83131915
0.8404723
0.1456792
0.569504
0.68985933
-0.6393109
-0.47069475
0.40434372
0.62277657
0.69059044
-0.0071932324
0.038899645
0.5617714
0.2262518
0.120231606
-1.2634562
-0.16110751
-0.14554268
-0.44344586
-0.16142592
0.9788761
-0.7104182
-0.4805861
-0.74618405
0.023517605
-0.6135618
0.5226799
-0.36278775
0.2550458
0.20132542
0.4163849
0.3295788
-0.47358608
0.36309263
-0.17934224
0.80991095
-0.44236892
-0.07810014
0.1452978
-0.5910335
0.32588196
0.61191344
-0.08067373
-0.8595716
-0.58894193
-0.4643598
-0.28668922
0.21647565
0.29009056
0.6003139
-0.7295184
-0.56554455
0.800322
-0.8357839
-0.3872148
-0.28079516
0.5580682
0.2412116
-0.4122383
-0.3486249
0.14726886
1.1945914
-0.53546923
-0.013175534
0.7989349
-0.26606295
0.30321157
-0.7670699
-0.09822984
0.74889386
-0.82160205
-0.86248654
-0.20833777
0.9398656
0.49903992
-0.33813655
0.28704524
-0.7137555
-0.020658726
0.35843894
-0.2579366
0.12702474
-0.2677488
0.26764897
-0.6183835
0.014314738
0.19927666
-0.09395326
0.43473586
-0.43981206
-0.5357584
0.9717025
-0.021145713
0.00410592
-0.205154
0.5704623
-0.3321969
0.45414206
-0.37161413
0.23041141
0.660016
0.7516386
0.6707742
-0.6342107
-0.7665472
-0.14657013
0.06671185
-0.28385025
-0.092850246
0.024576042
-0.3214304
0.10513997
0.73494214
0.12589088
0.891502
0.19968666
-0.3229971
1.0405604
0.087959975
0.21415582
0.32435775
0.44982803
-0.18837021
-0.0019780742
0.5131018
-0.009440755
0.0068823127
-0.3854873
-0.37102872
0.4431251
1.0718689
-0.5475723
-0.27404565
-0.7273849
1.0487823
0.3080366
0.9174121
0.05680079
-0.21728992
-0.720496
-0.9745519
-0.51832724
-0.8736859
0.63477194
-0.3694475
0.54781663
0.39877787
0.08563946
0.5614226
-0.08220094
-0.47629777
-0.8748627
0.24007489
-0.37563857
0.48591045
-0.14826077
-0.19015834
-0.34601197
0.12655
0.2995795
-0.18804334
0.62199616
-0.5153089
-0.7678043
-0.23493034
0.13323893
0.30328512
-0.27577096
0.09369052
-0.47456694
0.53026927
-0.56649023
0.015422285
0.9504348
-0.2698316
0.5448602
-0.42165697
0.095720544
-0.49634987
0.4718897
-0.473549
-0.74511653
-0.5941212
-0.025873233
-0.38490334
-0.3324963
-0.10479986
-0.44171077
-0.12061114
-0.49636137
1.0329884
-0.40275207
0.1993387
-0.7862489
6.194949E-4
-0.44127652
-0.4251714
-0.15491231
-1.0636584
0.2254417
0.10338821
0.5136805
-0.29759213
0.15127683
-0.18618213
-0.12337033
-0.94755876
-0.05831884
0.63523114
0.08116742
0.83511657
-0.5878019
-0.6904426
0.11508248
-0.054854445
0.6946829
0.89714825
-0.48336712
-1.2825887
-0.15335563
-0.32114324
-0.4317934
-0.5744452
0.3242122
0.33423394
-0.06638945
-0.7799354
-0.41538417
-0.90842986
-0.3778044
-0.09768369
0.4148663
-0.4081071
-0.2354184
-0.013748343
-0.091444306
0.28181967
-0.2809133
-0.28071257
-0.060805373
1.0029887
0.8540731
-0.8423636
0.1008934
0.22893402
-0.55825585
1.268069
-0.46606684
0.010780468
-0.49282876
-0.6028014
0.63970584
0.010476118
-0.13762023
0.7245273
0.55454576
0.09346015
0.9100567
0.3289408
1.0666214
-0.5287532
0.79213315
0.7737331
0.3619511
-0.33432537
0.725988
0.17594688
0.4812228
-0.47830063
-0.022171779
0.09945046
-0.9543825
-0.38291544
-0.30304623
-0.6890239
-0.2276706
0.30024794
0.1761631
0.06959238
-0.1839923
-0.37318328
0.91156346
-0.3372548
-0.59736896
-0.4046401
0.096556954
0.23577262
0.047580384
0.36928403
-0.6657448
0.12001082
0.7129937
0.4147075
-0.6221035
-0.7841802
0.015795829
0.410743
0.52272666
-0.15511347
-0.46814758
0.37304875
0.22750074
0.554593
0.056385025
0.30695873
-0.4546298
-0.27952218
0.46105385
0.12529977
7.28887E-4
-0.82486445
0.084088676
-0.30057135
0.04368204
0.035712425
0.09582325
-0.54054475
0.631251
-0.8868601
-0.50915074
0.263625
0.0015344159
0.16273318
-0.48416346
-0.041277364
-0.39665788
-0.079929575
-0.019250065
-0.711331
0.0907153
0.12466287
-1.0698946
-0.6167687
0.4522853
0.8781084
-0.43448228
-0.1964101
-1.1292511
0.03860398
-0.82716584
-0.90655124
-0.068936355
0.9643204
0.5498249
0.41562524
0.6679818
0.12087051
0.8353087
-0.39210066
-0.80946773
0.21142684
-0.1924215
0.64585674
0.59144247
-0.7887082
0.71333545
0.32481974
-0.40682977
-0.99624425
-1.1570231
-0.3566896
0.6636314
-0.20184854
-0.119285904
-0.04087265
-0.18242258
1.0760686
-0.76349336
-0.65825486
0.11663263
0.6609455
-0.6331383
0.50666946
-0.24330449
-0.55699944
0.39419842
-0.5921834
-0.37158993
-0.11884856
-0.57858926
-0.32243863
1.0025516
-0.036520585
-0.40759805
0.1428236
-0.8521844
1.2336366
0.24379434
-0.56801325
0.93437696
-0.44313037
-0.03043904
-0.6750023
0.21037693
-0.60242426
0.8688815
-0.25473207
0.4532752
-0.45901248
0.2899926
0.16954632
-0.56925076
-0.11711009
0.6142235
0.53713286
-0.7331659
0.6798669
0.09003151
0.6476643
0.34844425
-0.38330853
-0.52944213
0.246795
-0.62886506
0.8195937
0.50088245
0.493656
-0.33250418
-0.5207899
0.006923229
-0.27673107
-0.4026727
-1.3226871
-0.60947245
0.2916563
-0.20905793
-0.7518615
0.5491205
0.04008882
0.4090272
-0.8358087
-0.27108663
-0.087895334
0.49742588
-0.14632535
0.33882943
-0.94040275
-0.298092
0.14060168
0.36179045
0.275042
0.59039
0.21403876
-0.52225953
0.49007833
-0.48754764
-0.9266126
0.33454263
0.88414836
0.43286756
0.12409283
-0.57151353
0.029320993
-0.3811173
0.6599457
-0.7913299
0.7486913
-0.79526466
0.117595606
-0.25120118
0.8171185
-0.26347604
-0.9614633
-0.12846796
0.998618
0.202302
-0.03859703
0.55460685
0.7655342
0.44321746
0.6928268
-0.28599355
0.43112847
0.9535851
-0.15327309
-1.0412873
0.5555999
0.16682774
0.18166028
-1.3944579
0.6239343
-0.43829423
-0.047712162
-0.7840691
-0.86304957
-0.697452
-0.22615041
-0.13545556
-0.15988219
0.92950153
-0.59515464
-0.66207457
-0.2040852
-0.38921502
0.9265264
0.096403755
-0.18075615
0.24370468
-0.121552154
-0.020251589
0.44725996
0.35090867
-0.17525372
-0.89885116
0.013258159
-0.18177472
0.59565556
-0.2791408
0.22363532
-0.6379707
-0.069507845
-0.34050852
-0.23685637
-0.5019957
-0.44224387
0.90975475
0.8380604
0.8248199
-0.82604724
0.6780244
0.38308552
0.72858936
0.36537313
0.570764
0.8140185
-0.0648717
-0.52280504
-0.28949174
-0.71697396
0.49339238
-0.39142612
-0.2172083
-0.79629344
0.68362206
-0.57074356
0.12938501
-0.09340329
0.69106966
0.9801726
0.13062859
-0.17025933
-0.13976492
-1.2050214
-0.21352832
-0.20172012
0.17309879
-0.12944876
-0.011140582
0.1332584
0.34495977
0.27158338
0.45826566
-0.4752601
-0.5637254
-0.21115926
-0.1604957
-0.21325015
0.8736162
-0.66878784
0.043819636
-0.08713267
0.95693207
1.0693883
-0.26503468
-0.29575416
-0.0013336109
-0.030162945
-0.7114442
-0.5493152
-0.18530512
0.2945214
0.22065337
0.08080341
-0.85846955
0.40912142
0.5835723
-0.5194781
0.37633187
-0.15332343
0.4885761
-0.53488356
0.41326866
-0.45946342
0.49740073
-0.07584162
0.28053924
-0.13597189
-1.0629351
-1.0119787
-0.8584829
-0.1315111
-1.3714588
-0.4270831
1.299635
-0.27734837
0.047676053
-0.7494968
0.5669442
-0.60387415
0.19558978
-0.85668826
-0.7076058
0.794246
0.990939
0.36424175
0.77135825
-0.3833518
0.38872334
0.70839906
-0.17937587
0.8987707
-0.54623085
-0.034625705
-0.23408335
0.39970365
-0.38672134
0.9026162
-0.13044101
0.38307187
-0.7536724
0.7060029
-0.4392613
-0.4176509
-0.41927427
-0.24259557
0.2957443
0.6996013
1.1179664
-1.0438135
0.6976068
-0.5353878
-0.22518381
-0.14336784
-0.34312135
-0.81457675
-0.68641853
0.31240872
-0.031152327
-0.16481286
0.683902
0.4248386
-0.6810627
0.15742677
0.83977675
-0.49099797
0.08864748
0.19968963
0.013976593
-0.2323271
0.5013143
0.4681233
-0.09694278
0.030995231
-0.89121425
0.1300703
-0.91936064
0.8840555
0.22145899
0.40827706
-0.43157953
-1.2073076
0.9398175
-0.16844973
0.24116436
-0.42415202
-0.8346101
0.39247888
-0.22245264
-0.13250554
0.6763009
0.16476001
0.30596852
-0.7574318
0.75873196
0.30700886
-0.39640805
0.30543897
-0.54028636
-0.56553715
-0.79796827
0.5061967
-0.6074243
0.6873151
-0.020898975
0.4708327
-0.14070328
0.19937433
0.50422657
-0.72019154
-0.7800126
0.7400963
1.0831436
-0.75169426
-0.23914592
0.03060054
0.63987255
-0.52268964
0.2690358
0.23756292
0.021623425
0.32078612
0.19791311
0.7343912
0.74939454
0.03987863
0.23482423
0.58451253
-0.29289964
-0.14289513
-0.04848302
0.109247096
0.4648708
0.4003916
-0.35962287
-1.1238801
0.8057887
0.3838337
-0.76138926
-0.11049137
0.8885518
-0.35040972
-0.18576764
-0.56041294
-0.14608544
0.27829063
0.60167855
0.4824124
-0.5312146
-0.70627344
0.88357085
0.33325288
-0.40812522
-0.707351
-0.38531825
0.15923841
0.34821543
-0.26182628
0.24699602
0.08911693
0.4306406
-0.74190617
-0.14162159
0.903984
-0.086445846
1.0243341
0.5201381
0.0012661669
0.47524267
0.23127306
0.68952924
0.3655102
-0.59377444
-0.062571704
-0.08440682
-1.0681138
0.12670507
-0.7135116
-0.82687813
0.06453203
-0.30687556
0.52384317
1.2034324
1.0029318
-0.48042572
0.44885334
0.33775476
0.3505175
0.5260004
-0.61008185
-1.072121
0.5034364
-0.024415588
-0.13066389
-0.7637524
-0.34842682
0.29577458
0.14339048
-0.15282282
0.7237568
0.5974994
-0.1526137
-0.47474262
-0.2376628
0.14343035
-0.022985687
-0.35020325
0.11469192
-0.5486982
1.0795164
-0.45461237
-0.55415004
-0.25658056
0.3860407
-0.27566093
0.751634
-0.7369545
-0.1567511
-0.7199303
-0.3316784
-0.20773552
-0.13429865
0.5249065
0.5646125
-0.6416947
0.9097
-0.25714228
0.26855853
-0.45360836
-0.76183784
-1.1074988
-0.16196348
-0.06061335
-0.63123655
-0.39390686
-0.34095457
0.20893468
0.38924956
-0.10735942
-0.6360333
-0.21338905
-0.7889628
0.72364396
-0.21161239
-0.4963773
-1.0430492
1.0403299
0.7222128
0.5573033
0.19283247
-0.7881969
0.68207526
-0.63821405
-0.27907327
0.071480736
-0.04800079
-0.5871662
-0.47650626
0.023258178
0.833141
-0.74027145
-0.2132941
0.15309323
0.7079187
0.0035940728
0.22522317
-0.7469581
0.25782132
-0.3557478
-0.32195747
0.1750178
-0.5932658
1.3678756
0.7767399
0.7094991
-0.5800219
0.3449213
-0.02211316
0.18853755
-0.3725991
-0.553327
0.91340417
0.023060765
0.49992993
0.5154706
-0.39988247
0.54706144
-0.7409433
-0.6256302
-0.04319989
0.57672685
-0.5372983
0.23775639
1.0836705
1.0560302
-0.6463173
0.32895353
0.25643283
-0.40417108
-0.94361967
-0.53377825
-0.10199522
-0.99540603
0.46215677
0.2759972
0.49510887
0.058398575
1.0396506
-1.3102604
-0.4901535
-0.31430864
-0.6179308
-0.29326627
1.0656457
-0.23946193
-0.5224584
0.04831769
-0.47575295
-0.11642652
0.0918959
-0.0015013447
0.4256094
-0.34222096
0.5615753
0.22635067
-0.65386766
-0.5593036
0.4204493
0.37822628
-0.2595796
-0.050189268
-0.8857366
0.056463726
-0.65056586
0.16513188
0.79205257
0.49114606
0.69290024
-0.18828836
0.46337095
0.22984636
0.030750727
0.13365127
-0.35708234
0.39883983
0.7425626
0.8766118
-0.8547069
0.07507188
-0.81051654
-0.09218644
0.6261857
-0.2725347
-0.7481495
-0.45214906
0.72067606
0.17160754
0.32410958
-0.37973228
-1.0448463
0.52317506
-0.11167223
-0.5756563
0.05113047
-0.51347005
0.17506605
-0.5292589
0.06795172
0.320951
0.6921122
-0.098675825
-0.07120186
-0.8181912
0.06623813
0.12607872
0.47526455
0.7523526
-0.827317
0.6533755
-0.5599375
0.39803377
-0.13660437
0.050293446
0.013222503
-0.37200367
0.28141335
-0.541676
0.13963515
0.019807963
-0.11441094
0.23026001
-0.12395301
0.98764116
0.667004
-0.4840153
-0.640968
-0.4726354
0.51942587
-0.20281312
-0.580075
-0.8987882
0.9100208
-0.42299408
0.9380698
-0.39131838
0.16748337
0.8419584
-1.0554456
-1.0842096
0.15872033
-0.1922527
0.14807248
-0.5344478
0.4515481
0.78994
-0.3943077
0.75811505
-0.7104723
-0.7496708
0.40217158
0.6089278
-0.65757644
0.34315714
0.32701296
-0.8294009
-0.53857625
-0.48573261
0.7677777
-0.54104936
-0.32679302
0.07816123
-0.0051896255
0.81019306
0.27322003
0.25022
0.6933335
-0.4838739
-0.28513756
-0.08568242
-0.35856432
-0.973438
-0.07804052
-0.380264
0.7341283
0.254146
0.7156337
0.9442023
-0.19509281
0.6178999
0.10249217
-0.6270038
-0.56393373
0.32219988
0.02840905
-0.91544044
-0.4530241
-0.20673524
0.26897767
-0.61697555
0.5129905
-0.90579873
-0.30581054
-0.52011454
-0.6296534
-0.43478772
-0.55565757
0.0047293813
-0.60124856
-0.15156528
0.4207012
-0.3329365
-0.022194736
0.78381234
0.047930352
-0.09035746
0.63392806
0.5019717
0.19575448
0.44278735
0.57781476
0.81607014
-1.0335584
-0.787524
0.93543154
-0.5603202
0.5423432
0.29975584
-0.5981585
-0.3073481
0.46664616
0.91619897
-0.36823452
0.0756185
0.79387873
0.51798046
-0.5715184
1.0361646
0.49675068
0.31430113
0.76328
0.8996908
-0.012755131
-0.52415586
0.69039685
-0.78219044
-0.471336
0.36814827
0.91276693
0.426022
0.20122667
0.8747079
0.087099575
0.12097878
-0.617553
0.007474879
-0.39482793
-1.1333536
0.6405755
0.3804511
0.23821548
-1.0424052
0.72088385
0.24398923
-0.54945475
-0.6113347
0.28749022
-0.07350014
-0.14991347
-0.052460384
-0.5114226
-1.0021003
-0.61370814
0.40099484
0.4973261
-0.4468364
-1.0348263
-0.22449902
-0.34667626
-0.19200262
0.53086346
0.80350035
-0.5544544
0.6740634
-0.9368021
-0.12458409
0.19321635
-0.23272122
-0.74305546
0.21715866
1.0561495
-0.14407596
-0.6761483
0.7469701
-0.12986375
-1.0665973
0.37588128
-0.09782504
-0.10363185
0.2303306
0.5347296
0.35619292
0.8376818
0.60197145
0.1485251
0.6193452
0.4405571
-0.83987963
0.8804324
-0.37254852
0.11305381
0.538792
0.34226358
-0.4297606
-0.06826911
-0.6807281
0.39504582
0.32538852
0.5851743
0.21231687
-0.017906133
0.06907157
0.74446666
0.27286643
-0.2624961
-0.31957382
-0.23181662
-0.12711503
-0.7836468
0.06269945
0.6099046
1.3638624
-0.3406405
0.20662205
-0.63387525
0.37722564
0.6315046
-0.6419537
-0.4227231
-0.9911603
0.51973015
-0.06609795
-0.89539754
-0.31150106
-0.20124404
0.3565472
-0.084366135
-0.29965237
0.33957806
-0.4768376
-0.20064628
0.27616352
-0.39206913
0.23110762
0.27526984
0.68845826
0.4271181
0.88442695
0.73238105
-0.031716026
-0.44573513
0.7414754
0.055464696
-0.88263255
-0.72265494
0.39128253
-0.2882362
-0.6831048
1.0935327
-0.0433477
-0.33618656
-0.40466866
-0.7124302
0.8637872
-0.076167
0.116882056
-0.21018133
-0.24347377
-1.109192
0.42919907
-0.64084584
-0.7789556
-0.3759399
0.2812419
-0.7068907
0.67412657
0.35265705
-0.5746396
0.46661732
-0.0062718093
-0.10457269
0.14695819
-0.08390393
0.4081157
-0.09614501
0.5308756
-0.33651564
0.8510772
0.5898908
0.67140996
0.4571313
0.7868941
0.3127495
0.36724964
0.6366926
0.060343783
0.2778852
-0.44776475
-0.42073077
0.5794803
-0.36020893
-0.09598191
-0.41990563
0.53534883
0.7972076
0.7568758
0.11670475
0.8021592
0.26727396
0.44466856
-0.45194027
0.5102176
-0.18998703
0.9353009
-0.8265613
0.106277026
0.37445
-0.36513728
-0.20013194
0.9376257
0.71407014
0.09430287
0.03869256
-1.0267928
0.19322868
-0.2761213
-0.5212711
-0.3382934
-0.2685263
0.035811853
0.66077363
-0.67494494
-0.48054892
0.074966736
0.4591722
0.89070857
0.39608175
-0.7151022
0.19443192
-0.31474257
-0.54832554
-0.22664791
0.44820842
0.65628177
-1.0388335
-0.27469593
0.13026878
0.96686
-0.5122737
0.15982255
-0.7101248
-0.6927635
-0.2272664
0.3136432
-0.22575149
-0.97327495
0.9790122
1.3331118
0.13270769
0.13474636
-0.7550994
0.64148784
0.33235595
0.012965514
0.7030399
-0.9124573
-0.6677408
1.0607556
-0.15968177
-0.17263596
-0.08175721
0.3902287
-0.11085996
-0.9916033
0.57542765
0.79692334
0.859572
-1.1964968
0.5146687
-0.76957667
0.562716
0.060591206
-0.6027361
-0.22509101
0.6633148
-0.79957145
0.43786162
-0.12281297
0.8681466
-0.62493783
-0.53034043
-0.16065338
-0.36320043
-0.12739515
0.18267363
0.7332136
0.6789549
-0.26585695
-0.13553731
-0.7258979
-0.73504543
0.39178607
0.6712488
0.27310437
0.52734756
0.55598265
-0.048903752
-0.84910285
-0.05084038
-0.75136465
-0.530575
0.4651891
0.4270481
-0.21640839
-0.58462465
-0.78879285
0.13127783
0.968379
-0.0859978
0.97558415
0.58067274
-0.68513846
-0.014908017
-1.0684022
0.056776546
-0.40869817
-0.15546143
-1.1365728
-0.89323014
0.6059159
-0.6232762
-0.2970671
-0.38334703
0.32979852
-0.20343372
0.22743644
-0.26281053
0.85364324
0.5205304
-1.0594945
-0.5119609
-0.46048024
0.52309614
0.28369465
0.80206716
-0.6631591
-0.23580831
-0.5704206
-0.04319106
0.3445321
-0.27083206
-0.3210363
-0.1798122
0.48364168
-0.23853375
1.0805756
0.19059864
0.91068685
0.19802527
0.8384023
-0.12283948
0.5731504
0.79014164
0.7201717
0.25944623
-0.35176858
-0.423175
0.014363561
0.38566983
-0.32482156
-0.046622902
-0.64995635
-0.7079754
1.0094525
-0.35850182
0.8128239
-0.6435054
0.6550045
0.14496553
-0.22748269
0.26969913
-0.5716323
-0.003325221
-1.091616
-0.98142755
0.6860331
0.40347686
-0.087990776
-0.70326525
0.22198832
0.65686595
-0.9531732
-0.27994007
0.22407502
-0.18990235
-0.35308746
0.9468319
0.18679391
0.783401
-0.051281247
0.41369277
-0.46556562
0.87138283
0.11293397
0.9756858
0.2863552
0.46162832
-0.73184675
0.1718459
-0.34805864
0.66683656
-0.24913114
0.064228505
0.95682025
0.6183265
-0.049449835
-0.58667165
0.02722578
0.6990476
0.7426461
0.13562411
-0.45813388
0.05166828
-0.87366337
-0.292754
-0.384844
0.88741076
0.1801108
0.13150665
0.7945259
-0.35051116
-0.46003643
-0.69492066
-0.6161965
0.76768553
-0.032549713
0.3231628
0.3338764
0.092599235
-0.029045887
-0.1465401
0.7682785
-0.35845113
-0.33464405
1.0505188
-0.16282324
-0.5651264
-0.1112878
-0.004574146
-0.19848748
-0.27022433
-0.16631588
-0.7301555
0.2483034
-0.08687002
0.6494941
-0.91564006
-0.08636377
-0.010724525
0.14991695
0.37782207
0.9413314
-0.051140998
-0.20681682
0.27495402
0.0724995
0.18057226
0.34598753
-0.48500812
0.26390615
-0.715714
0.42637292
0.35243285
-0.6663479
-1.0445232
1.0082035
-0.20722108
0.3105559
0.32685015
0.05639404
0.012117188
-0.17051661
0.016686145
-0.5984248
1.0823861
0.6150813
-0.80748075
-0.13369843
0.27184334
0.78657806
-0.3267413
-0.8488538
0.69000715
-0.07431298
0.59131676
-0.11353591
0.31427354
0.05127577
-0.5398374
1.014258
-0.956881
0.017343903
0.3459582
0.5664169
0.0667089
0.6357939
0.46118194
0.42522943
-0.78620213
-0.08799484
-0.54745275
0.6822611
-0.50084335
-0.84932876
0.0064209276
0.31929532
-1.0537347
-0.08688047
-0.55628395
0.6728008
0.9404446
-0.29559427
0.14765386
0.13166955
0.57877123
0.84586716
0.71744144
-0.4834139
-0.3874036
0.54050064
-0.16438274
-0.16296127
-0.5669344
-0.37724516
0.39697772
0.6481569
-0.8114999
-0.35698867
0.38443926
0.27293354
-0.69131994
-0.020456191
-0.22797595
0.624992
-0.46103692
0.31951258
0.27531174
-0.049833845
-0.061839666
-0.24707228
-0.7171712
1.0745455
-0.5114868
-0.98143834
0.07058319
0.90772843
0.5804884
0.27165133
0.25631335
0.041639663
0.9495577
0.30654654
-0.45897523
-0.29570407
0.126401
0.008988898
-0.1908182
0.1813693
0.43040022
-0.97995335
0.23047765
-0.10754534
0.3932488
-0.745212
-0.5200606
0.106285706
0.27444115
0.0033343048
-0.18427084
0.20950696
1.0211239
0.34345126
0.22336692
0.79681313
0.2267879
-0.043667007
-1.093425
0.35381
-0.76046556
-0.29960042
-0.060949933
1.0640721
-0.2519909
-0.9179211
1.1622252
-0.053861935
0.47614095
-0.43760386
-0.74004465
-0.4257533
0.17985912
0.15418151
-1.0846745
-0.62944496
-0.11706783
-0.51512593
-0.48713824
-0.40839726
-0.024129743
1.0420681
0.0968075
0.80772597
-0.7855233
0.2437488
0.04543658
-0.5297726
0.0031714046
-0.06751629
-1.1025231
-0.07902578
0.50566065
-0.054571766
-0.10335655
0.34601554
-0.27499244
-0.08861352
0.20879476
0.8498088
0.059058506
-0.76558006
-0.17199236
1.0326946
-0.06135402
0.20311266
0.018589672
1.060609
0.14993149
0.072486505
-0.12708552
0.59512216
0.7966455
0.2842232
-0.46211547
-0.47681662
0.70266
-0.12350923
0.7818339
-0.42558303
-0.7705702
-0.5228547
0.7052214
-0.68655866
-0.9271211
-0.46120816
0.005136179
0.5865577
0.7613991
0.68050486
-0.50012827
0.7718531
-0.3670674
0.5203319
0.59053504
-0.41385254
0.0058018877
-0.59435815
0.6648868
0.16338712
-0.62126863
0.3699341
0.9424573
-0.7260834
-0.6354164
-0.123735994
-0.6387697
0.3896026
-0.2674226
0.581044
-0.0020602124
0.08681016
0.72661036
-0.9338098
0.5097194
-0.16268657
-0.31788602
-1.2481142
-0.21576625
-0.055407446
0.2481939
-0.2682269
-0.001294862
0.081460565
0.41374236
0.44118044
-0.09849771
0.5280472
-0.68768317
0.5521757
-0.10821908
-0.396523
-0.5126872
-0.14467242
-0.7271424
-0.12164491
0.5677923
0.5663037
0.1886696
0.49111328
0.23330113
0.2852181
0.07081551
0.38698733
0.36149034
-0.34752947
-0.47784215
-0.18970674
0.7371379
-0.20267151
0.28479213
0.88106346
-0.11568907
0.1140185
0.6509575
0.65391433
-0.31505066
-0.7374926
-0.8118015
-0.5773067
0.32164633
0.10140652
0.19040328
-0.0023465296
-0.6123245
-0.49415758
-0.46436912
-0.10536441
0.35799035
-0.10672659
-1.0109626
-0.33050168
0.2680774
0.34290123
0.0063839797
1.0959617
0.3898925
-0.24495181
-0.43144456
-0.9097668
0.459789
0.8641791
-1.0510784
0.12702164
0.69586706
0.21614127
0.22091086
0.13682395
-0.39800802
0.4268803
-0.26396862
-0.77638584
-0.45137784
-0.6657621
-0.69050324
-0.032186523
-0.5417694
-0.5537694
0.03976086
-0.5910497
-0.0941181
0.19355051
-0.013943783
0.9157205
0.631209
-0.119435266
0.3743228
-0.17625365
0.4804194
-0.128268
0.28894237
0.30126232
-1.012231E-4
-0.16949631
0.67785114
-0.60883194
0.7533031
0.80075824
-0.7964136
-0.67812437
-0.89595443
-0.51189595
0.055709254
-0.07414319
-0.14056262
0.29654092
-0.3554565
0.1333953
1.2733326
-0.43731168
0.6267969
0.777752
-0.48963684
-0.6401134
-0.123641916
-0.17443284
1.0167137
0.44934842
0.0076855174
-0.60576385
-0.38797712
-0.21749696
0.68820757
0.17817566
-0.6427574
-0.53768665
0.024086908
-0.39297605
-0.41303483
0.13198914
-0.3039425
0.675556
-0.5064372
-0.48101884
-0.6770473
-0.76247936
0.5363427
-0.17549828
0.1452331
1.0119859
0.22988197
-0.6064819
0.5683185
-0.10198504
-0.24875304
-0.47333077
0.39867517
0.3837137
-0.15339409
-0.37454838
-0.7672465
1.2565849
-0.7464008
-0.27170336
-0.13696076
0.38524273
0.5217956
1.0457985
-0.03335489
-0.062253363
-0.47933942
0.006959398
0.09976722
0.9501938
-0.42800507
-0.15273996
0.29462194
0.44349724
-0.42266667
-0.22620136
-0.03575255
0.52459466
-0.31853142
-0.45851445
0.09206644
-1.0045786
0.21956365
-0.3063033
0.8181078
-0.8302197
0.5989968
0.28614753
0.62838656
0.32889202
-0.5388194
1.0954654
-0.4563464
0.41623834
-0.09286468
-0.04781413
0.057078436
0.64361584
-0.8755437
-0.32412478
-0.66239786
-0.85296685
0.44143748
0.044850256
0.60574234
-0.3491787
-0.6748173
0.27431455
-0.45952606
0.45107514
-0.5188975
-0.39508864
-0.15504737
-0.15437163
-0.5901008
0.4686754
0.5407674
-0.30123588
0.41334045
-0.49241835
-0.5304131
-0.73447937
0.5980429
-0.7242536
1.5672184
-0.13435736
-0.69374716
-0.1972103
0.654415
0.022645997
-0.06864144
0.44508207
0.74418056
0.3503239
0.23491634
-0.88612515
-0.7797075
0.8644319
-0.3145583
-0.57152724
-0.0758756
-0.23190394
0.532213
-0.36247596
0.4379902
0.57674974
-0.89634466
0.09963854
-0.29986584
0.27356267
0.43026504
-0.60757077
-0.32044968
0.2372922
-0.12771115
0.25722575
0.5076019
0.11656726
-0.5350455
-0.88782895
0.6710802
-0.08789231
-0.7231687
-0.63679284
-0.010967736
-0.527036
-0.36458826
-0.024680277
0.20441018
-0.16771725
-0.1396809
0.43884283
-0.54042095
0.60821086
0.0560436
-0.053265657
-0.15184182
-0.37636974
-0.6226878
-0.15482502
0.8248296
-0.0010107971
-1.0526901
0.92634505
0.39553505
0.7973917
0.23085108
0.38404062
-1.1927764
0.17407127
0.17270997
0.6726435
-0.7854294
-0.56666255
-0.47022864
0.053791795
0.24840899
0.015343668
-0.5030792
-0.35690752
0.7550088
-0.16279294
-0.8790934
1.2937809
-0.015314345
-0.22238477
-0.50352585
-0.16562441
-0.14922732
0.036444783
-0.5967287
-0.53967184
-0.55264926
0.7724467
-0.34720904
0.31820202
-0.4826127
-0.51011896
-0.4054252
-0.68666506
-0.11728791
-0.09792906
-0.16690223
-0.87070185
0.042303648
-0.47103596
0.3168019
0.43270722
-0.27377686
0.42207918
-0.53359365
-0.6240812
-0.3285889
0.6164867
-0.54056025
-0.59765303
-0.29150328
0.33252037
-0.46317735
-0.16511577
-0.14547916
-0.1652023
-1.0151345
0.073986255
0.018433299
0.18547216
-0.21386807
-0.46672386
-0.5849617
0.937787
0.76471835
0.90750456
-0.9995233
0.55208254
-0.7246039
-0.9948697
-0.24938035
0.128298
-1.2823993
-0.0036200655
-0.32198605
-0.09123349
-0.9723987
0.11626971
0.34241232
-0.027001632
-0.53776616
-0.0131325675
-0.6124146
-0.0014856636
0.5452637
0.4195443
0.040181533
-0.7622576
-0.7956301
0.8647553
-0.023281971
-0.5597162
0.45101532
-0.65102494
-0.3161932
-0.44519302
0.5103324
0.6888203
0.23091677
-0.2146119
0.2823546
-0.58243287
-0.023585526
0.2660647
-0.52444893
0.40496516
-0.5967578
0.47464088
0.3914542
-1.1280444
0.439953
-0.088920884
-0.724329
-0.012541744
0.9545364
-0.8487492
-0.8204538
-0.5679119
0.40654325
0.6197451
0.56277835
0.0633093
-0.09048638
-0.22716059
-0.56518775
-0.36605024
0.26032352
0.24373484
0.2633009
0.9807853
-0.060151007
-0.21389963
0.2571866
-0.48597813
-0.55129117
-0.29120013
0.8105201
-0.28789747
0.8655653
0.5517876
0.33075327
-0.5060116
-0.16155906
-0.8887978
0.27557006
0.7056315
-0.3010954
-0.029532745
0.51116
-0.62534153
-0.08924354
-0.41060236
0.6666392
-0.17415458
-0.7921159
0.4390175
0.704541
0.93664986
-1.1704062
-0.63322383
-0.229386
0.2457057
-0.68062836
0.522284
0.99573064
-0.2644123
-0.15965943
-0.5512789
-0.04476864
-0.14986666
-0.28309366
0.8259296
0.25806892
-0.48772416
0.20547102
-0.6549421
0.29471105
-0.34750915
0.22351566
-0.49785885
-0.4332628
0.40485308
0.7670509
-0.51335174
-0.34337032
0.07330571
0.67317784
-0.23634194
-0.61646104
-0.24786974
0.7968649
0.06467895
0.023353264
-0.91436815
-1.7162028E-4
0.22612958
0.39718196
0.9528268
0.010215776
0.13114977
1.1545477
0.2184275
0.62589353
-0.3227644
0.04171779
-0.28310606
-0.8952751
-0.36856192
-0.35496327
-0.03686502
-0.12616895
0.8899157
-0.7987573
0.06292401
-0.21352722
-0.6986301
-0.5919572
0.4450337
0.68692553
1.0352727
-0.0133268265
0.8104706
0.5854385
-0.34332076
-0.45692918
-0.7498515
-0.12382565
-0.5309656
0.22117981
0.34338975
-0.47435185
0.2443013
0.49805138
-0.28796408
-0.55619323
-0.85832053
0.086096734
-0.37275094
0.8511465
0.62556434
1.1083964
-0.7298149
-0.3520567
-0.4345842
-0.7992805
0.2586383
-0.24912077
0.78027165
-0.08859635
0.17445354
-0.07373051
0.89415085
0.40080154
0.03577998
-0.13871162
-1.353144
-0.049077176
-0.88701
0.41252106
0.565848
0.46485808
-0.1103635
0.06536238
0.455978
-0.87652194
0.7550513
0.06845407
-0.3335254
-0.66126806
0.633197
0.99113744
0.39451364
-0.75786304
0.13007136
0.4139986
-1.2800378
0.02923681
0.8538631
0.20056485
-0.3796097
0.22111644
-0.29424644
0.5450965
0.5387756
0.19113694
-0.49434447
0.80317146
-0.06282649
-0.45138827
-0.9283721
0.7485721
-0.24125071
-0.8746321
0.21071956
-0.12627323
0.052959893
-0.615239
0.45913422
0.8338158
0.18639603
-0.40080082
0.78284234
0.19898178
-0.30135572
-0.69059134
0.89161557
0.3668446
-0.30995697
-0.017903931
0.71399975
0.35783193
0.22626668
-0.13101456
0.48046386
-0.8900084
0.869512
-0.06460689
-0.2964548
-0.3216011
0.374622
-0.76973796
0.29132617
-0.3473918
0.41104677
-0.2073233
0.55347514
-0.5388418
-0.13007529
0.13423629
0.3953306
0.7145758
0.02407155
0.26494396
1.0740352
-0.38467
0.45909074
-0.5861644
-0.37959543
0.2549722
0.20624465
-0.19398524
-0.6652715
0.40690476
0.44496387
-1.2668322
-0.51986885
0.8923628
0.60231024
-0.068923526
0.4385844
0.429732
0.79920053
-0.745505
0.9209956
0.257704
-0.6928763
-0.5206495
0.06978184
0.68715805
0.08827831
-0.12463597
-0.78740764
0.8342676
0.94662654
0.5474764
-0.37256032
0.5946088
0.37475747
0.5854439
-0.3692692
-0.45219743
0.034483526
0.091183804
0.434552
-0.68918437
0.16445237
-0.6473496
0.1807284
0.2098057
0.074519545
0.6134068
0.8227277
-0.13850033
-0.38349637
-0.48063013
-0.76222044
1.0364201
0.0619324
-0.75824434
-0.35430968
-0.93029743
-0.1893001
-0.6315178
-0.32724842
0.2460753
-0.23982146
-0.38572446
0.7721519
0.06377607
-0.25004917
-0.29251632
-0.5691245
-0.043887522
0.77077764
0.3621539
-0.6394921
0.6069284
0.2603459
0.7326859
-0.7309645
-0.55098325
0.77418774
0.003159898
-0.89557534
0.160101
0.7160031
-0.075328
0.22658372
-0.5291272
1.189306
0.2652575
-0.17618236
0.10112714
0.33937925
-0.7420807
0.35550842
0.88999367
0.10508599
-0.198617
0.5980969
0.76288754
0.53577644
-0.15174668
0.36278564
0.20178816
0.23796514
-0.3818909
0.63030034
-0.28562197
-0.5861088
-0.5515485
-0.5703357
-0.57572436
0.35793766
0.2045332
0.4092568
-0.3235454
0.26287436
0.61554354
-0.4856961
0.51940805
-0.48945457
-0.8713358
-0.94380087
-0.4956842
0.40078846
0.75632983
-0.36961412
0.394064
-0.31272912
-0.63877904
-0.8592833
-0.6576006
-0.4641894
-0.14633432
-0.29595035
-0.7231344
0.776687
-0.5714625
-0.9085469
-0.48592868
-0.13435023
-0.61617917
0.05143708
-0.6132049
0.5643233
-0.61901
1.0844507
-3.5548722E-4
0.33181694
-0.17514741
-0.34888235
-0.2120051
0.89832526
0.8809605
-0.39470276
-0.27714893
0.20601392
0.72590744
-0.61146027
-0.62642086
0.24492833
-0.11599786
-0.02697327
0.7069948
0.9072534
0.14852609
-0.11749807
-0.26255098
0.62172884
0.73265415
0.8327156
-0.99323237
-0.3836077
-0.034567647
0.28524742
0.018675316
-0.90862983
0.4132226
0.4987878
0.89444023
0.120818235
0.38103616
-0.36731896
0.32401878
0.6901566
0.009966053
-0.8459674
0.4261601
-0.49455652
-0.22904395
0.6678138
-0.71324265
0.19498403
-0.86974823
-0.53265756
0.24084653
0.87843513
-0.49027565
-0.10951691
0.23033245
-0.59458834
0.0969419
-0.77129215
-0.85746956
-0.84424025
0.48271623
0.69308835
0.9038522
-0.19854628
-0.07306409
-0.9862416
0.10216492
-0.7139294
0.6874764
-0.5395733
-0.32122794
-0.90272796
-0.3954543
0.49412253
-0.043169484
0.48039362
-0.7776588
-0.25294748
-0.5158604
-0.82055676
-0.81853795
-0.568373
-0.044901088
1.1159143
0.5498899
-0.9798132
0.1101888
0.40329874
-0.2810746
2.5402886E-4
0.7207049
-0.0069052414
-0.7183557
0.08715268
-0.24233827
0.48271108
-0.030533094
0.37666014
-0.6619223
-0.9167119
-0.54189247
-0.55752355
0.23816934
0.8220842
-0.9423516
-0.28421718
-0.4112808
0.80315924
0.40037823
-0.024242518
-0.8358692
0.9647029
0.3735571
0.37540337
-0.6780263
-0.15550682
0.55950135
-0.7987493
-0.7219784
0.036871944
-0.50982773
-0.6916369
-0.5810713
0.092101276
-0.37214386
0.84214264
0.69118655
-0.55006385
-0.15221265
0.7456035
-0.18161763
-0.17325206
0.0356127
-0.1182116
1.0607716
-0.69868374
-0.00820431
-0.7600131
0.8160774
0.11578072
0.062125437
0.4082953
0.62712073
0.792321
0.8167487
-0.21742624
0.17202282
-0.35319966
0.59339124
0.21683809
0.40035224
-0.53515077
0.51150095
-0.3542556
1.0529888
0.5145075
0.8676806
-0.7355442
-0.12486779
0.6458063
0.75849533
-0.3845516
-0.06565174
0.1159146
-0.49009645
0.73266095
0.2963558
-0.4087868
0.64143664
0.82797724
-0.65382195
0.74577516
-0.5396627
0.3659379
-0.8261236
-0.45659313
0.39991295
0.59222555
0.49521548
0.3194906
-0.32914594
-0.5685376
-0.24213539
-0.6762358
-0.8945451
0.5930434
-0.50932276
0.84147996
0.9626441
0.29047695
0.24209508
0.7111149
-0.7738056
-0.6100358
-0.9097088
0.3420066
0.2955115
0.7175171
0.8427252
-0.003302562
0.53741753
0.4289753
1.1633692
-0.17764743
-0.17659003
0.7112355
0.24110046
-0.34988505
0.16374698
0.20135896
-0.51720357
0.060052846
-0.905163
0.08818919
-0.3617812
-0.113439
-0.17835312
-0.25291416
0.103118986
-0.16492842
0.7875069
-0.84562653
0.71438324
-0.7361776
-0.51039433
0.6662751
-0.30818287
0.6284092
-0.5024118
0.33312726
-0.8489737
-0.8637974
-0.20431449
0.27344835
-0.33078843
-0.9797878
-0.48420635
-0.50500816
0.80355346
-0.64435345
-0.70739514
0.5591933
0.43872866
0.56752247
-0.05811445
0.4929868
-0.40938365
0.15511563
-0.8212103
-0.27369487
-0.3959996
-1.1529568
0.6392441
0.2547451
0.57464105
-0.26120463
0.59517586
0.621101
0.37134665
-0.5714499
0.5374582
0.20207739
0.62357104
0.8224677
0.65198916
-0.8817853
0.17482428
-0.517459
0.5575014
-0.30856642
0.0033377628
0.6757288
0.57535726
0.33470672
-0.75712824
0.8168591
-0.39508796
0.85283554
-0.8398744
-0.26220357
-0.66256917
-0.067298375
-0.39292338
0.30302933
0.16861612
-0.22915436
-0.57445174
-0.44738597
0.032629546
-0.0940602
0.6444128
-0.840757
-0.6825679
-0.30237925
-0.5178405
0.123232804
-0.5691752
0.2133263
0.3279857
0.8272477
0.21219335
0.8245935
-0.5208822
-0.79878306
-0.59910345
0.66859794
-0.44455874
0.13443996
-0.51126975
0.5751935
-0.32050097
0.29916853
0.7310889
0.86728483
-0.31725764
-0.39220035
0.6629253
0.17076547
0.32303956
0.32418114
-0.7174433
-0.7310983
0.67362434
0.68988246
-0.5812896
0.031923946
0.0057290182
0.66020274
-0.32087559
0.0011637515
-0.3127416
0.61208326
0.6399048
1.0085207
-0.8281693
-0.14675142
-0.46315646
-0.5040349
-0.37105727
-0.49941206
-0.21555717
-0.121037476
-0.7509483
0.32143173
-0.53584677
-0.94626784
0.48069173
0.39112428
0.2622338
0.13130903
0.12693913
0.69271237
0.17637795
-0.8512493
-0.6975275
-1.264045
-0.4934788
0.7029637
0.16746707
0.7161384
0.14685394
0.13644546
0.18725301
-0.070988916
0.5136142
-0.50285494
0.8098688
0.1226695
-0.76236653
0.3097046
-0.12132293
0.21269268
-0.88341904
0.84177
-0.59141153
0.73991036
0.54696363
0.5345225
-0.9403572
0.4245457
-0.65005815
0.3683375
0.36640587
-0.05126931
0.21037564
-0.4185739
-0.9184549
0.49605638
-0.42928165
0.014232631
0.20358607
-0.43275118
0.12967363
-0.30718005
-0.4721373
-1.1321868
-0.26654637
0.4932236
0.60821396
0.8322029
0.08299137
0.6976953
0.5538575
0.6755101
-0.09204864
-0.42963323
-0.5275862
-0.79203725
-0.052137077
-0.2724341
-0.6418309
0.0017587467
-0.3247603
0.6084245
0.058504123
0.06409743
-0.31069228
0.22574656
0.6884664
-0.087743506
-1.0644234
-0.6673352
-0.086216085
0.42440808
-0.17389861
-0.34204382
0.72565347
0.3955785
1.3001809
-0.25152445
0.5802479
-0.40781188
-0.44418135
0.10037903
0.56687564
-0.7782226
-0.24550731
0.22667214
0.44487628
0.22686316
0.7180705
0.07704385
-0.12334383
0.34614632
-0.40092522
0.10835685
0.068075396
0.21945004
0.5073405
0.07177673
-0.59468466
0.5751683
-0.13680576
0.29986325
0.21088594
-0.025504444
-0.07360327
-0.3870836
0.12668149
0.5772162
0.670358
0.3656379
0.4886319
-0.061285153
0.20612596
-0.26418915
0.39419273
0.35217583
-0.062468152
0.43316767
-0.5239282
-0.7183369
-0.007385958
-0.38044262
-0.46264532
0.7958909
-0.6376717
-0.30679634
-0.06219242
0.73937416
0.054237112
-0.79072654
-0.686826
0.87559795
-0.90175056
-0.50486153
0.08000613
-0.32014906
-0.89455485
-0.40947822
-0.39870813
-0.52857214
0.8722828
0.9664622
0.9202509
0.6851073
-0.26866964
-0.5751477
-0.5933096
0.31795114
-0.11960685
0.33288988
0.84307253
-0.7308497
-0.92183286
-0.28344908
-0.7922677
-0.42020056
7.173721E-4
0.24674763
-0.18181576
0.058547936
0.31916356
-0.8626976
0.34903565
0.111436345
0.25557408
-0.12611571
0.4193592
-0.42387494
-0.5379344
-0.102924325
-0.78334033
0.6814158
0.24244098
0.005480392
0.8193079
0.5550546
-0.7804543
-0.67003125
-0.07229313
-0.6590693
0.85250276
-0.16578302
0.6014915
-0.086020105
-0.10488025
-0.039939344
0.39037034
-0.26120105
0.6136087
-0.3903288
-0.083948985
-0.46908334
-0.3667336
-0.16933481
0.9008048
-0.8046755
-0.44129372
-0.62143755
0.42246035
0.4384673
-0.45617977
0.60386354
0.5509578
0.11043862
-0.7600376
-0.21725695
0.07499518
0.47940576
0.46997592
0.27737424
-0.07218238
0.42688668
0.24493158
0.103595324
-0.7050187
-0.2699783
0.065860696
0.06757022
-0.3104571
-0.7087498
-0.83675337
0.18068375
-0.68526435
0.68250316
0.17993383
0.52716357
-1.0372707
-0.4596241
0.079177976
0.36365432
-0.29348016
-0.5534392
-0.8618098
-0.27212086
0.2686744
0.67763287
-0.14009
-0.43227446
-0.24005942
-0.6045148
0.16188456
0.475016
-0.36876008
-0.324006
-0.80415106
-0.17397206
0.70424974
-0.35873523
0.48205894
0.40849125
0.52192193
0.01723194
-0.5481752
0.6613363
0.55100095
-0.70855534
-0.6643774
-0.078022115
0.050650973
-0.80198705
-0.39941543
-0.8501647
-0.49223697
-0.47294176
0.003720325
-0.6141519
0.45407453
-1.0084766
0.74686724
-0.67965347
-0.23244736
-0.5117109
0.85545975
1.0407332
-0.36870474
0.07018457
-0.66256577
1.2295054
-0.10907536
-0.562762
-0.11112094
-0.023843471
0.17835577
-0.9404487
-0.06184294
-1.0160047
0.5260117
1.1583718
-0.1822018
-0.47163177
0.47717705
0.64479995
0.2885882
-0.3241154
-1.0398673
-0.4736464
-0.50825316
0.7308866
0.121114746
0.38888055
-0.1494906
-0.32174587
-0.30159634
0.28683725
-0.5353178
-0.65986973
-0.8854842
-0.40763113
0.33098352
-0.4090022
0.15890591
0.5202124
0.30113497
0.8710714
-0.19079687
0.10905369
-0.494591
-0.17337354
0.2178984
0.7509908
-0.0019294203
0.15270896
0.6680165
0.9355542
0.15098174
-0.61024565
-0.019533746
-0.25346747
0.06584085
0.6280122
-0.5065194
-0.21109754
-0.3744033
0.46548057
-0.5996864
0.19518203
0.46627074
0.9048303
-0.5369295
0.54313266
0.77368146
-0.37026364
-0.3763999
-0.10227856
0.2754889
-0.74642223
0.13477215
0.5246314
0.250003
-0.37986436
-0.37270692
-0.26923615
0.35065013
0.023146547
-0.6586783
0.46895978
0.06790365
-0.5025791
-0.73267305
0.9162232
0.2611619
0.48589525
0.8724618
0.016355554
0.15452838
-0.4166766
-0.9252993
-0.32984754
-0.037958544
-0.33591688
-0.74936855
0.5363283
1.1770988
-0.049609333
-0.60150844
-0.03027329
0.24791878
0.4459156
0.4933413
0.36235455
0.010806041
-0.0033867054
0.582308
-0.5150486
-0.29613104
-0.37701905
-0.669393
1.075385
0.904188
0.29877242
-0.7706587
-0.19011983
-0.2828058
-0.37463623
-0.2542576
-0.14846195
-0.4115545
-0.8181961
0.25169516
0.054338846
0.12790947
0.2887741
-0.40832135
-0.7970835
-0.7287928
0.8600507
-0.74762607
0.98202217
0.25605989
-0.70074517
-0.32070422
-0.4424687
-0.122107156
-0.8735902
0.20512295
0.80363023
-0.29287905
-0.01259621
-0.051861547
0.33024332
0.42939705
0.07575202
0.34895727
0.9281053
0.7393269
0.4522056
0.20606568
0.48829985
0.47472718
0.04537989
-0.08228782
0.16879791
0.6462536
-0.03772897
-0.024652189
-0.62582386
-0.2424155
-0.37538815
0.1530736
-0.8172731
-0.12445569
-0.57506484
0.9661392
-0.40620705
0.18155995
-0.42466897
-0.619816
0.33862475
0.8371044
0.28866214
-0.010217292
0.04333659
-0.12200648
0.4157178
-0.61443174
1.1418058
0.047376737
-0.7133903
0.22823063
0.2132749
-0.75488394
0.05603895
-0.21777171
0.382388
1.0006844
-0.43694073
0.7703198
0.54094434
-0.37665012
-0.8715852
-0.28396913
0.56914777
-0.19935434
-0.3874388
-0.06549278
0.10330942
-0.8566264
-0.34811717
0.47346833
-0.003891921
0.17505448
0.13734603
-0.45889235
0.101273805
0.7258102
0.19160725
0.9786828
-0.28394353
-0.48865673
0.7250921
8.719091E-4
-0.08592507
-0.5215454
-0.5411395
-0.33614838
0.004138918
1.2702177
0.5110303
1.233805
-0.27034155
-0.6484143
-0.4166589
0.5556969
-0.57367915
-0.027577138
0.0084012905
0.39984
0.7629912
0.25741383
0.3734122
0.33776933
-0.7909124
0.15943651
-0.4573645
-0.056672726
-0.20133905
0.12475929
0.8608913
0.51841265
-0.36424363
0.742165
0.43078452
0.07366064
0.76404756
-0.5064993
1.2367824
-0.35794392
-0.6013477
-0.33328792
-0.4831898
0.592117
-0.8550954
0.89155513
0.70942605
0.3579858
0.9594557
0.57717353
0.026381763
-0.6604694
0.23341954
0.518519
0.27010995
0.26557085
0.7151002
0.07445606
-0.8118466
0.5386936
-0.76984984
1.0991138
-0.5218426
-0.40564853
-0.43926242
-0.033589777
-0.4913904
-0.41538334
0.3268536
0.24058005
-0.3956878
-0.7298691
-0.35227457
0.7195335
0.22659019
-0.47951505
-0.11651233
-0.2990198
0.55657685
-0.6821403
-0.56005853
0.0872969
0.68638027
0.44309166
-0.038270507
-0.049736205
-0.78319824
-0.59359497
-0.049226172
-0.19004868
-0.26716733
-0.8305718
-0.25178334
0.9450571
0.4952559
-0.5905416
0.48653567
0.68305224
0.6489775
0.757967
-0.2459513
0.9426317
0.9125159
-0.06946606
-0.76950157
-0.851011
0.5821286
-1.1113644
0.8121613
-0.43761218
-0.6670949
0.81968755
0.28690857
-0.8014922
0.22613908
-0.67280996
0.68013066
0.88844186
0.76631653
0.47609186
0.26957822
0.67896014
-0.77637047
-0.5386837
0.48359784
0.46139044
0.6972806
-6.7745347E-4
0.3365156
0.22847235
-0.767569
-0.8649542
-0.12670852
-0.6862647
0.3596196
-0.22678204
-0.4633869
0.58041424
-0.7550485
0.45846024
-0.041356854
0.5803845
0.97923535
0.9665553
-0.024749652
0.06920939
0.56766826
0.40405324
0.45577398
-1.1061689
-0.8665442
-0.23538283
0.47544214
0.6612058
-0.21852553
0.26556295
0.05690225
-0.1728667
-0.3464217
0.6909954
-0.20417967
0.48822495
-0.30858654
0.39382744
0.078907505
0.28640896
0.2738483
-0.66819906
-0.2547812
-0.9428807
0.49755147
-0.7913452
-0.20898564
-0.42046884
-0.4656034
-0.522232
-0.09401729
-0.75902873
0.31402057
0.67597985
0.11074297
0.5883216
0.4930013
0.19420516
0.1750425
-0.31933135
0.04303359
-0.12590384
-0.50160414
-0.5588152
0.49224994
0.2534512
-0.3587129
-0.3856083
-0.7196873
0.119587965
0.41011202
-0.7299892
0.13829796
1.0455304
0.22419092
0.14913872
-0.7566063
-0.6130886
0.60569537
1.0524536
-0.8983045
0.0034286862
-0.6843906
1.0115801
-0.39911076
0.3500415
1.2500849
0.6007308
-0.7785284
-0.076418325
0.8833887
-0.059839994
-0.5670558
-0.6397322
0.2499036
-0.8169464
1.0523993
0.72765195
-0.46535587
-0.38151416
-0.6155634
0.43541577
-0.09617551
-0.20397733
0.42222002
-0.0050327834
-0.3945823
0.114170454
-0.27571207
0.81687236
-0.15354353
-0.20872831
-0.0058946437
0.062682725
0.6807229
-0.5359838
-0.33790597
-0.78447884
-0.16191979
0.15114516
0.64856946
-0.58807427
0.27444264
1.0512006
0.5262206
-0.69136226
-0.8622878
-0.24909459
0.33476913
-0.087412275
-0.029024722
-0.3925937
0.38646346
-0.32808408
-0.46811828
1.2384174
0.8649748
-0.5266503
0.3923176
0.21060582
-0.10390057
-0.79017943
0.33931646
-0.5958489
-0.023374142
-0.37267902
-0.3455347
0.5976288
0.48713788
-0.20483623
0.39892682
0.2110925
0.5711753
0.40271223
0.76381505
-0.5508481
-0.6174101
0.2211061
-0.3839642
-0.08645106
0.6845424
0.4022966
0.39734235
-0.5616688
0.68642896
-1.0921524
-0.64252937
-0.26820365
-0.9693513
0.665081
0.51109946
0.41176018
0.13301316
-0.6825573
0.49658528
0.3288483
0.1808801
-0.07384933
0.3231625
-0.23439504
-0.50846875
-1.0186653
-0.020847617
0.45059076
0.20421387
-0.65971637
-0.62495726
-0.5312527
0.5360024
0.024582656
-0.25153506
0.24600135
-0.12344652
-0.21707724
-0.5447766
-0.5903291
1.0721823
1.1087749
0.034955267
0.40589562
0.533907
0.22184572
0.07883907
-0.58377165
-0.6728785
-0.13935424
0.293801
0.6812488
-0.31891114
-0.3990893
-0.2940189
0.42580095
-0.50953406
-0.1391556
-0.41075814
0.6516068
0.48833117
0.5611643
-0.30120677
0.2684097
0.3282857
-0.24605808
0.54115033
-0.7467175
0.8639045
0.23093188
0.9171083
-0.25387478
0.19020091
-0.46302655
-0.11610208
0.7729502
-0.5559643
0.51499104
0.73599464
0.34376207
-0.610016
1.0969505
-0.094145134
-0.027342059
-0.36983657
0.4889823
0.19310561
0.2774183
-0.5399573
-0.71367943
0.64208335
0.45735413
-0.5640994
0.29220587
0.4341071
0.12651934
0.110976726
0.16606611
0.5933543
-0.5746578
0.7215233
0.3080022
-0.5277035
-0.32259685
-0.9023352
0.39050794
-0.88569885
-0.14042477
0.650702
0.76394653
-0.6865642
0.82189965
0.15722373
-0.35853386
-0.6379862
-0.49213332
-0.3094402
-0.21267998
1.049003
0.54494375
1.0178401
0.04794835
-0.53551006
-0.33576888
0.09799189
-0.36145666
-0.8696935
-0.604052
1.032391
0.12939645
-0.46343142
-0.101895384
-0.3567236
0.714327
-0.0034582494
0.1436641
-0.28740397
0.25522867
0.76114666
0.20506193
-0.03898719
-0.18861006
0.5364855
0.30413103
0.0383447
-0.6341811
-0.6179922
0.5937517
-0.15836214
1.0474424
1.1122746
-0.17033075
0.75789815
0.6295823
0.64279324
0.73912525
-0.04748424
-0.8692335
-0.13647366
-0.073292226
0.43084544
-1.0115843
0.19004959
1.2112323
0.011496496
-0.048314393
-0.22880334
-0.22426456
0.9336452
-0.3049026
0.45937175
-0.57843935
-0.29834583
0.879266
0.35759616
0.0016637795
1.1393819
0.4096343
0.23710053
-0.36920357
0.5751192
-0.50359637
0.6126088
-1.1473857
-0.90405035
-1.099105
-1.0707556
0.962622
-0.7622688
0.962013
0.6408527
0.6353041
-0.36706376
-0.95394874
0.3401226
-0.40001157
0.36564472
0.7443554
-0.2270946
0.3398592
-0.33997545
0.606865
-0.59638083
-0.42212042
0.7891525
-0.047819037
-0.43823096
0.014361987
0.09627369
-0.21327992
0.12141056
-0.64489335
0.022013493
-0.630505
-0.529787
-0.18302983
0.13067271
-0.63327956
0.096352406
-0.14290911
-0.8071612
-0.30450678
1.0667679
0.7793441
0.84343946
0.43416113
0.1816604
-0.77719635
-0.7631928
-0.1743083
-0.08392485
-0.25768894
-1.14786
-0.21702467
0.42060074
0.25746244
-0.4258973
0.35329857
-0.4245692
0.2800685
-1.035257
-1.0831443
-0.36625624
0.21344887
-0.52267605
-0.42944142
0.45096636
-0.18241508
0.20659351
0.5814721
-0.0550214
0.1591556
0.7077168
-0.10803947
0.23288009
-0.45695877
0.44753247
-0.13789696
-0.028710188
-0.91538733
-0.26872355
0.7728501
-1.0539505
0.66421205
-0.23321764
-0.5214389
-0.1311061
-0.515895
0.5844959
-0.42050445
0.4410941
-0.7339572
0.47985214
0.41358092
-0.35546514
0.28196925
0.9333791
0.04049575
-0.5064482
-0.96649593
0.30413544
5.654245E-4
-0.1859049
0.2178188
-0.45374107
-8.210405E-4
0.49052703
0.09572911
0.25094795
0.91347593
-0.4072216
0.11860374
-0.33576697
-0.20069462
-0.18928798
-0.29784346
-0.7454166
-0.64126414
-0.814023
0.24174906
0.22849676
-0.8900484
0.48254916
-0.93626755
0.33293706
0.69498056
0.053922128
-0.61838704
0.6555194
0.5780442
-0.23708044
0.2369081
-0.2674314
-0.22043149
-0.16094229
0.48514807
0.4727132
-0.19344835
0.38753226
0.19577542
-0.2825773
0.7789354
-0.58982676
0.58610004
-0.2557269
0.06357235
-0.55167484
-0.47059622
-0.6741672
0.49491102
0.018131465
-0.33614603
0.07068308
-0.9785981
0.5130028
0.35829666
-0.36616004
0.5685782
-0.32129255
-0.52422315
0.25848988
-0.38010663
-0.58423746
-1.0271534
-0.039834175
-0.5264511
0.6078441
-0.7675187
-0.87130713
-0.38214767
-0.94397813
-0.17561969
-0.8638331
-0.5919389
-0.016856525
0.2800168
-0.7094161
-0.17655645
-0.27699438
0.3365148
-0.3448643
0.25194752
-0.6136487
-0.094702944
-0.59283715
0.9668501
0.27041778
0.39999592
-0.23828873
-0.41596445
-0.7808138
-0.43411472
0.6820291
-0.16529746
0.12608549
0.5577796
0.22661476
-0.51920015
-0.30793133
-0.27366078
0.3452474
0.7304557
0.5310941
0.026915988
0.89098907
0.2660403
0.5199759
-0.4140894
-0.25610992
0.71658677
0.50399166
-0.9551063
-0.025554815
0.5041445
0.3548624
-0.18658938
0.26455846
0.6444742
0.72734773
-0.065705344
-0.7183289
-0.8482599
0.37508133
0.4801628
-0.27496108
0.2340922
0.6225639
0.58580726
0.15709727
0.06231912
0.67185396
-0.44468263
-1.1265448
0.15360934
0.39068055
0.47742328
-0.21195807
0.28039113
-0.7427477
-0.5860615
-0.49041712
0.23478296
0.2595807
0.08495604
-0.1289351
0.13457686
-0.17828721
0.5080637
-0.5005704
0.69479555
0.61535925
-0.14085644
0.14536576
-0.99691623
-0.28048497
-0.57841
0.68239886
-0.32693473
0.6666738
0.2232562
-0.13320285
-0.12218566
-0.8207401
-0.30442157
0.12404612
0.19797824
-1.0003465
-0.04040936
-0.2399648
0.063705996
-0.8050546
-0.040395003
-0.3327392
0.21976095
0.62719584
0.6271401
0.27565154
-0.25447205
-0.24015269
-0.010555674
0.73092437
0.37067184
-0.8263773
-0.17567593
-1.0314097
0.041846674
-0.23163141
-0.27183926
0.7633739
-0.45691216
0.42791665
0.6304991
-0.21665443
-0.7468899
-0.24990824
0.53320193
0.32287967
-0.03889935
-0.6502049
0.37911433
0.54083055
-0.6941075
-0.48623687
-0.20112264
0.021630885
0.5614635
0.014715853
0.430803
-0.21167889
0.0571996
-0.03181254
-0.3472188
0.053150453
-0.58394694
-0.7109604
0.93182796
-0.466796
-0.50560325
0.16405213
-0.5194886
0.7178305
-0.3612525
-0.644257
0.7400435
-0.6951032
-0.61907095
0.07433852
0.5662295
0.14260013
-0.30188316
-0.23473246
-0.31889248
0.059536714
0.1899764
-0.5203366
-0.36227456
0.98036414
-0.052744783
0.58330226
0.38075846
0.10104455
0.10761046
0.00470472
0.1721648
-0.3900976
-0.17949125
0.5678963
-0.8257711
-0.17818198
0.20335273
-0.8530368
0.5631165
-0.0918413
-0.27632758
0.28049833
0.39981264
0.62111753
0.97666276
-0.38884884
0.71874034
-0.03666592
-0.29082286
0.73976153
-0.95624197
1.0937935
-0.29078415
0.7183034
-0.4376666
-0.5989178
-0.06808567
0.7481046
0.27379468
-0.036991727
0.020351244
0.48581997
-0.7625908
-0.7917299
0.35463452
-0.8392739
0.39484507
0.46184602
-0.2909608
0.78117937
-0.8511222
0.9233256
-0.023899568
0.8122361
0.09248474
-0.43363512
0.437743
-0.99288034
0.6491103
-0.6260208
0.788944
-0.96510994
-0.74139076
0.4090066
9.818856E-4
0.0117383655
-0.09579862
0.22479688
0.14704248
0.073757425
0.4947753
0.28085706
-0.54486287
0.45583326
0.44716606
0.23926498
-0.27436215
-0.2196302
-0.57630605
0.62184674
-0.015084222
-0.88640916
0.5606138
0.7170599
0.3467835
-0.36248386
-0.84786856
0.4840428
0.5696643
-0.17510436
-0.6665878
-0.9234633
-0.5853062
0.68072844
1.0011784
-0.19525178
0.8482789
-0.99633133
0.43302646
-0.3900203
0.9016117
-0.16677088
0.99700946
0.22030064
0.6330128
-0.8894661
0.43414286
-0.16674452
0.2544942
-0.2662558
-0.18884327
-0.21520862
-0.22673169
0.11609816
-0.602955
0.47260445
-0.62514067
-0.58718944
0.022018252
0.28485292
-0.5193144
-0.5257923
-0.30527067
0.8135391
0.6680229
-0.28828463
-0.04443485
0.87726694
-0.72152114
-0.043338794
0.7938643
0.7395051
-0.6131575
-0.26155502
-0.46005884
0.6392096
0.5637455
0.42018595
-0.39947793
-0.11170977
0.28237346
-0.16571078
0.12795897
0.174884
0.17766213
0.8136634
-0.22412749
0.02153635
-0.6748945
-0.3258652
-1.1777706
-0.59970015
0.25740394
0.5220992
-0.1453768
0.3255161
0.053626496
-0.14050156
-0.15697022
0.48017448
0.44396323
0.5445004
0.45333436
-0.5843288
0.17916273
-0.15568958
-0.05031494
-0.28398654
-0.8501329
1.1360801
1.0129653
-0.38444015
0.84019035
-0.20109823
-0.08028683
0.6288961
0.0024796254
0.7848683
0.7164628
-0.5767761
-0.20269892
0.912679
0.479402
-0.16385597
0.17236103
0.026658582
0.38796878
0.3790825
-0.6515538
-1.0191805
0.6582648
0.6143937
0.96742326
-0.20240776
0.39358974
0.07095411
-0.20796777
0.04095582
-0.2185135
-0.4978346
-0.40786812
-0.6451686
0.37540826
0.20634437
0.937224
0.21504194
0.61240774
-0.3715393
-0.10712451
0.48214382
0.82897675
-1.24076
